{"type":"FeatureCollection","features":[
{"type":"Feature","geometry":{"type":"Point","coordinates":[-0.4841573,27.9763317]},"properties":{"id":1,"post_code":"01001","name":"Adrar","name_ar":"أدرار","daira":"Adrar","daira_ar":"أدرار","wilaya_code":1}},
{"type":"Feature","geometry":{"type":"Point","coordinates":[-0.2807673,27.4257197]},"properties":{"id":2,"post_code":"01002","name":"Tamest","name_ar":"تأماست","daira":"Fenoughil","daira_ar":"فنوغيل","wilaya_code":1}},
{"type":"Feature","geometry":{"type":"Point","coordinates":[-0.2690792,29.0189483]},"properties":{"id":3,"post_code":"49003","name":"Charouine","name_ar":"شروين","daira":"Charouine","daira_ar":"شروين","wilaya_code":49}},
{"type":"Feature","geometry":{"type":"Point","coordinates":[-4.3665328,25.4775826]},"properties":{"id":4,"post_code":"01004","name":"Reggane","name_ar":"رڨان","daira":"Reggane","daira_ar":"رقان","wilaya_code":1}},
{"type":"Feature","geometry":{"type":"Point","coordinates":[-6.2522230,25.8711501]},"properties":{"id":5,"post_code":"01005","name":"In Zghmir","name_ar":"ان زغمير","daira":"Zaouiat Kounta","daira_ar":"زاوية كنتة","wilaya_code":1}},
{"type":"Feature","geometry":{"type":"Point","coordinates":[1.4818240,26.9368382]},"properties":{"id":6,"post_code":"01006","name":"Tit","name_ar":"تــيـــت","daira":"Aoulef","daira_ar":"أولف","wilaya_code":1}},
{"type":"Feature","geometry":{"type":"Point","coordinates":[0.3643512,29.5798013]},"properties":{"id":7,"post_code":"49007","name":"Ksar Kaddour","name_ar":"قصر قدور","daira":"Tinerkouk","daira_ar":"تنركوك","wilaya_code":49}},
{"type":"Feature","geometry":{"type":"Point","coordinates":[-0.2255095,28.3533514]},"properties":{"id":8,"post_code":"01008","name":"Tsabit","name_ar":"تسابيت","daira":"Tsabit","daira_ar":"تسابيت","wilaya_code":1}},
{"type":"Feature","geometry":{"type":"Point","coordinates":[0.2186530,29.2536341]},"properties":{"id":9,"post_code":"49009","name":"Timimoun","name_ar":"تيميمون","daira":"Timimoun","daira_ar":"تيميمون","wilaya_code":49}},
{"type":"Feature","geometry":{"type":"Point","coordinates":[0.2254341,29.4217292]},"properties":{"id":10,"post_code":"49010","name":"Ouled Said","name_ar":"أولاد سعيد","daira":"Timimoun","daira_ar":"تيميمون","wilaya_code":49}},
{"type":"Feature","geometry":{"type":"Point","coordinates":[-0.2202846,27.2293681]},"properties":{"id":11,"post_code":"01011","name":"Zaouiet Kounta","name_ar":"زاوية كنتة","daira":"Zaouiat Kounta","daira_ar":"زاوية كنتة","wilaya_code":1}},
{"type":"Feature","geometry":{"type":"Point","coordinates":[1.0594510,26.9710733]},"properties":{"id":12,"post_code":"01012","name":"Aoulef","name_ar":"أولف","daira":"Aoulef","daira_ar":"أولف","wilaya_code":1}},
{"type":"Feature","geometry":{"type":"Point","coordinates":[1.0255048,27.0221605]},"properties":{"id":13,"post_code":"01013","name":"Timokten","name_ar":"تيمقتن","daira":"Aoulef","daira_ar":"أولف","wilaya_code":1}},
{"type":"Feature","geometry":{"type":"Point","coordinates":[-0.2722121,27.7645570]},"properties":{"id":14,"post_code":"01014","name":"Tamentit","name_ar":"تامنطيت","daira":"Fenoughil","daira_ar":"فنوغيل","wilaya_code":1}},
{"type":"Feature","geometry":{"type":"Point","coordinates":[-0.3155995,27.6489014]},"properties":{"id":15,"post_code":"01015","name":"Fenoughil","name_ar":"فنوغيل","daira":"Fenoughil","daira_ar":"فنوغيل","wilaya_code":1}},
{"type":"Feature","geometry":{"type":"Point","coordinates":[0.6955288,29.7087770]},"properties":{"id":16,"post_code":"49016","name":"Tinerkouk","name_ar":"زاوية دباغ","daira":"Tinerkouk","daira_ar":"تنركوك","wilaya_code":49}},
{"type":"Feature","geometry":{"type":"Point","coordinates":[3.2543828,34.2080511]},"properties":{"id":17,"post_code":"49017","name":"Deldoul","name_ar":"دﻟﺪول","daira":"Aougrout","daira_ar":"أوقروت","wilaya_code":49}},
{"type":"Feature","geometry":{"type":"Point","coordinates":[-2.8517184,26.7370315]},"properties":{"id":18,"post_code":"01018","name":"Sali","name_ar":"سالى","daira":"Reggane","daira_ar":"رقان","wilaya_code":1}},
{"type":"Feature","geometry":{"type":"Point","coordinates":[1.3448380,26.7057062]},"properties":{"id":19,"post_code":"01019","name":"Akabli","name_ar":"أقبلي","daira":"Aoulef","daira_ar":"أولف","wilaya_code":1}},
{"type":"Feature","geometry":{"type":"Point","coordinates":[-0.1587011,28.5978205]},"properties":{"id":20,"post_code":"49020","name":"Metarfa","name_ar":"المطارفة","daira":"Aougrout","daira_ar":"أوقروت","wilaya_code":49}},
{"type":"Feature","geometry":{"type":"Point","coordinates":[-0.2039600,27.9766155]},"properties":{"id":21,"post_code":"01021","name":"Ouled Ahmed Tammi","name_ar":"أولاد أحمد تيمى","daira":"Adrar","daira_ar":"أدرار","wilaya_code":1}},
{"type":"Feature","geometry":{"type":"Point","coordinates":[-0.4533424,27.9779233]},"properties":{"id":22,"post_code":"01022","name":"Bouda","name_ar":"بودة","daira":"Adrar","daira_ar":"أدرار","wilaya_code":1}},
{"type":"Feature","geometry":{"type":"Point","coordinates":[0.2412452,28.7499992]},"properties":{"id":23,"post_code":"49023","name":"Aougrout","name_ar":"أوقروت","daira":"Aougrout","daira_ar":"أوقروت","wilaya_code":49}},
{"type":"Feature","geometry":{"type":"Point","coordinates":[-0.2039600,27.9766155]},"properties":{"id":24,"post_code":"49024","name":"Talmine","name_ar":"طالمين","daira":"Charouine","daira_ar":"شروين","wilaya_code":49}},
{"type":"Feature","geometry":{"type":"Point","coordinates":[-3.9464220,22.9676154]},"properties":{"id":25,"post_code":"50025","name":"Bordj Badji Mokhtar","name_ar":"برج باجي مختار","daira":"Bordj Badji Mokhtar","daira_ar":"برج باجي مختار","wilaya_code":50}},
{"type":"Feature","geometry":{"type":"Point","coordinates":[-0.1862527,28.2112372]},"properties":{"id":26,"post_code":"01026","name":"Sbaa","name_ar":"السبع","daira":"Tsabit","daira_ar":"تسابيت","wilaya_code":1}},
{"type":"Feature","geometry":{"type":"Point","coordinates":[-0.1045420,29.4201586]},"properties":{"id":27,"post_code":"49027","name":"Ouled Aissa","name_ar":"أولاد عيسى","daira":"Charouine","daira_ar":"شروين","wilaya_code":49}},
{"type":"Feature","geometry":{"type":"Point","coordinates":[0.7958642,20.9259001]},"properties":{"id":28,"post_code":"50028","name":"Timiaouine","name_ar":"تيمياوين","daira":"Bordj Badji Mokhtar","daira_ar":"برج باجي مختار","wilaya_code":50}},
{"type":"Feature","geometry":{"type":"Point","coordinates":[1.2838598,36.1691042]},"properties":{"id":29,"post_code":"02001","name":"Chlef","name_ar":"الشلف","daira":"Chlef","daira_ar":"الشلف","wilaya_code":2}},
{"type":"Feature","geometry":{"type":"Point","coordinates":[1.2426542,36.5083240]},"properties":{"id":30,"post_code":"02002","name":"Tenes","name_ar":"تنس","daira":"Tenes","daira_ar":"تنس","wilaya_code":2}},
{"type":"Feature","geometry":{"type":"Point","coordinates":[1.3150523,36.3849733]},"properties":{"id":31,"post_code":"02003","name":"Benairia","name_ar":"بنايرية","daira":"Zeboudja","daira_ar":"الزبوجة","wilaya_code":2}},
{"type":"Feature","geometry":{"type":"Point","coordinates":[1.5112398,36.0774092]},"properties":{"id":32,"post_code":"02004","name":"El Karimia","name_ar":"الكريمية","daira":"El Karimia","daira_ar":"الكريمية","wilaya_code":2}},
{"type":"Feature","geometry":{"type":"Point","coordinates":[1.1303901,36.3240803]},"properties":{"id":33,"post_code":"02005","name":"Tadjna","name_ar":"تاجنة","daira":"Abou El Hassane","daira_ar":"أبو الحسن","wilaya_code":2}},
{"type":"Feature","geometry":{"type":"Point","coordinates":[0.8993445,36.2460876]},"properties":{"id":34,"post_code":"02006","name":"Taougrite","name_ar":"تاوقريت","daira":"Taougrit","daira_ar":"تاوقريت","wilaya_code":2}},
{"type":"Feature","geometry":{"type":"Point","coordinates":[1.5198873,36.4938241]},"properties":{"id":35,"post_code":"02007","name":"Beni Haoua","name_ar":"بني حواء","daira":"Beni Haoua","daira_ar":"بني حواء","wilaya_code":2}},
{"type":"Feature","geometry":{"type":"Point","coordinates":[1.1017012,36.1084781]},"properties":{"id":36,"post_code":"02008","name":"Sobha","name_ar":"صبحة","daira":"Boukadir","daira_ar":"بوقادير","wilaya_code":2}},
{"type":"Feature","geometry":{"type":"Point","coordinates":[1.4187143,36.1184786]},"properties":{"id":37,"post_code":"02009","name":"Harchoun","name_ar":"حرشون","daira":"El Karimia","daira_ar":"الكريمية","wilaya_code":2}},
{"type":"Feature","geometry":{"type":"Point","coordinates":[1.0951463,36.2302131]},"properties":{"id":38,"post_code":"02010","name":"Ouled Fares","name_ar":"أولاد فارس","daira":"Ouled Fares","daira_ar":"أولاد فارس","wilaya_code":2}},
{"type":"Feature","geometry":{"type":"Point","coordinates":[1.2554858,36.4357802]},"properties":{"id":39,"post_code":"02011","name":"Sidi Akacha","name_ar":"سيدي عكاشة","daira":"Tenes","daira_ar":"تنس","wilaya_code":2}},
{"type":"Feature","geometry":{"type":"Point","coordinates":[1.1083316,36.0617947]},"properties":{"id":40,"post_code":"02012","name":"Boukadir","name_ar":"بوقدير","daira":"Boukadir","daira_ar":"بوقادير","wilaya_code":2}},
{"type":"Feature","geometry":{"type":"Point","coordinates":[1.4611361,36.2930145]},"properties":{"id":41,"post_code":"02013","name":"Beni Rached","name_ar":"بني راشد","daira":"Oued Fodda","daira_ar":"وادي الفضة","wilaya_code":2}},
{"type":"Feature","geometry":{"type":"Point","coordinates":[1.0790634,36.4266341]},"properties":{"id":42,"post_code":"02014","name":"Talassa","name_ar":"تلعصة","daira":"Abou El Hassane","daira_ar":"أبو الحسن","wilaya_code":2}},
{"type":"Feature","geometry":{"type":"Point","coordinates":[1.0440444,36.2438569]},"properties":{"id":43,"post_code":"02015","name":"Herenfa","name_ar":"الهرنفة","daira":"Ain Merane","daira_ar":"عين مران","wilaya_code":2}},
{"type":"Feature","geometry":{"type":"Point","coordinates":[1.3928579,36.4949721]},"properties":{"id":44,"post_code":"02016","name":"Oued Goussine","name_ar":"واد ڨوسين","daira":"Beni Haoua","daira_ar":"بني حواء","wilaya_code":2}},
{"type":"Feature","geometry":{"type":"Point","coordinates":[0.8432006,36.2551398]},"properties":{"id":45,"post_code":"02017","name":"Dahra","name_ar":"الظهرة","daira":"Taougrit","daira_ar":"تاوقريت","wilaya_code":2}},
{"type":"Feature","geometry":{"type":"Point","coordinates":[1.4578336,36.2139534]},"properties":{"id":46,"post_code":"02018","name":"Ouled Abbes","name_ar":"أولاد عباس","daira":"Oued Fodda","daira_ar":"وادي الفضة","wilaya_code":2}},
{"type":"Feature","geometry":{"type":"Point","coordinates":[1.2713566,36.0396831]},"properties":{"id":47,"post_code":"02019","name":"Sendjas","name_ar":"سنجاس","daira":"Chlef","daira_ar":"الشلف","wilaya_code":2}},
{"type":"Feature","geometry":{"type":"Point","coordinates":[1.3907765,36.3910799]},"properties":{"id":48,"post_code":"02020","name":"Zeboudja","name_ar":"الزبوجة","daira":"Zeboudja","daira_ar":"الزبوجة","wilaya_code":2}},
{"type":"Feature","geometry":{"type":"Point","coordinates":[1.1443351,36.0806537]},"properties":{"id":49,"post_code":"02021","name":"Oued Sly","name_ar":"واد سلي","daira":"Boukadir","daira_ar":"بوقادير","wilaya_code":2}},
{"type":"Feature","geometry":{"type":"Point","coordinates":[1.1184571,36.4078750]},"properties":{"id":50,"post_code":"02022","name":"Abou El Hassen","name_ar":"أبو الحسن","daira":"Abou El Hassane","daira_ar":"أبو الحسن","wilaya_code":2}},
{"type":"Feature","geometry":{"type":"Point","coordinates":[0.7225120,36.2599947]},"properties":{"id":51,"post_code":"02023","name":"El Marsa","name_ar":"المرصى","daira":"El Marsa","daira_ar":"المرسى","wilaya_code":2}},
{"type":"Feature","geometry":{"type":"Point","coordinates":[1.1791394,36.1782742]},"properties":{"id":52,"post_code":"02024","name":"Chettia","name_ar":"الشطية","daira":"Ouled Fares","daira_ar":"أولاد فارس","wilaya_code":2}},
{"type":"Feature","geometry":{"type":"Point","coordinates":[1.0492304,36.4236714]},"properties":{"id":53,"post_code":"02025","name":"Sidi Abderrahmane","name_ar":"سيدي عبد الرحمان","daira":"Tenes","daira_ar":"تنس","wilaya_code":2}},
{"type":"Feature","geometry":{"type":"Point","coordinates":[1.0004317,36.3521334]},"properties":{"id":54,"post_code":"02026","name":"Moussadek","name_ar":"مصدق","daira":"El Marsa","daira_ar":"المرسى","wilaya_code":2}},
{"type":"Feature","geometry":{"type":"Point","coordinates":[1.5389670,35.6908338]},"properties":{"id":55,"post_code":"02027","name":"El Hadjadj","name_ar":"الحجاج","daira":"Ouled Ben Abdelkader","daira_ar":"أولاد بن عبد القادر","wilaya_code":2}},
{"type":"Feature","geometry":{"type":"Point","coordinates":[1.3325618,36.2682804]},"properties":{"id":56,"post_code":"02028","name":"Labiod Medjadja","name_ar":"الأبيض مجاجة","daira":"Ouled Fares","daira_ar":"أولاد فارس","wilaya_code":2}},
{"type":"Feature","geometry":{"type":"Point","coordinates":[1.4672731,36.1995109]},"properties":{"id":57,"post_code":"02029","name":"Oued Fodda","name_ar":"واد الفضة","daira":"Oued Fodda","daira_ar":"وادي الفضة","wilaya_code":2}},
{"type":"Feature","geometry":{"type":"Point","coordinates":[1.1920490,35.9670371]},"properties":{"id":58,"post_code":"02030","name":"Ouled Ben Abdelkader","name_ar":"أولاد بن عبد القادر","daira":"Ouled Ben Abdelkader","daira_ar":"أولاد بن عبد القادر","wilaya_code":2}},
{"type":"Feature","geometry":{"type":"Point","coordinates":[1.1871646,36.3604333]},"properties":{"id":59,"post_code":"02031","name":"Bouzghaia","name_ar":"بوزغاية","daira":"Zeboudja","daira_ar":"الزبوجة","wilaya_code":2}},
{"type":"Feature","geometry":{"type":"Point","coordinates":[0.9651016,36.1625642]},"properties":{"id":60,"post_code":"02032","name":"Ain Merane","name_ar":"عين مران","daira":"Ain Merane","daira_ar":"عين مران","wilaya_code":2}},
{"type":"Feature","geometry":{"type":"Point","coordinates":[1.3460801,36.2034869]},"properties":{"id":61,"post_code":"02033","name":"Oum Drou","name_ar":"أم الذروع","daira":"Chlef","daira_ar":"الشلف","wilaya_code":2}},
{"type":"Feature","geometry":{"type":"Point","coordinates":[1.5221188,36.4476233]},"properties":{"id":62,"post_code":"02034","name":"Breira","name_ar":"بريرة","daira":"Beni Haoua","daira_ar":"بني حواء","wilaya_code":2}},
{"type":"Feature","geometry":{"type":"Point","coordinates":[1.5589402,35.9895844]},"properties":{"id":63,"post_code":"02035","name":"Beni Bouateb","name_ar":"بني بوعتاب","daira":"El Karimia","daira_ar":"الكريمية","wilaya_code":2}},
{"type":"Feature","geometry":{"type":"Point","coordinates":[2.8368501,33.7939523]},"properties":{"id":64,"post_code":"03001","name":"Laghouat","name_ar":"الأغواط","daira":"Laghouat","daira_ar":"الأغواط","wilaya_code":3}},
{"type":"Feature","geometry":{"type":"Point","coordinates":[3.1193660,33.7855481]},"properties":{"id":65,"post_code":"03002","name":"Ksar El Hirane","name_ar":"قصر الحيران","daira":"Ksar El Hirane","daira_ar":"قصر الحيران","wilaya_code":3}},
{"type":"Feature","geometry":{"type":"Point","coordinates":[2.9939138,33.7522913]},"properties":{"id":66,"post_code":"03003","name":"Benacer Ben Chohra","name_ar":"بن ناصر بن شهرة","daira":"Ksar El Hirane","daira_ar":"قصر الحيران","wilaya_code":3}},
{"type":"Feature","geometry":{"type":"Point","coordinates":[3.0060262,34.1276242]},"properties":{"id":67,"post_code":"03004","name":"Sidi Makhlouf","name_ar":"سيدي مخلوف","daira":"Sidi Makhlouf","daira_ar":"سيدي مخلوف","wilaya_code":3}},
{"type":"Feature","geometry":{"type":"Point","coordinates":[3.5410309,33.4154299]},"properties":{"id":68,"post_code":"03005","name":"Hassi Delaa","name_ar":"حاسي دلاعة","daira":"Hassi R'mel","daira_ar":"حاسي الرمل","wilaya_code":3}},
{"type":"Feature","geometry":{"type":"Point","coordinates":[3.2443135,32.9412958]},"properties":{"id":69,"post_code":"03006","name":"Hassi R'Mel","name_ar":"حاسي الرمل","daira":"Hassi R'mel","daira_ar":"حاسي الرمل","wilaya_code":3}},
{"type":"Feature","geometry":{"type":"Point","coordinates":[2.2924947,33.7955179]},"properties":{"id":70,"post_code":"03007","name":"Ain Mahdi","name_ar":"عــيــن مـــاضــي","daira":"Ain Madhi","daira_ar":"عين ماضي","wilaya_code":3}},
{"type":"Feature","geometry":{"type":"Point","coordinates":[2.5234705,33.8376241]},"properties":{"id":71,"post_code":"03008","name":"Tadjmout","name_ar":"تاجموت","daira":"Ain Madhi","daira_ar":"عين ماضي","wilaya_code":3}},
{"type":"Feature","geometry":{"type":"Point","coordinates":[2.7841758,33.7441108]},"properties":{"id":72,"post_code":"03009","name":"El Kheneg","name_ar":"الخنق","daira":"Ain Madhi","daira_ar":"عين ماضي","wilaya_code":3}},
{"type":"Feature","geometry":{"type":"Point","coordinates":[1.9323492,34.2983511]},"properties":{"id":73,"post_code":"59010","name":"Gueltat Sidi Saad","name_ar":"قلتة سيدي سعد","daira":"Gueltat Sidi Saad","daira_ar":"قتلة سيدي سعيد","wilaya_code":59}},
{"type":"Feature","geometry":{"type":"Point","coordinates":[1.5412452,34.1666661]},"properties":{"id":74,"post_code":"59011","name":"Ain Sidi Ali","name_ar":"عين سيدي علي","daira":"Gueltat Sidi Saad","daira_ar":"قتلة سيدي سعيد","wilaya_code":59}},
{"type":"Feature","geometry":{"type":"Point","coordinates":[2.8829115,33.7873735]},"properties":{"id":75,"post_code":"59012","name":"Beidha","name_ar":"بيضاء","daira":null,"daira_ar":null,"wilaya_code":59}},
{"type":"Feature","geometry":{"type":"Point","coordinates":[1.7465471,33.9495922]},"properties":{"id":76,"post_code":"59013","name":"Brida","name_ar":"بريدة","daira":"Brida","daira_ar":"بريدة","wilaya_code":59}},
{"type":"Feature","geometry":{"type":"Point","coordinates":[2.1396303,33.9297719]},"properties":{"id":77,"post_code":"59014","name":"El Ghicha","name_ar":"الغيشة","daira":"El Ghicha","daira_ar":"الغيشة","wilaya_code":59}},
{"type":"Feature","geometry":{"type":"Point","coordinates":[1.5908605,33.9572842]},"properties":{"id":78,"post_code":"03015","name":"Hadj Mechri","name_ar":"الحاج المشري","daira":"Brida","daira_ar":"بريدة","wilaya_code":59}},
{"type":"Feature","geometry":{"type":"Point","coordinates":[1.9293458,34.0285379]},"properties":{"id":79,"post_code":"59016","name":"Sebgag","name_ar":"سبقاق","daira":"Aflou","daira_ar":"أفلو","wilaya_code":59}},
{"type":"Feature","geometry":{"type":"Point","coordinates":[1.8530845,33.8715595]},"properties":{"id":80,"post_code":"03017","name":"Taouiala","name_ar":"تاويالة","daira":"Brida","daira_ar":"بريدة","wilaya_code":59}},
{"type":"Feature","geometry":{"type":"Point","coordinates":[2.0924622,33.5036312]},"properties":{"id":81,"post_code":"03018","name":"Tadjrouna","name_ar":"تاجرونة","daira":"Ain Madhi","daira_ar":"عين ماضي","wilaya_code":3}},
{"type":"Feature","geometry":{"type":"Point","coordinates":[2.0835167,34.1121156]},"properties":{"id":82,"post_code":"59019","name":"Aflou","name_ar":"أفلو","daira":"Aflou","daira_ar":"أفلو","wilaya_code":59}},
{"type":"Feature","geometry":{"type":"Point","coordinates":[2.9816293,33.8269722]},"properties":{"id":83,"post_code":"03020","name":"El Assafia","name_ar":"العسافية","daira":"Sidi Makhlouf","daira_ar":"سيدي مخلوف","wilaya_code":3}},
{"type":"Feature","geometry":{"type":"Point","coordinates":[2.3079121,34.1666661]},"properties":{"id":84,"post_code":"59021","name":"Oued Morra","name_ar":"وادي مرة","daira":"Oued Morra","daira_ar":"وادي مرة","wilaya_code":59}},
{"type":"Feature","geometry":{"type":"Point","coordinates":[2.4231133,33.9410427]},"properties":{"id":85,"post_code":"03022","name":"Oued M'Zi","name_ar":"وادي مزي","daira":"Oued Morra","daira_ar":"وادي مرة","wilaya_code":59}},
{"type":"Feature","geometry":{"type":"Point","coordinates":[10.9904863,37.0505755]},"properties":{"id":86,"post_code":"03023","name":"El Haouaita","name_ar":"الهوارية","daira":"Ain Madhi","daira_ar":"عين ماضي","wilaya_code":3}},
{"type":"Feature","geometry":{"type":"Point","coordinates":[9.4595281,35.0363883]},"properties":{"id":87,"post_code":"59024","name":"Sidi Bouzid","name_ar":"سيدي بوزيد","daira":null,"daira_ar":null,"wilaya_code":59}},
{"type":"Feature","geometry":{"type":"Point","coordinates":[7.0830052,35.8725963]},"properties":{"id":88,"post_code":"04001","name":"Oum El Bouaghi","name_ar":"أم البواقي","daira":"Oum El Bouaghi","daira_ar":"أم البواقي","wilaya_code":4}},
{"type":"Feature","geometry":{"type":"Point","coordinates":[7.3338883,35.7948292]},"properties":{"id":89,"post_code":"04002","name":"Ain Beida","name_ar":"عين البيضاء","daira":"Ain Beida","daira_ar":"عين البيضاء","wilaya_code":4}},
{"type":"Feature","geometry":{"type":"Point","coordinates":[6.4239017,36.0260869]},"properties":{"id":90,"post_code":"04003","name":"Ain M'lila","name_ar":"عين مليلة","daira":"Ain M'lila","daira_ar":"عين مليلة","wilaya_code":4}},
{"type":"Feature","geometry":{"type":"Point","coordinates":[7.7132713,35.7937891]},"properties":{"id":91,"post_code":"04004","name":"Behir Chergui","name_ar":"بحير الشرڨي","daira":"Meskiana","daira_ar":"مسكيانة","wilaya_code":4}},
{"type":"Feature","geometry":{"type":"Point","coordinates":[6.9026434,36.1101777]},"properties":{"id":92,"post_code":"04005","name":"El Amiria","name_ar":"العامرية","daira":"Sigus","daira_ar":"سيقوس","wilaya_code":4}},
{"type":"Feature","geometry":{"type":"Point","coordinates":[6.6036740,36.1085199]},"properties":{"id":93,"post_code":"04006","name":"Sigus","name_ar":"سيقوس","daira":"Sigus","daira_ar":"سيقوس","wilaya_code":4}},
{"type":"Feature","geometry":{"type":"Point","coordinates":[7.7837598,35.6660914]},"properties":{"id":94,"post_code":"04007","name":"El Belala","name_ar":"البلالة","daira":"Meskiana","daira_ar":"مسكيانة","wilaya_code":4}},
{"type":"Feature","geometry":{"type":"Point","coordinates":[7.1751022,35.9402286]},"properties":{"id":95,"post_code":"04008","name":"Ain Babouche","name_ar":"عين بابوش","daira":"Ain Babouche","daira_ar":"عين ببوش","wilaya_code":4}},
{"type":"Feature","geometry":{"type":"Point","coordinates":[7.3676848,35.9155816]},"properties":{"id":96,"post_code":"04009","name":"Berriche","name_ar":"بريش","daira":"Ain Beida","daira_ar":"عين البيضاء","wilaya_code":4}},
{"type":"Feature","geometry":{"type":"Point","coordinates":[6.3334038,36.0811426]},"properties":{"id":97,"post_code":"04010","name":"Ouled Hamla","name_ar":"أولاد حملة","daira":"Ain M'lila","daira_ar":"عين مليلة","wilaya_code":4}},
{"type":"Feature","geometry":{"type":"Point","coordinates":[7.5379943,35.4610885]},"properties":{"id":98,"post_code":"04011","name":"Dhala","name_ar":"الضلعة","daira":"Dhalaa","daira_ar":"الضلعة","wilaya_code":4}},
{"type":"Feature","geometry":{"type":"Point","coordinates":[6.6811426,35.9275632]},"properties":{"id":99,"post_code":"04012","name":"Ain Kercha","name_ar":"عين كرشة","daira":"Ain Kercha","daira_ar":"عين كرشة","wilaya_code":4}},
{"type":"Feature","geometry":{"type":"Point","coordinates":[6.7319584,35.9371712]},"properties":{"id":100,"post_code":"04013","name":"Hanchir Toumghani","name_ar":"هنشير تومغني","daira":"Ain Kercha","daira_ar":"عين كرشة","wilaya_code":4}},
{"type":"Feature","geometry":{"type":"Point","coordinates":[7.5030506,35.6634730]},"properties":{"id":101,"post_code":"04014","name":"El Djazia","name_ar":"الجازيـــــــة","daira":"Dhalaa","daira_ar":"الضلعة","wilaya_code":4}},
{"type":"Feature","geometry":{"type":"Point","coordinates":[7.2888545,35.8101391]},"properties":{"id":102,"post_code":"04015","name":"Ain Diss","name_ar":"عين الديس","daira":"Ain Babouche","daira_ar":"عين ببوش","wilaya_code":4}},
{"type":"Feature","geometry":{"type":"Point","coordinates":[7.2909736,35.6638941]},"properties":{"id":103,"post_code":"04016","name":"Fkirina","name_ar":"فكرينة","daira":"F'kirina","daira_ar":"فكيرينة","wilaya_code":4}},
{"type":"Feature","geometry":{"type":"Point","coordinates":[6.2583772,35.9392400]},"properties":{"id":104,"post_code":"04017","name":"Souk Naamane","name_ar":"سوق نعمان","daira":"Souk Naamane","daira_ar":"سوق نعمان","wilaya_code":4}},
{"type":"Feature","geometry":{"type":"Point","coordinates":[7.1180248,35.8726014]},"properties":{"id":105,"post_code":"04018","name":"Zorg","name_ar":"الزرڨ","daira":"Ain Beida","daira_ar":"عين البيضاء","wilaya_code":4}},
{"type":"Feature","geometry":{"type":"Point","coordinates":[6.8162978,35.7094090]},"properties":{"id":106,"post_code":"04019","name":"El Fedjoudj Boughrara Saoudi","name_ar":"الفجوج بوغرارة سعودى","daira":"Ain Fekroun","daira_ar":"عين فكرون","wilaya_code":4}},
{"type":"Feature","geometry":{"type":"Point","coordinates":[6.3821021,35.8556626]},"properties":{"id":107,"post_code":"04020","name":"Ouled Zouai","name_ar":"أولاد زواي","daira":"Souk Naamane","daira_ar":"سوق نعمان","wilaya_code":4}},
{"type":"Feature","geometry":{"type":"Point","coordinates":[6.1753867,35.9007146]},"properties":{"id":108,"post_code":"04021","name":"Bir Chouhada","name_ar":"بئر الشهداء","daira":"Souk Naamane","daira_ar":"سوق نعمان","wilaya_code":4}},
{"type":"Feature","geometry":{"type":"Point","coordinates":[7.2502040,36.0820976]},"properties":{"id":109,"post_code":"04022","name":"Ksar Sbahi","name_ar":"قصر صباحي","daira":"Ksar Sbahi","daira_ar":"قصر الصباحي","wilaya_code":4}},
{"type":"Feature","geometry":{"type":"Point","coordinates":[7.3377513,35.5716976]},"properties":{"id":110,"post_code":"04023","name":"Oued Nini","name_ar":"وادي نيني","daira":"F'kirina","daira_ar":"فكيرينة","wilaya_code":4}},
{"type":"Feature","geometry":{"type":"Point","coordinates":[7.6523636,35.6297416]},"properties":{"id":111,"post_code":"04024","name":"Meskiana","name_ar":"مسكيانة","daira":"Meskiana","daira_ar":"مسكيانة","wilaya_code":4}},
{"type":"Feature","geometry":{"type":"Point","coordinates":[6.8519820,35.9745986]},"properties":{"id":112,"post_code":"04025","name":"Ain Fekroune","name_ar":"عين فكرون","daira":"Ain Fekroun","daira_ar":"عين فكرون","wilaya_code":4}},
{"type":"Feature","geometry":{"type":"Point","coordinates":[7.6579122,35.7166662]},"properties":{"id":113,"post_code":"04026","name":"Rahia","name_ar":"الراحية","daira":"Meskiana","daira_ar":"مسكيانة","wilaya_code":4}},
{"type":"Feature","geometry":{"type":"Point","coordinates":[6.9309782,35.6841587]},"properties":{"id":114,"post_code":"04027","name":"Ain Zitoun","name_ar":"عين الزيتون","daira":"Oum El Bouaghi","daira_ar":"أم البواقي","wilaya_code":4}},
{"type":"Feature","geometry":{"type":"Point","coordinates":[6.6594743,36.0328844]},"properties":{"id":115,"post_code":"04028","name":"Ouled Gacem","name_ar":"أولاد ڨاسم","daira":"Ain M'lila","daira_ar":"عين مليلة","wilaya_code":4}},
{"type":"Feature","geometry":{"type":"Point","coordinates":[6.6176749,35.9257478]},"properties":{"id":116,"post_code":"04029","name":"El Harmilia","name_ar":"الحرملية","daira":"Ain Kercha","daira_ar":"عين كرشة","wilaya_code":4}},
{"type":"Feature","geometry":{"type":"Point","coordinates":[6.1083422,35.5784266]},"properties":{"id":117,"post_code":"05001","name":"Batna","name_ar":"باتنة","daira":"Batna","daira_ar":"باتنة","wilaya_code":5}},
{"type":"Feature","geometry":{"type":"Point","coordinates":[6.1563323,35.0629605]},"properties":{"id":118,"post_code":"05002","name":"Ghassira","name_ar":"غسيرة","daira":"Tkout","daira_ar":"تكوت","wilaya_code":5}},
{"type":"Feature","geometry":{"type":"Point","coordinates":[5.8156273,35.2770359]},"properties":{"id":119,"post_code":"05003","name":"Maafa","name_ar":"معافة","daira":"Ain Touta","daira_ar":"عين التوتة","wilaya_code":5}},
{"type":"Feature","geometry":{"type":"Point","coordinates":[5.8172903,35.6417881]},"properties":{"id":120,"post_code":"05004","name":"Merouana","name_ar":"مروانة","daira":"Merouana","daira_ar":"مروانة","wilaya_code":5}},
{"type":"Feature","geometry":{"type":"Point","coordinates":[6.1270640,35.7161562]},"properties":{"id":121,"post_code":"05005","name":"Seriana","name_ar":"سريانة","daira":"Seriana","daira_ar":"سريانة","wilaya_code":5}},
{"type":"Feature","geometry":{"type":"Point","coordinates":[5.9981034,35.1373236]},"properties":{"id":122,"post_code":"05006","name":"Menaa","name_ar":"منعة","daira":"Menaa","daira_ar":"منعة","wilaya_code":5}},
{"type":"Feature","geometry":{"type":"Point","coordinates":[6.3042185,35.6392974]},"properties":{"id":123,"post_code":"60007","name":"El Madher","name_ar":"المعذر","daira":"El Madher","daira_ar":"المعذر","wilaya_code":5}},
{"type":"Feature","geometry":{"type":"Point","coordinates":[6.1694644,35.4703620]},"properties":{"id":124,"post_code":"05008","name":"Tazoult","name_ar":"تازولت","daira":"Tazoult","daira_ar":"تازولت","wilaya_code":5}},
{"type":"Feature","geometry":{"type":"Point","coordinates":[5.5189965,35.5525842]},"properties":{"id":125,"post_code":"05009","name":"Ngaous","name_ar":"نڨاوس","daira":"N'gaous","daira_ar":"نقاوس","wilaya_code":5}},
{"type":"Feature","geometry":{"type":"Point","coordinates":[5.5352956,35.7407753]},"properties":{"id":126,"post_code":"05010","name":"Guigba","name_ar":"قيقبة","daira":"Ras El Aioun","daira_ar":"رأس العيون","wilaya_code":5}},
{"type":"Feature","geometry":{"type":"Point","coordinates":[6.4628765,35.2771231]},"properties":{"id":127,"post_code":"05011","name":"Inoughissen","name_ar":"إينوغيسن","daira":"Ichemoul","daira_ar":"إشمول","wilaya_code":5}},
{"type":"Feature","geometry":{"type":"Point","coordinates":[6.2710449,35.5468473]},"properties":{"id":128,"post_code":"05012","name":"Ouyoun El Assafir","name_ar":"عيون العصافير","daira":"Tazoult","daira_ar":"تازولت","wilaya_code":5}},
{"type":"Feature","geometry":{"type":"Point","coordinates":[6.2267778,35.6853933]},"properties":{"id":129,"post_code":"60013","name":"Djerma","name_ar":"جرمة","daira":"El Madher","daira_ar":"المعذر","wilaya_code":5}},
{"type":"Feature","geometry":{"type":"Point","coordinates":[4.9980505,35.1772246]},"properties":{"id":130,"post_code":"60014","name":"Bitam","name_ar":"بيطام","daira":"Barika","daira_ar":"بريكة","wilaya_code":60}},
{"type":"Feature","geometry":{"type":"Point","coordinates":[4.6952399,35.3233520]},"properties":{"id":131,"post_code":"05015","name":"Metkaouak","name_ar":"عزيل عبد القادر","daira":null,"daira_ar":null,"wilaya_code":60}},
{"type":"Feature","geometry":{"type":"Point","coordinates":[6.2007524,35.3105194]},"properties":{"id":132,"post_code":"05016","name":"Arris","name_ar":"اريس","daira":"Arris","daira_ar":"أريس","wilaya_code":5}},
{"type":"Feature","geometry":{"type":"Point","coordinates":[6.2208802,34.9992137]},"properties":{"id":133,"post_code":"05017","name":"Kimmel","name_ar":"كيمل","daira":"Tkout","daira_ar":"تكوت","wilaya_code":5}},
{"type":"Feature","geometry":{"type":"Point","coordinates":[5.4911366,35.3131323]},"properties":{"id":134,"post_code":"05018","name":"Tilatou","name_ar":"تيلاطو","daira":"Seggana","daira_ar":"سقانة","wilaya_code":60}},
{"type":"Feature","geometry":{"type":"Point","coordinates":[5.9331296,35.8311206]},"properties":{"id":135,"post_code":"05019","name":"Ain Djasser","name_ar":"عين جاسر","daira":"Ain Djasser","daira_ar":"عين جاسر","wilaya_code":5}},
{"type":"Feature","geometry":{"type":"Point","coordinates":[5.7276937,35.8457485]},"properties":{"id":136,"post_code":"05020","name":"Ouled Selam","name_ar":"أولاد سلام","daira":"Ras El Aioun","daira_ar":"رأس العيون","wilaya_code":5}},
{"type":"Feature","geometry":{"type":"Point","coordinates":[5.8212842,35.0765612]},"properties":{"id":137,"post_code":"05021","name":"Tigherghar","name_ar":"تيغرغار","daira":null,"daira_ar":null,"wilaya_code":5}},
{"type":"Feature","geometry":{"type":"Point","coordinates":[6.2679257,35.7864482]},"properties":{"id":138,"post_code":"05022","name":"Ain Yagout","name_ar":"عين ياقوت","daira":"El Madher","daira_ar":"المعذر","wilaya_code":5}},
{"type":"Feature","geometry":{"type":"Point","coordinates":[6.1696788,35.6179227]},"properties":{"id":139,"post_code":"05023","name":"Fesdis","name_ar":"فسديس","daira":"Batna","daira_ar":"باتنة","wilaya_code":5}},
{"type":"Feature","geometry":{"type":"Point","coordinates":[5.5186532,35.4280853]},"properties":{"id":140,"post_code":"05024","name":"Sefiane","name_ar":"سفيان","daira":"N'gaous","daira_ar":"نقاوس","wilaya_code":5}},
{"type":"Feature","geometry":{"type":"Point","coordinates":[5.5571911,35.7257797]},"properties":{"id":141,"post_code":"05025","name":"Rahbat","name_ar":"الرحبات","daira":"Ras El Aioun","daira_ar":"رأس العيون","wilaya_code":5}},
{"type":"Feature","geometry":{"type":"Point","coordinates":[6.2290737,35.1858290]},"properties":{"id":142,"post_code":"05026","name":"Tighanimine","name_ar":"تيغانمين","daira":"Arris","daira_ar":"أريس","wilaya_code":5}},
{"type":"Feature","geometry":{"type":"Point","coordinates":[5.7282516,35.6384911]},"properties":{"id":143,"post_code":"05027","name":"Lemsane","name_ar":"لمسان","daira":null,"daira_ar":null,"wilaya_code":5}},
{"type":"Feature","geometry":{"type":"Point","coordinates":[5.8247576,35.7287290]},"properties":{"id":144,"post_code":"05028","name":"Ksar Belezma","name_ar":"قصر بلازمة","daira":null,"daira_ar":null,"wilaya_code":5}},
{"type":"Feature","geometry":{"type":"Point","coordinates":[5.4071512,35.3380358]},"properties":{"id":145,"post_code":"60029","name":"Seggana","name_ar":"سقانة","daira":"Seggana","daira_ar":"سقانة","wilaya_code":60}},
{"type":"Feature","geometry":{"type":"Point","coordinates":[6.4186737,35.3059756]},"properties":{"id":146,"post_code":"05030","name":"Ichmoul","name_ar":"ايشمول","daira":null,"daira_ar":null,"wilaya_code":5}},
{"type":"Feature","geometry":{"type":"Point","coordinates":[6.4478348,35.3867728]},"properties":{"id":147,"post_code":"05031","name":"Foum Toub","name_ar":"فم الطوب","daira":"Ichemoul","daira_ar":"إشمول","wilaya_code":5}},
{"type":"Feature","geometry":{"type":"Point","coordinates":[5.9300746,35.3790646]},"properties":{"id":148,"post_code":"05032","name":"Beni Foudhala El Hakania","name_ar":"بنى فضالة الحقانية","daira":"Ain Touta","daira_ar":"عين التوتة","wilaya_code":5}},
{"type":"Feature","geometry":{"type":"Point","coordinates":[5.9529350,35.6696259]},"properties":{"id":149,"post_code":"05033","name":"Oued El Ma","name_ar":"واد الماء","daira":"Merouana","daira_ar":"مروانة","wilaya_code":5}},
{"type":"Feature","geometry":{"type":"Point","coordinates":[5.7070515,35.7229120]},"properties":{"id":150,"post_code":"05034","name":"Talkhamt","name_ar":"تالخمت","daira":"Ras El Aioun","daira_ar":"رأس العيون","wilaya_code":5}},
{"type":"Feature","geometry":{"type":"Point","coordinates":[5.9780111,35.2757765]},"properties":{"id":151,"post_code":"05035","name":"Bouzina","name_ar":"بوزينة","daira":"Bouzina","daira_ar":"بوزينة","wilaya_code":5}},
{"type":"Feature","geometry":{"type":"Point","coordinates":[6.4747992,35.6301185]},"properties":{"id":152,"post_code":"05036","name":"Chemora","name_ar":"الشمرة","daira":"Chemora","daira_ar":"الشمرة","wilaya_code":5}},
{"type":"Feature","geometry":{"type":"Point","coordinates":[6.0119650,35.5243377]},"properties":{"id":153,"post_code":"05037","name":"Oued Chaaba","name_ar":"واد الشعبة","daira":"Batna","daira_ar":"باتنة","wilaya_code":5}},
{"type":"Feature","geometry":{"type":"Point","coordinates":[5.7388089,35.5635407]},"properties":{"id":154,"post_code":"05038","name":"Taxlent","name_ar":"تاكسلانت","daira":"Ouled Si Slimane","daira_ar":"أولاد سي سليمان","wilaya_code":5}},
{"type":"Feature","geometry":{"type":"Point","coordinates":[5.3394309,35.6198308]},"properties":{"id":155,"post_code":"05039","name":"Gosbat","name_ar":"القصبات","daira":"Ras El Aioun","daira_ar":"رأس العيون","wilaya_code":5}},
{"type":"Feature","geometry":{"type":"Point","coordinates":[5.7172224,35.4740373]},"properties":{"id":156,"post_code":"05040","name":"Ouled Aouf","name_ar":"أولاد عوف","daira":"Ain Touta","daira_ar":"عين التوتة","wilaya_code":5}},
{"type":"Feature","geometry":{"type":"Point","coordinates":[5.5073234,35.4973671]},"properties":{"id":157,"post_code":"05041","name":"Boumagueur","name_ar":"بــومقر","daira":"N'gaous","daira_ar":"نقاوس","wilaya_code":5}},
{"type":"Feature","geometry":{"type":"Point","coordinates":[5.1424493,35.3698534]},"properties":{"id":158,"post_code":"60042","name":"Barika","name_ar":"بريكة","daira":"Barika","daira_ar":"بريكة","wilaya_code":60}},
{"type":"Feature","geometry":{"type":"Point","coordinates":[5.1947203,35.5180608]},"properties":{"id":159,"post_code":"05043","name":"Djezzar","name_ar":"الجزار","daira":"Djezzar","daira_ar":"الجزار","wilaya_code":60}},
{"type":"Feature","geometry":{"type":"Point","coordinates":[6.2237014,35.1533059]},"properties":{"id":160,"post_code":"05044","name":"Tkout","name_ar":"تكوت","daira":"Tkout","daira_ar":"تكوت","wilaya_code":5}},
{"type":"Feature","geometry":{"type":"Point","coordinates":[5.7540788,35.3640241]},"properties":{"id":161,"post_code":"05045","name":"Ain Touta","name_ar":"عين التوتة","daira":"Ain Touta","daira_ar":"عين التوتة","wilaya_code":5}},
{"type":"Feature","geometry":{"type":"Point","coordinates":[5.7812335,35.5286080]},"properties":{"id":162,"post_code":"05046","name":"Hidoussa","name_ar":"حيدوسة","daira":"Merouana","daira_ar":"مروانة","wilaya_code":5}},
{"type":"Feature","geometry":{"type":"Point","coordinates":[6.1926387,35.2869315]},"properties":{"id":163,"post_code":"05047","name":"Teniet El Abed","name_ar":"نية العابد","daira":"Theniet El Abed","daira_ar":"ثنية العابد","wilaya_code":5}},
{"type":"Feature","geometry":{"type":"Point","coordinates":[6.2379494,35.4185955]},"properties":{"id":164,"post_code":"05048","name":"Oued Taga","name_ar":"وادي الطاقة","daira":"Theniet El Abed","daira_ar":"ثنية العابد","wilaya_code":5}},
{"type":"Feature","geometry":{"type":"Point","coordinates":[6.5402450,35.5552777]},"properties":{"id":165,"post_code":"05049","name":"Ouled Fadel","name_ar":"أولاد فاضل","daira":"Timgad","daira_ar":"تيمقاد","wilaya_code":5}},
{"type":"Feature","geometry":{"type":"Point","coordinates":[6.3713303,35.5269245]},"properties":{"id":166,"post_code":"05050","name":"Timgad","name_ar":"تيمقاد","daira":"Timgad","daira_ar":"تيمقاد","wilaya_code":5}},
{"type":"Feature","geometry":{"type":"Point","coordinates":[5.5340598,35.6547596]},"properties":{"id":167,"post_code":"05051","name":"Ras El Aioun","name_ar":"رأس العيون","daira":"Ras El Aioun","daira_ar":"رأس العيون","wilaya_code":5}},
{"type":"Feature","geometry":{"type":"Point","coordinates":[6.0616610,35.2188390]},"properties":{"id":168,"post_code":"05052","name":"Chir","name_ar":"شير","daira":"Theniet El Abed","daira_ar":"ثنية العابد","wilaya_code":5}},
{"type":"Feature","geometry":{"type":"Point","coordinates":[5.5504885,35.5671114]},"properties":{"id":169,"post_code":"05053","name":"Ouled Si Slimane","name_ar":"أولاد سي سليمان","daira":"Ouled Si Slimane","daira_ar":"أولاد سي سليمان","wilaya_code":5}},
{"type":"Feature","geometry":{"type":"Point","coordinates":[5.9551803,35.7947074]},"properties":{"id":170,"post_code":"05054","name":"Zanat El Beida","name_ar":"زانة البيضاء","daira":null,"daira_ar":null,"wilaya_code":5}},
{"type":"Feature","geometry":{"type":"Point","coordinates":[5.0064721,35.1132204]},"properties":{"id":171,"post_code":"05055","name":"M'doukel","name_ar":"أمدوكال","daira":"Barika","daira_ar":"بريكة","wilaya_code":60}},
{"type":"Feature","geometry":{"type":"Point","coordinates":[5.1226733,35.4637775]},"properties":{"id":172,"post_code":"60056","name":"Ouled Ammar","name_ar":"أولاد عمار","daira":"Djezzar","daira_ar":"الجزار","wilaya_code":60}},
{"type":"Feature","geometry":{"type":"Point","coordinates":[5.8788416,35.7805122]},"properties":{"id":173,"post_code":"05057","name":"El Hassi","name_ar":"الحاسي","daira":"Ain Djasser","daira_ar":"عين جاسر","wilaya_code":5}},
{"type":"Feature","geometry":{"type":"Point","coordinates":[6.2001918,35.8042574]},"properties":{"id":174,"post_code":"05058","name":"Lazrou","name_ar":"لازرو","daira":"Seriana","daira_ar":"سريانة","wilaya_code":5}},
{"type":"Feature","geometry":{"type":"Point","coordinates":[6.3963578,35.7041224]},"properties":{"id":175,"post_code":"05059","name":"Boumia","name_ar":"بومية","daira":"El Madher","daira_ar":"المعذر","wilaya_code":5}},
{"type":"Feature","geometry":{"type":"Point","coordinates":[6.5889619,35.7374798]},"properties":{"id":176,"post_code":"05060","name":"Boulhilat","name_ar":"بولهيلات","daira":"Chemora","daira_ar":"الشمرة","wilaya_code":5}},
{"type":"Feature","geometry":{"type":"Point","coordinates":[3.1033240,36.5787079]},"properties":{"id":177,"post_code":"05061","name":"Larbaa","name_ar":"الاربعاء","daira":"Bouzina","daira_ar":"بوزينة","wilaya_code":5}},
{"type":"Feature","geometry":{"type":"Point","coordinates":[4.9385450,36.7695763]},"properties":{"id":178,"post_code":"06001","name":"Bejaia","name_ar":"بجاية","daira":"Bejaia","daira_ar":"بجاية","wilaya_code":6}},
{"type":"Feature","geometry":{"type":"Point","coordinates":[4.8679708,36.6429158]},"properties":{"id":179,"post_code":"06002","name":"Amizour","name_ar":"اميزور","daira":"Amizour","daira_ar":"أميزور","wilaya_code":6}},
{"type":"Feature","geometry":{"type":"Point","coordinates":[4.8417715,36.5654312]},"properties":{"id":180,"post_code":"06003","name":"Ferraoun","name_ar":"فرعون","daira":"Amizour","daira_ar":"أميزور","wilaya_code":6}},
{"type":"Feature","geometry":{"type":"Point","coordinates":[4.6709356,36.7329317]},"properties":{"id":181,"post_code":"06004","name":"Taourirt Ighil","name_ar":"تاوريرت اغيل","daira":"Adekar","daira_ar":"أدكار","wilaya_code":6}},
{"type":"Feature","geometry":{"type":"Point","coordinates":[4.4892072,36.5079843]},"properties":{"id":182,"post_code":"06005","name":"Chelata","name_ar":"شلاطة","daira":"Akbou","daira_ar":"أقبو","wilaya_code":6}},
{"type":"Feature","geometry":{"type":"Point","coordinates":[4.5814411,36.3916342]},"properties":{"id":183,"post_code":"06006","name":"Tamokra","name_ar":"تامقرة","daira":"Akbou","daira_ar":"أقبو","wilaya_code":6}},
{"type":"Feature","geometry":{"type":"Point","coordinates":[4.7342109,36.6161452]},"properties":{"id":184,"post_code":"06007","name":"Timzrit","name_ar":"تيمزريت","daira":"Timezrit","daira_ar":"تيمزريت","wilaya_code":6}},
{"type":"Feature","geometry":{"type":"Point","coordinates":[5.2777913,36.6150269]},"properties":{"id":185,"post_code":"06008","name":"Souk El Thenine","name_ar":"ﺳﻮق اﻻﺛﻨﻴﻦ","daira":"Souk El Tenine","daira_ar":"سوق الإثنين","wilaya_code":6}},
{"type":"Feature","geometry":{"type":"Point","coordinates":[4.6922142,36.5646521]},"properties":{"id":186,"post_code":"06009","name":"M'cisna","name_ar":"مسيسنة","daira":"Seddouk","daira_ar":"صدوق","wilaya_code":6}},
{"type":"Feature","geometry":{"type":"Point","coordinates":[4.6645332,36.6333952]},"properties":{"id":187,"post_code":"06010","name":"Thinabdher","name_ar":"تينبذار","daira":"Sidi Aich","daira_ar":"سيدي عيش","wilaya_code":6}},
{"type":"Feature","geometry":{"type":"Point","coordinates":[5.0944646,36.6203290]},"properties":{"id":188,"post_code":"06011","name":"Tichi","name_ar":"تيشي","daira":"Tichy","daira_ar":"تيشي","wilaya_code":6}},
{"type":"Feature","geometry":{"type":"Point","coordinates":[4.8029022,36.6163121]},"properties":{"id":189,"post_code":"06012","name":"Semaoun","name_ar":"سمعون","daira":"Amizour","daira_ar":"أميزور","wilaya_code":6}},
{"type":"Feature","geometry":{"type":"Point","coordinates":[4.9484370,36.5568449]},"properties":{"id":190,"post_code":"06013","name":"Kendira","name_ar":"كنديرة","daira":"Barbacha","daira_ar":"برباشة","wilaya_code":6}},
{"type":"Feature","geometry":{"type":"Point","coordinates":[4.6505501,36.6626768]},"properties":{"id":191,"post_code":"06014","name":"Tifra","name_ar":"تيفرة","daira":"Sidi Aich","daira_ar":"سيدي عيش","wilaya_code":6}},
{"type":"Feature","geometry":{"type":"Point","coordinates":[4.3924687,36.4765457]},"properties":{"id":192,"post_code":"06015","name":"Ighram","name_ar":"إغرم","daira":"Akbou","daira_ar":"أقبو","wilaya_code":6}},
{"type":"Feature","geometry":{"type":"Point","coordinates":[4.5674507,36.4780606]},"properties":{"id":193,"post_code":"06016","name":"Amalou","name_ar":"امالو","daira":"Seddouk","daira_ar":"صدوق","wilaya_code":6}},
{"type":"Feature","geometry":{"type":"Point","coordinates":[4.4345472,36.2905404]},"properties":{"id":194,"post_code":"06017","name":"Ighil Ali","name_ar":"إغيل على","daira":"Ighil Ali","daira_ar":"إغيل علي","wilaya_code":6}},
{"type":"Feature","geometry":{"type":"Point","coordinates":[4.7479832,36.6673126]},"properties":{"id":195,"post_code":"06018","name":"Ifelain Ilmathen","name_ar":"افناين الماثن","daira":"El Kseur","daira_ar":"القصر","wilaya_code":6}},
{"type":"Feature","geometry":{"type":"Point","coordinates":[4.7209914,36.7862498]},"properties":{"id":196,"post_code":"06019","name":"Toudja","name_ar":"توجة","daira":"El Kseur","daira_ar":"القصر","wilaya_code":6}},
{"type":"Feature","geometry":{"type":"Point","coordinates":[5.3057073,36.5537403]},"properties":{"id":197,"post_code":"06020","name":"Darguina","name_ar":"درقينة","daira":"Darguina","daira_ar":"درقينة","wilaya_code":6}},
{"type":"Feature","geometry":{"type":"Point","coordinates":[4.6956681,36.6095992]},"properties":{"id":198,"post_code":"06021","name":"Sidi Ayad","name_ar":"سيدي عياد","daira":"Sidi Aich","daira_ar":"سيدي عيش","wilaya_code":6}},
{"type":"Feature","geometry":{"type":"Point","coordinates":[5.2038174,36.6195851]},"properties":{"id":199,"post_code":"06022","name":"Aokas","name_ar":"أوقاس","daira":"Aokas","daira_ar":"أوقاس","wilaya_code":6}},
{"type":"Feature","geometry":{"type":"Point","coordinates":[4.7643966,36.5626795]},"properties":{"id":200,"post_code":"06023","name":"Ait Djellil","name_ar":"آيث جليل","daira":"Amizour","daira_ar":"أميزور","wilaya_code":6}},
{"type":"Feature","geometry":{"type":"Point","coordinates":[4.5420287,36.7343709]},"properties":{"id":201,"post_code":"06024","name":"Adekar","name_ar":"آدكار","daira":"Adekar","daira_ar":"أدكار","wilaya_code":6}},
{"type":"Feature","geometry":{"type":"Point","coordinates":[4.4639658,36.4583204]},"properties":{"id":202,"post_code":"06025","name":"Akbou","name_ar":"أقبو","daira":"Akbou","daira_ar":"أقبو","wilaya_code":6}},
{"type":"Feature","geometry":{"type":"Point","coordinates":[4.6409049,36.5367869]},"properties":{"id":203,"post_code":"06026","name":"Seddouk","name_ar":"صدوق","daira":"Seddouk","daira_ar":"صدوق","wilaya_code":6}},
{"type":"Feature","geometry":{"type":"Point","coordinates":[4.3892305,36.3980947]},"properties":{"id":204,"post_code":"06027","name":"Tazmalt","name_ar":"تازمالت","daira":"Tazmalt","daira_ar":"تازملت","wilaya_code":6}},
{"type":"Feature","geometry":{"type":"Point","coordinates":[4.4646094,36.3866561]},"properties":{"id":205,"post_code":"06028","name":"Ait R'zine","name_ar":"آيت أرزين","daira":"Ighil Ali","daira_ar":"إغيل علي","wilaya_code":6}},
{"type":"Feature","geometry":{"type":"Point","coordinates":[4.5601731,36.5928345]},"properties":{"id":206,"post_code":"06029","name":"Chemini","name_ar":"شميني","daira":"Chemini","daira_ar":"شميني","wilaya_code":6}},
{"type":"Feature","geometry":{"type":"Point","coordinates":[4.5992053,36.5880436]},"properties":{"id":207,"post_code":"06030","name":"Souk Oufella","name_ar":"سوق أوفلة","daira":"Chemini","daira_ar":"شميني","wilaya_code":6}},
{"type":"Feature","geometry":{"type":"Point","coordinates":[5.2237624,36.5565707]},"properties":{"id":208,"post_code":"06031","name":"Taskriout","name_ar":"تاسقريوت","daira":"Darguina","daira_ar":"درقينة","wilaya_code":6}},
{"type":"Feature","geometry":{"type":"Point","coordinates":[4.6360841,36.6131706]},"properties":{"id":209,"post_code":"06032","name":"Tibane","name_ar":"طيبان","daira":"Chemini","daira_ar":"شميني","wilaya_code":6}},
{"type":"Feature","geometry":{"type":"Point","coordinates":[4.9432228,36.6904609]},"properties":{"id":210,"post_code":"06033","name":"Tala Hamza","name_ar":"ثالة حمزة","daira":"Tichy","daira_ar":"تيشي","wilaya_code":6}},
{"type":"Feature","geometry":{"type":"Point","coordinates":[4.8862205,36.5628189]},"properties":{"id":211,"post_code":"06034","name":"Barbacha","name_ar":"برباشة","daira":"Barbacha","daira_ar":"برباشة","wilaya_code":6}},
{"type":"Feature","geometry":{"type":"Point","coordinates":[4.6309708,36.8280602]},"properties":{"id":212,"post_code":"06035","name":"Beni Ksila","name_ar":"بنى كسيلة","daira":"Adekar","daira_ar":"أدكار","wilaya_code":6}},
{"type":"Feature","geometry":{"type":"Point","coordinates":[4.5075207,36.5473904]},"properties":{"id":213,"post_code":"06036","name":"Ouzallaguen","name_ar":"أوزلاقن","daira":"Ifri Ouzellaguene","daira_ar":"إفري أوزلاقن","wilaya_code":6}},
{"type":"Feature","geometry":{"type":"Point","coordinates":[4.5700544,36.4393229]},"properties":{"id":214,"post_code":"06037","name":"Bouhamza","name_ar":"بوحمزة","daira":"Seddouk","daira_ar":"صدوق","wilaya_code":6}},
{"type":"Feature","geometry":{"type":"Point","coordinates":[4.3846601,36.4475154]},"properties":{"id":215,"post_code":"06038","name":"Beni Melikeche","name_ar":"بنى مليكش","daira":"Tazmalt","daira_ar":"تازملت","wilaya_code":6}},
{"type":"Feature","geometry":{"type":"Point","coordinates":[4.6792592,36.6223093]},"properties":{"id":216,"post_code":"06039","name":"Sidi Aich","name_ar":"سيدي عيش","daira":"Sidi Aich","daira_ar":"سيدي عيش","wilaya_code":6}},
{"type":"Feature","geometry":{"type":"Point","coordinates":[4.7678254,36.7187382]},"properties":{"id":217,"post_code":"06040","name":"El Kseur","name_ar":"القصر","daira":"El Kseur","daira_ar":"القصر","wilaya_code":6}},
{"type":"Feature","geometry":{"type":"Point","coordinates":[5.3511350,36.6217049]},"properties":{"id":218,"post_code":"06041","name":"Melbou","name_ar":"ملبو","daira":"Souk El Tenine","daira_ar":"سوق الإثنين","wilaya_code":6}},
{"type":"Feature","geometry":{"type":"Point","coordinates":[4.5747965,36.6580416]},"properties":{"id":219,"post_code":"06042","name":"Akfadou","name_ar":"اكفادو","daira":"Chemini","daira_ar":"شميني","wilaya_code":6}},
{"type":"Feature","geometry":{"type":"Point","coordinates":[4.6441959,36.5979950]},"properties":{"id":220,"post_code":"06043","name":"Leflaye","name_ar":"لفلاى","daira":"Sidi Aich","daira_ar":"سيدي عيش","wilaya_code":6}},
{"type":"Feature","geometry":{"type":"Point","coordinates":[5.2047107,36.4719307]},"properties":{"id":221,"post_code":"06044","name":"Kherrata","name_ar":"خراطة","daira":"Kherrata","daira_ar":"خراطة","wilaya_code":6}},
{"type":"Feature","geometry":{"type":"Point","coordinates":[5.1683010,36.4405974]},"properties":{"id":222,"post_code":"06045","name":"Draa Kaid","name_ar":"ذراع القايد","daira":"Kherrata","daira_ar":"خراطة","wilaya_code":6}},
{"type":"Feature","geometry":{"type":"Point","coordinates":[5.3775099,36.5729424]},"properties":{"id":223,"post_code":"06046","name":"Tamridjet","name_ar":"تامريجت","daira":"Souk El Tenine","daira_ar":"سوق الإثنين","wilaya_code":6}},
{"type":"Feature","geometry":{"type":"Point","coordinates":[5.1892262,36.5543140]},"properties":{"id":224,"post_code":"06047","name":"Ait Smail","name_ar":"آيت سماعيل","daira":"Darguina","daira_ar":"درقينة","wilaya_code":6}},
{"type":"Feature","geometry":{"type":"Point","coordinates":[5.0058926,36.6367939]},"properties":{"id":225,"post_code":"06048","name":"Boukhelifa","name_ar":"بوخليفة","daira":"Tichy","daira_ar":"تيشي","wilaya_code":6}},
{"type":"Feature","geometry":{"type":"Point","coordinates":[5.1307333,36.5899196]},"properties":{"id":226,"post_code":"06049","name":"Tizi N'berber","name_ar":"تيزى نبربر","daira":"Aokas","daira_ar":"أوقاس","wilaya_code":6}},
{"type":"Feature","geometry":{"type":"Point","coordinates":[4.7210500,36.4881459]},"properties":{"id":227,"post_code":"06050","name":"Beni Maouch","name_ar":"بني معوش","daira":"Beni Maouche","daira_ar":"بني معوش","wilaya_code":6}},
{"type":"Feature","geometry":{"type":"Point","coordinates":[4.9085928,36.7149207]},"properties":{"id":228,"post_code":"06051","name":"Oued Ghir","name_ar":"وادي غير","daira":"Bejaia","daira_ar":"بجاية","wilaya_code":6}},
{"type":"Feature","geometry":{"type":"Point","coordinates":[4.3477724,36.3223972]},"properties":{"id":229,"post_code":"06052","name":"Boudjellil","name_ar":"بوجليل","daira":"Tazmalt","daira_ar":"تازملت","wilaya_code":6}},
{"type":"Feature","geometry":{"type":"Point","coordinates":[5.6546304,34.8514840]},"properties":{"id":230,"post_code":"07001","name":"Biskra","name_ar":"بسكرة","daira":"Biskra","daira_ar":"بسكرة","wilaya_code":7}},
{"type":"Feature","geometry":{"type":"Point","coordinates":[5.5181413,34.5863030]},"properties":{"id":231,"post_code":"07002","name":"Oumache","name_ar":"أوماش","daira":"Ourlal","daira_ar":"أورلال","wilaya_code":7}},
{"type":"Feature","geometry":{"type":"Point","coordinates":[5.6412543,34.9709574]},"properties":{"id":232,"post_code":"61003","name":"Branis","name_ar":"البرانس","daira":"Djemorah","daira_ar":"جمورة","wilaya_code":61}},
{"type":"Feature","geometry":{"type":"Point","coordinates":[5.7729266,34.8655388]},"properties":{"id":233,"post_code":"07004","name":"Chetma","name_ar":"شتمة","daira":"Sidi Okba","daira_ar":"سيدي عقبة","wilaya_code":7}},
{"type":"Feature","geometry":{"type":"Point","coordinates":[4.9713028,34.4174639]},"properties":{"id":234,"post_code":"51005","name":"Ouled Djellal","name_ar":"أولاد جلال","daira":"Ouled Djellal","daira_ar":"أولاد جلال","wilaya_code":51}},
{"type":"Feature","geometry":{"type":"Point","coordinates":[4.1596986,34.0268001]},"properties":{"id":235,"post_code":"51006","name":"Ras El Miaad","name_ar":"راس الميعاد","daira":"Sidi Khaled","daira_ar":"سيدي  خالد","wilaya_code":51}},
{"type":"Feature","geometry":{"type":"Point","coordinates":[7.7544139,36.7204026]},"properties":{"id":236,"post_code":"51007","name":"Besbes","name_ar":"البسباس","daira":"Sidi Khaled","daira_ar":"سيدي  خالد","wilaya_code":51}},
{"type":"Feature","geometry":{"type":"Point","coordinates":[4.8400248,34.3845588]},"properties":{"id":237,"post_code":"51008","name":"Sidi Khaled","name_ar":"سيدي خالد","daira":"Sidi Khaled","daira_ar":"سيدي  خالد","wilaya_code":51}},
{"type":"Feature","geometry":{"type":"Point","coordinates":[4.9863232,34.6197821]},"properties":{"id":238,"post_code":"51009","name":"Doucen","name_ar":"الدوسن","daira":"Ouled Djellal","daira_ar":"أولاد جلال","wilaya_code":51}},
{"type":"Feature","geometry":{"type":"Point","coordinates":[4.5572238,34.6257746]},"properties":{"id":239,"post_code":"07010","name":"Ech Chaiba","name_ar":"أولاد رحمة","daira":"Ouled Djellal","daira_ar":"أولاد جلال","wilaya_code":51}},
{"type":"Feature","geometry":{"type":"Point","coordinates":[5.8344242,34.7765260]},"properties":{"id":240,"post_code":"07011","name":"Sidi Okba","name_ar":"سيدي عقبة","daira":"Sidi Okba","daira_ar":"سيدي عقبة","wilaya_code":7}},
{"type":"Feature","geometry":{"type":"Point","coordinates":[5.8993044,34.9063847]},"properties":{"id":241,"post_code":"07012","name":"Mchouneche","name_ar":"مشونش","daira":"Mechouneche","daira_ar":"مشونش","wilaya_code":7}},
{"type":"Feature","geometry":{"type":"Point","coordinates":[5.8852281,34.5603287]},"properties":{"id":242,"post_code":"07013","name":"El Haouch","name_ar":"الحوش","daira":"Sidi Okba","daira_ar":"سيدي عقبة","wilaya_code":7}},
{"type":"Feature","geometry":{"type":"Point","coordinates":[6.0189093,34.6508231]},"properties":{"id":243,"post_code":"07014","name":"Ain Naga","name_ar":"عين الناقة","daira":"Sidi Okba","daira_ar":"سيدي عقبة","wilaya_code":7}},
{"type":"Feature","geometry":{"type":"Point","coordinates":[6.3748921,34.6834560]},"properties":{"id":244,"post_code":"07015","name":"Zeribet El Oued","name_ar":"زريبة الوادي","daira":"Zeribet El Oued","daira_ar":"زريبة الوادي","wilaya_code":7}},
{"type":"Feature","geometry":{"type":"Point","coordinates":[6.1924699,34.4990192]},"properties":{"id":245,"post_code":"07016","name":"El Feidh","name_ar":"الفيض","daira":"Zeribet El Oued","daira_ar":"زريبة الوادي","wilaya_code":7}},
{"type":"Feature","geometry":{"type":"Point","coordinates":[5.5062642,35.2052532]},"properties":{"id":246,"post_code":"61017","name":"El Kantara","name_ar":"القنطرة","daira":"El Kantara","daira_ar":"القنطرة","wilaya_code":61}},
{"type":"Feature","geometry":{"type":"Point","coordinates":[5.7860157,35.1705188]},"properties":{"id":247,"post_code":"61018","name":"Ain Zaatout","name_ar":"عين زعطوط","daira":"El Kantara","daira_ar":"القنطرة","wilaya_code":61}},
{"type":"Feature","geometry":{"type":"Point","coordinates":[5.4401959,34.9772883]},"properties":{"id":248,"post_code":"61019","name":"El Outaya","name_ar":"لوطاية","daira":"El Outaya","daira_ar":"الوطاية","wilaya_code":61}},
{"type":"Feature","geometry":{"type":"Point","coordinates":[5.6954643,35.0989288]},"properties":{"id":249,"post_code":"07020","name":"Djemorah","name_ar":"جمورة","daira":"Djemorah","daira_ar":"جمورة","wilaya_code":61}},
{"type":"Feature","geometry":{"type":"Point","coordinates":[4.9483543,34.8941290]},"properties":{"id":250,"post_code":"07021","name":"Tolga","name_ar":"طولقة","daira":"Tolga","daira_ar":"طولقة","wilaya_code":7}},
{"type":"Feature","geometry":{"type":"Point","coordinates":[5.2246750,34.5726359]},"properties":{"id":251,"post_code":"07022","name":"Lioua","name_ar":"لواء","daira":"Ourlal","daira_ar":"أورلال","wilaya_code":7}},
{"type":"Feature","geometry":{"type":"Point","coordinates":[5.3672479,34.7379403]},"properties":{"id":252,"post_code":"07023","name":"Lichana","name_ar":"لشانة","daira":"Tolga","daira_ar":"طولقة","wilaya_code":7}},
{"type":"Feature","geometry":{"type":"Point","coordinates":[5.3748787,34.5634290]},"properties":{"id":253,"post_code":"07024","name":"Ourlal","name_ar":"أورلال","daira":"Ourlal","daira_ar":"أورلال","wilaya_code":7}},
{"type":"Feature","geometry":{"type":"Point","coordinates":[5.4617608,34.5781616]},"properties":{"id":254,"post_code":"07025","name":"M'lili","name_ar":"مليلي","daira":"Ourlal","daira_ar":"أورلال","wilaya_code":7}},
{"type":"Feature","geometry":{"type":"Point","coordinates":[5.2212069,34.7598362]},"properties":{"id":255,"post_code":"07026","name":"Foughala","name_ar":"فوغالة","daira":"Foughala","daira_ar":"فوغالة","wilaya_code":7}},
{"type":"Feature","geometry":{"type":"Point","coordinates":[5.2819750,34.7281944]},"properties":{"id":256,"post_code":"07027","name":"Bordj Ben Azzouz","name_ar":"برج بن عزوز","daira":"Tolga","daira_ar":"طولقة","wilaya_code":7}},
{"type":"Feature","geometry":{"type":"Point","coordinates":[6.0060458,34.8853471]},"properties":{"id":257,"post_code":"07028","name":"M'ziraa","name_ar":"مزيرعة","daira":"Zeribet El Oued","daira_ar":"زريبة الوادي","wilaya_code":7}},
{"type":"Feature","geometry":{"type":"Point","coordinates":[5.4169652,34.7378859]},"properties":{"id":258,"post_code":"07029","name":"Bouchagroun","name_ar":"بوشقرون","daira":null,"daira_ar":null,"wilaya_code":7}},
{"type":"Feature","geometry":{"type":"Point","coordinates":[5.3092183,34.5636943]},"properties":{"id":259,"post_code":"07030","name":"Mekhadma","name_ar":"مخادمة","daira":"Ourlal","daira_ar":"أورلال","wilaya_code":7}},
{"type":"Feature","geometry":{"type":"Point","coordinates":[5.0903931,34.7175474]},"properties":{"id":260,"post_code":"07031","name":"El Ghrous","name_ar":"الغروس","daira":"Foughala","daira_ar":"فوغالة","wilaya_code":7}},
{"type":"Feature","geometry":{"type":"Point","coordinates":[5.4551949,34.7967888]},"properties":{"id":261,"post_code":"07032","name":"El Hadjab","name_ar":"الحاجب","daira":"Biskra","daira_ar":"بسكرة","wilaya_code":7}},
{"type":"Feature","geometry":{"type":"Point","coordinates":[6.6327354,34.7845370]},"properties":{"id":262,"post_code":"07033","name":"Khanguet Sidinadji","name_ar":"خنڨة سيدي ناجي","daira":null,"daira_ar":null,"wilaya_code":7}},
{"type":"Feature","geometry":{"type":"Point","coordinates":[-2.4145248,31.5965368]},"properties":{"id":263,"post_code":"08001","name":"Bechar","name_ar":"بشار","daira":"Bechar","daira_ar":"بشار","wilaya_code":8}},
{"type":"Feature","geometry":{"type":"Point","coordinates":[-2.8630916,31.0835905]},"properties":{"id":264,"post_code":"08002","name":"Erg Ferradj","name_ar":"عرق فراج","daira":"Abadla","daira_ar":"العبادلة","wilaya_code":8}},
{"type":"Feature","geometry":{"type":"Point","coordinates":[-1.0641503,29.2558699]},"properties":{"id":265,"post_code":"52003","name":"Ouled Khoudir","name_ar":"أولاد خدير","daira":"Ouled Khodeir","daira_ar":"أولاد خضير","wilaya_code":52}},
{"type":"Feature","geometry":{"type":"Point","coordinates":[-2.9558300,31.5494045]},"properties":{"id":266,"post_code":"08004","name":"Meridja","name_ar":"مريجة","daira":"Kenadsa","daira_ar":"القنادسة","wilaya_code":8}},
{"type":"Feature","geometry":{"type":"Point","coordinates":[-1.1358030,29.3195526]},"properties":{"id":267,"post_code":"52005","name":"Timoudi","name_ar":"تيمودى","daira":"Kerzaz","daira_ar":"كرزاز","wilaya_code":52}},
{"type":"Feature","geometry":{"type":"Point","coordinates":[-2.2681563,31.9312184]},"properties":{"id":268,"post_code":"08006","name":"Lahmar","name_ar":"لحمر","daira":"Lahmar","daira_ar":"لحمر","wilaya_code":8}},
{"type":"Feature","geometry":{"type":"Point","coordinates":[-2.1782542,30.1302299]},"properties":{"id":269,"post_code":"52007","name":"Beni Abbes","name_ar":"بني عباس","daira":"Beni Abbes","daira_ar":"بني عباس","wilaya_code":52}},
{"type":"Feature","geometry":{"type":"Point","coordinates":[-1.6128088,29.5802183]},"properties":{"id":270,"post_code":"08008","name":"Beni Ikhlef","name_ar":"بني يخلف","daira":"Kerzaz","daira_ar":"كرزاز","wilaya_code":52}},
{"type":"Feature","geometry":{"type":"Point","coordinates":[-2.7411640,30.9318258]},"properties":{"id":271,"post_code":"08009","name":"Mechraa Houari Boumedienne","name_ar":"مشرع ھوارى بومدين","daira":"Abadla","daira_ar":"العبادلة","wilaya_code":8}},
{"type":"Feature","geometry":{"type":"Point","coordinates":[-2.4381801,31.5570599]},"properties":{"id":272,"post_code":"08010","name":"Kenedsa","name_ar":"القنادسة","daira":"Kenadsa","daira_ar":"القنادسة","wilaya_code":8}},
{"type":"Feature","geometry":{"type":"Point","coordinates":[-2.3000801,30.4528490]},"properties":{"id":273,"post_code":"52011","name":"Igli","name_ar":"إقلي","daira":"Igli","daira_ar":"إقلي","wilaya_code":52}},
{"type":"Feature","geometry":{"type":"Point","coordinates":[-5.9957642,28.9735664]},"properties":{"id":274,"post_code":"08012","name":"Tabalbala","name_ar":"تبلبالة","daira":"Tabelbala","daira_ar":"تبلبالة","wilaya_code":8}},
{"type":"Feature","geometry":{"type":"Point","coordinates":[-2.0472123,30.9150725]},"properties":{"id":275,"post_code":"08013","name":"Taghit","name_ar":"تــــاغـيــث","daira":"Taghit","daira_ar":"تاغيت","wilaya_code":8}},
{"type":"Feature","geometry":{"type":"Point","coordinates":[-1.8650158,29.8541110]},"properties":{"id":276,"post_code":"52014","name":"El Ouata","name_ar":"الوطى","daira":"El Ouata","daira_ar":"الواتة","wilaya_code":52}},
{"type":"Feature","geometry":{"type":"Point","coordinates":[-2.4714058,31.9230182]},"properties":{"id":277,"post_code":"08015","name":"Boukais","name_ar":"بوكايس","daira":"Lahmar","daira_ar":"لحمر","wilaya_code":8}},
{"type":"Feature","geometry":{"type":"Point","coordinates":[-2.2227252,32.0219943]},"properties":{"id":278,"post_code":"08016","name":"Mogheul","name_ar":"موغل","daira":"Lahmar","daira_ar":"لحمر","wilaya_code":8}},
{"type":"Feature","geometry":{"type":"Point","coordinates":[-2.7615494,31.0174866]},"properties":{"id":279,"post_code":"08017","name":"Abadla","name_ar":"العبادلة","daira":"Abadla","daira_ar":"العبادلة","wilaya_code":8}},
{"type":"Feature","geometry":{"type":"Point","coordinates":[-1.4553024,29.4602231]},"properties":{"id":280,"post_code":"52018","name":"Kerzaz","name_ar":"كرزاز","daira":"Kerzaz","daira_ar":"كرزاز","wilaya_code":52}},
{"type":"Feature","geometry":{"type":"Point","coordinates":[-1.0022456,29.0984238]},"properties":{"id":281,"post_code":"52019","name":"Ksabi","name_ar":"قصابى","daira":"Ouled Khodeir","daira_ar":"أولاد خضير","wilaya_code":52}},
{"type":"Feature","geometry":{"type":"Point","coordinates":[-1.9087548,29.9166662]},"properties":{"id":282,"post_code":"08020","name":"Tamtert","name_ar":"تامترت","daira":"Beni Abbes","daira_ar":"بني عباس","wilaya_code":52}},
{"type":"Feature","geometry":{"type":"Point","coordinates":[-1.2519046,32.0512638]},"properties":{"id":283,"post_code":"08021","name":"Beni Ounif","name_ar":"بني ونيف","daira":"Beni Ounif","daira_ar":"بني ونيف","wilaya_code":8}},
{"type":"Feature","geometry":{"type":"Point","coordinates":[2.7659184,36.4802972]},"properties":{"id":284,"post_code":"09001","name":"Blida","name_ar":"البليدة‎","daira":"Blida","daira_ar":"البليدة","wilaya_code":9}},
{"type":"Feature","geometry":{"type":"Point","coordinates":[2.9433463,36.5685763]},"properties":{"id":285,"post_code":"09002","name":"Chebli","name_ar":"الشبلي","daira":"Bouinan","daira_ar":"بوعينان","wilaya_code":9}},
{"type":"Feature","geometry":{"type":"Point","coordinates":[2.9218243,36.5154839]},"properties":{"id":286,"post_code":"09003","name":"Bouinan","name_ar":"بوعينان","daira":"Bouinan","daira_ar":"بوعينان","wilaya_code":9}},
{"type":"Feature","geometry":{"type":"Point","coordinates":[2.7026126,36.5502875]},"properties":{"id":287,"post_code":"09004","name":"Oued El Alleug","name_ar":"واد العلايڨ","daira":"Oued El Alleug","daira_ar":"وادي العلايق","wilaya_code":9}},
{"type":"Feature","geometry":{"type":"Point","coordinates":[2.8325741,36.4852123]},"properties":{"id":288,"post_code":"09007","name":"Ouled Yaich","name_ar":"اولاد يعيش","daira":"Ouled Yaich","daira_ar":"أولاد يعيش","wilaya_code":9}},
{"type":"Feature","geometry":{"type":"Point","coordinates":[2.8286336,36.4254896]},"properties":{"id":289,"post_code":"09008","name":"Chrea","name_ar":"الشريعة","daira":"Ouled Yaich","daira_ar":"أولاد يعيش","wilaya_code":9}},
{"type":"Feature","geometry":{"type":"Point","coordinates":[2.5382873,36.4460675]},"properties":{"id":290,"post_code":"09010","name":"El Affroun","name_ar":"العفرون","daira":"El Affroun","daira_ar":"العفرون","wilaya_code":9}},
{"type":"Feature","geometry":{"type":"Point","coordinates":[2.6691173,36.4443980]},"properties":{"id":291,"post_code":"09011","name":"Chiffa","name_ar":"الشفة","daira":"Mouzaia","daira_ar":"موزاية","wilaya_code":9}},
{"type":"Feature","geometry":{"type":"Point","coordinates":[2.8604689,36.4361020]},"properties":{"id":292,"post_code":"09012","name":"Hammam Melouane","name_ar":"حمام ملوان","daira":"Bougara","daira_ar":"بوقرة","wilaya_code":9}},
{"type":"Feature","geometry":{"type":"Point","coordinates":[2.7838729,36.5959588]},"properties":{"id":293,"post_code":"09013","name":"Ben Khlil","name_ar":"بني خليل","daira":"Oued El Alleug","daira_ar":"وادي العلايق","wilaya_code":9}},
{"type":"Feature","geometry":{"type":"Point","coordinates":[2.8509281,36.5070150]},"properties":{"id":294,"post_code":"09014","name":"Soumaa","name_ar":"صومعة","daira":"Boufarik","daira_ar":"بوفاريك","wilaya_code":9}},
{"type":"Feature","geometry":{"type":"Point","coordinates":[2.6139932,36.5049700]},"properties":{"id":295,"post_code":"09016","name":"Mouzaia","name_ar":"موزاية","daira":"Mouzaia","daira_ar":"موزاية","wilaya_code":9}},
{"type":"Feature","geometry":{"type":"Point","coordinates":[3.1705831,36.5263305]},"properties":{"id":296,"post_code":"09017","name":"Souhane","name_ar":"صوحان","daira":"Larbaa","daira_ar":"الأربعاء","wilaya_code":9}},
{"type":"Feature","geometry":{"type":"Point","coordinates":[3.1711838,36.6238272]},"properties":{"id":297,"post_code":"09018","name":"Meftah","name_ar":"مفتاح","daira":"Meftah","daira_ar":"مفتاح","wilaya_code":9}},
{"type":"Feature","geometry":{"type":"Point","coordinates":[3.0705904,36.5140570]},"properties":{"id":298,"post_code":"09019","name":"Ouled Selama","name_ar":"أولاد سلامة","daira":"Bougara","daira_ar":"بوقرة","wilaya_code":9}},
{"type":"Feature","geometry":{"type":"Point","coordinates":[2.8478167,36.5739581]},"properties":{"id":299,"post_code":"09020","name":"Boufarik","name_ar":"بوفاريك","daira":"Boufarik","daira_ar":"بوفاريك","wilaya_code":9}},
{"type":"Feature","geometry":{"type":"Point","coordinates":[3.1033240,36.5787079]},"properties":{"id":300,"post_code":"09021","name":"Larbaa","name_ar":"الاربعاء","daira":"Larbaa","daira_ar":"الأربعاء","wilaya_code":9}},
{"type":"Feature","geometry":{"type":"Point","coordinates":[2.4657911,36.4223526]},"properties":{"id":301,"post_code":"09022","name":"Oued Djer","name_ar":"واد جر","daira":"El Affroun","daira_ar":"العفرون","wilaya_code":9}},
{"type":"Feature","geometry":{"type":"Point","coordinates":[2.7729529,36.5401306]},"properties":{"id":302,"post_code":"09023","name":"Beni Tamou","name_ar":"بني تامو","daira":"Oued El Alleug","daira_ar":"وادي العلايق","wilaya_code":9}},
{"type":"Feature","geometry":{"type":"Point","coordinates":[2.7284692,36.4151693]},"properties":{"id":303,"post_code":"09024","name":"Bouarfa","name_ar":"بوعرفة","daira":"Blida","daira_ar":"البليدة","wilaya_code":9}},
{"type":"Feature","geometry":{"type":"Point","coordinates":[2.8198593,36.5327654]},"properties":{"id":304,"post_code":"09025","name":"Beni Mered","name_ar":"بني مراد","daira":"Ouled Yaich","daira_ar":"أولاد يعيش","wilaya_code":9}},
{"type":"Feature","geometry":{"type":"Point","coordinates":[2.9731862,36.4936597]},"properties":{"id":305,"post_code":"09026","name":"Bougara","name_ar":"بوڨرة","daira":"Bougara","daira_ar":"بوقرة","wilaya_code":9}},
{"type":"Feature","geometry":{"type":"Point","coordinates":[2.8148899,36.5019935]},"properties":{"id":306,"post_code":"09027","name":"Guerrouaou","name_ar":"ڨرواو","daira":"Boufarik","daira_ar":"بوفاريك","wilaya_code":9}},
{"type":"Feature","geometry":{"type":"Point","coordinates":[2.5722144,36.3875985]},"properties":{"id":307,"post_code":"09028","name":"Ain Romana","name_ar":"عين الرمانة","daira":"Mouzaia","daira_ar":"موزاية","wilaya_code":9}},
{"type":"Feature","geometry":{"type":"Point","coordinates":[3.2252592,36.5803885]},"properties":{"id":308,"post_code":"09029","name":"Djebabra","name_ar":"جبابرة","daira":"Meftah","daira_ar":"مفتاح","wilaya_code":9}},
{"type":"Feature","geometry":{"type":"Point","coordinates":[3.8350413,36.3728066]},"properties":{"id":309,"post_code":"10001","name":"Bouira","name_ar":"البويرة","daira":"Bouira","daira_ar":"البويرة","wilaya_code":10}},
{"type":"Feature","geometry":{"type":"Point","coordinates":[3.8941923,36.3709809]},"properties":{"id":310,"post_code":"10002","name":"El Asnam","name_ar":"الأصنام","daira":"Bechloul","daira_ar":"بشلول","wilaya_code":10}},
{"type":"Feature","geometry":{"type":"Point","coordinates":[3.3603546,36.4678041]},"properties":{"id":311,"post_code":"10003","name":"Guerrouma","name_ar":"قرومة","daira":"Lakhdaria","daira_ar":"الأخضرية","wilaya_code":10}},
{"type":"Feature","geometry":{"type":"Point","coordinates":[3.5550187,36.3941664]},"properties":{"id":312,"post_code":"10004","name":"Souk El Khemis","name_ar":"سوق الخميس","daira":"Souk El Khemis","daira_ar":"سوق الخميس","wilaya_code":10}},
{"type":"Feature","geometry":{"type":"Point","coordinates":[3.5963676,36.5253163]},"properties":{"id":313,"post_code":"10005","name":"Kadiria","name_ar":"قادرية","daira":"Kadiria","daira_ar":"القادرية","wilaya_code":10}},
{"type":"Feature","geometry":{"type":"Point","coordinates":[4.0687934,36.2632628]},"properties":{"id":314,"post_code":"10006","name":"Hanif","name_ar":"احنيف","daira":"M'chedallah","daira_ar":"مشد الله","wilaya_code":10}},
{"type":"Feature","geometry":{"type":"Point","coordinates":[3.5835066,36.0038981]},"properties":{"id":315,"post_code":"10007","name":"Dirah","name_ar":"ديــرة","daira":"Sour El Ghozlane","daira_ar":"سور الغزلان","wilaya_code":10}},
{"type":"Feature","geometry":{"type":"Point","coordinates":[3.8484757,36.4453381]},"properties":{"id":316,"post_code":"10008","name":"Ait Laaziz","name_ar":"آيت لعزيز","daira":"Bouira","daira_ar":"البويرة","wilaya_code":10}},
{"type":"Feature","geometry":{"type":"Point","coordinates":[3.9036414,36.4161178]},"properties":{"id":317,"post_code":"10009","name":"Taghzout","name_ar":"تاغزوت","daira":"Haizer","daira_ar":"الحيزر","wilaya_code":10}},
{"type":"Feature","geometry":{"type":"Point","coordinates":[3.5492681,36.2168126]},"properties":{"id":318,"post_code":"10010","name":"Raouraoua","name_ar":"الروراوة","daira":"Bir Ghbalou","daira_ar":"بئر غبالو","wilaya_code":10}},
{"type":"Feature","geometry":{"type":"Point","coordinates":[3.9239540,36.0722819]},"properties":{"id":319,"post_code":"10011","name":"Mezdour","name_ar":"مسدور","daira":"Bordj Okhriss","daira_ar":"برج أوخريص","wilaya_code":10}},
{"type":"Feature","geometry":{"type":"Point","coordinates":[3.9487242,36.4068708]},"properties":{"id":320,"post_code":"10012","name":"Haizer","name_ar":"حيزر","daira":"Haizer","daira_ar":"الحيزر","wilaya_code":10}},
{"type":"Feature","geometry":{"type":"Point","coordinates":[3.5173819,36.5613265]},"properties":{"id":321,"post_code":"10013","name":"Lakhdaria","name_ar":"الأخضرية","daira":"Lakhdaria","daira_ar":"الأخضرية","wilaya_code":10}},
{"type":"Feature","geometry":{"type":"Point","coordinates":[3.4880279,36.4945576]},"properties":{"id":322,"post_code":"10014","name":"Maala","name_ar":"معالة","daira":"Lakhdaria","daira_ar":"الأخضرية","wilaya_code":10}},
{"type":"Feature","geometry":{"type":"Point","coordinates":[3.7198058,36.2227385]},"properties":{"id":323,"post_code":"10015","name":"El Hachimia","name_ar":"الھاشمية","daira":"El Hachimia","daira_ar":"الهاشمية","wilaya_code":10}},
{"type":"Feature","geometry":{"type":"Point","coordinates":[3.7122176,36.5022135]},"properties":{"id":324,"post_code":"10016","name":"Aomar","name_ar":"أعمر","daira":"Kadiria","daira_ar":"القادرية","wilaya_code":10}},
{"type":"Feature","geometry":{"type":"Point","coordinates":[4.3082238,36.3782491]},"properties":{"id":325,"post_code":"10017","name":"Chorfa","name_ar":"الشرفاء","daira":"M'chedallah","daira_ar":"مشد الله","wilaya_code":10}},
{"type":"Feature","geometry":{"type":"Point","coordinates":[3.8468001,36.0928100]},"properties":{"id":326,"post_code":"10018","name":"Bordj Oukhriss","name_ar":"برج أوخريص","daira":"Bordj Okhriss","daira_ar":"برج أوخريص","wilaya_code":10}},
{"type":"Feature","geometry":{"type":"Point","coordinates":[4.0139476,36.3723036]},"properties":{"id":327,"post_code":"10019","name":"El Adjiba","name_ar":"العجيبة","daira":"Bechloul","daira_ar":"بشلول","wilaya_code":10}},
{"type":"Feature","geometry":{"type":"Point","coordinates":[3.7266800,36.0907204]},"properties":{"id":328,"post_code":"10020","name":"El Hakimia","name_ar":"الحاكمية","daira":"Sour El Ghozlane","daira_ar":"سور الغزلان","wilaya_code":10}},
{"type":"Feature","geometry":{"type":"Point","coordinates":[3.5599129,36.3091266]},"properties":{"id":329,"post_code":"10021","name":"El Khebouzia","name_ar":"الخبوزية","daira":"Bir Ghbalou","daira_ar":"بئر غبالو","wilaya_code":10}},
{"type":"Feature","geometry":{"type":"Point","coordinates":[3.9606117,36.2426022]},"properties":{"id":330,"post_code":"10022","name":"Ahl El Ksar","name_ar":"أھل القصر","daira":"Bechloul","daira_ar":"بشلول","wilaya_code":10}},
{"type":"Feature","geometry":{"type":"Point","coordinates":[3.4137415,36.5662885]},"properties":{"id":331,"post_code":"10023","name":"Bouderbala","name_ar":"بودربالة","daira":"Lakhdaria","daira_ar":"الأخضرية","wilaya_code":10}},
{"type":"Feature","geometry":{"type":"Point","coordinates":[3.4459708,36.4732903]},"properties":{"id":332,"post_code":"10024","name":"Zbarbar","name_ar":"زبربر","daira":"Lakhdaria","daira_ar":"الأخضرية","wilaya_code":10}},
{"type":"Feature","geometry":{"type":"Point","coordinates":[3.7160585,36.3598252]},"properties":{"id":333,"post_code":"10025","name":"Ain El Hadjar","name_ar":"عين الحجر","daira":"Ain Bessem","daira_ar":"عين بسام","wilaya_code":10}},
{"type":"Feature","geometry":{"type":"Point","coordinates":[3.6520932,36.4603324]},"properties":{"id":334,"post_code":"10026","name":"Djebahia","name_ar":"الجباحية","daira":"Kadiria","daira_ar":"القادرية","wilaya_code":10}},
{"type":"Feature","geometry":{"type":"Point","coordinates":[4.2679284,36.4259787]},"properties":{"id":335,"post_code":"10027","name":"Aghbalou","name_ar":"أغبالو","daira":"M'chedallah","daira_ar":"مشد الله","wilaya_code":10}},
{"type":"Feature","geometry":{"type":"Point","coordinates":[3.7969676,35.9534858]},"properties":{"id":336,"post_code":"10028","name":"Taguedit","name_ar":"تاڨديت","daira":"Bordj Okhriss","daira_ar":"برج أوخريص","wilaya_code":10}},
{"type":"Feature","geometry":{"type":"Point","coordinates":[3.7447465,36.4049144]},"properties":{"id":337,"post_code":"10029","name":"Ain Turk","name_ar":"عين الترك","daira":"Bouira","daira_ar":"البويرة","wilaya_code":10}},
{"type":"Feature","geometry":{"type":"Point","coordinates":[4.1825268,36.4310532]},"properties":{"id":338,"post_code":"10030","name":"Saharidj","name_ar":"الصهاريج","daira":"M'chedallah","daira_ar":"مشد الله","wilaya_code":10}},
{"type":"Feature","geometry":{"type":"Point","coordinates":[3.5034345,36.1366443]},"properties":{"id":339,"post_code":"10031","name":"Dechmia","name_ar":"الدشمية","daira":"Sour El Ghozlane","daira_ar":"سور الغزلان","wilaya_code":10}},
{"type":"Feature","geometry":{"type":"Point","coordinates":[3.3997510,36.0701573]},"properties":{"id":340,"post_code":"10032","name":"Ridane","name_ar":"ريدان","daira":"Sour El Ghozlane","daira_ar":"سور الغزلان","wilaya_code":10}},
{"type":"Feature","geometry":{"type":"Point","coordinates":[3.9607305,36.3745093]},"properties":{"id":341,"post_code":"10033","name":"Bechloul","name_ar":"بشلول","daira":"Bechloul","daira_ar":"بشلول","wilaya_code":10}},
{"type":"Feature","geometry":{"type":"Point","coordinates":[3.2987712,36.5178782]},"properties":{"id":342,"post_code":"10034","name":"Boukram","name_ar":"بوكرام","daira":"Lakhdaria","daira_ar":"الأخضرية","wilaya_code":10}},
{"type":"Feature","geometry":{"type":"Point","coordinates":[3.5562554,36.3364461]},"properties":{"id":343,"post_code":"10035","name":"Ain Bessam","name_ar":"عين بسام","daira":"Ain Bessem","daira_ar":"عين بسام","wilaya_code":10}},
{"type":"Feature","geometry":{"type":"Point","coordinates":[3.5073827,36.2684610]},"properties":{"id":344,"post_code":"10036","name":"Bir Ghbalou","name_ar":"بئر غبالو","daira":"Bir Ghbalou","daira_ar":"بئر غبالو","wilaya_code":10}},
{"type":"Feature","geometry":{"type":"Point","coordinates":[4.1871831,36.3633061]},"properties":{"id":345,"post_code":"10037","name":"Mchedallah","name_ar":"مشدا الله","daira":"M'chedallah","daira_ar":"مشد الله","wilaya_code":10}},
{"type":"Feature","geometry":{"type":"Point","coordinates":[3.5564700,36.1694764]},"properties":{"id":346,"post_code":"10038","name":"Sour El Ghozlane","name_ar":"سور الغزلان","daira":"Sour El Ghozlane","daira_ar":"سور الغزلان","wilaya_code":10}},
{"type":"Feature","geometry":{"type":"Point","coordinates":[3.5254930,35.9979399]},"properties":{"id":347,"post_code":"10039","name":"Maamora","name_ar":"المعمورة","daira":"Sour El Ghozlane","daira_ar":"سور الغزلان","wilaya_code":10}},
{"type":"Feature","geometry":{"type":"Point","coordinates":[3.9321509,36.2020432]},"properties":{"id":348,"post_code":"10040","name":"Ouled Rached","name_ar":"أولاد راشد","daira":"Bechloul","daira_ar":"بشلول","wilaya_code":10}},
{"type":"Feature","geometry":{"type":"Point","coordinates":[3.6860828,36.3067411]},"properties":{"id":349,"post_code":"10041","name":"Ain Laloui","name_ar":"عين العلوي","daira":"Ain Bessem","daira_ar":"عين بسام","wilaya_code":10}},
{"type":"Feature","geometry":{"type":"Point","coordinates":[3.6906234,35.9465348]},"properties":{"id":350,"post_code":"10042","name":"Hadjera Zerga","name_ar":"الحجرة الزرقاء","daira":"Bordj Okhriss","daira_ar":"برج أوخريص","wilaya_code":10}},
{"type":"Feature","geometry":{"type":"Point","coordinates":[4.2484448,36.2991769]},"properties":{"id":351,"post_code":"10043","name":"Ath Mansour","name_ar":"آث منصور","daira":"M'chedallah","daira_ar":"مشد الله","wilaya_code":10}},
{"type":"Feature","geometry":{"type":"Point","coordinates":[3.5341619,36.4249768]},"properties":{"id":352,"post_code":"10044","name":"El Mokrani","name_ar":"المقراني","daira":"Souk El Khemis","daira_ar":"سوق الخميس","wilaya_code":10}},
{"type":"Feature","geometry":{"type":"Point","coordinates":[3.8546965,36.2572850]},"properties":{"id":353,"post_code":"10045","name":"Oued El Berdi","name_ar":"وادى البردي","daira":"El Hachimia","daira_ar":"الهاشمية","wilaya_code":10}},
{"type":"Feature","geometry":{"type":"Point","coordinates":[4.5540574,22.2707733]},"properties":{"id":354,"post_code":"11001","name":"Tamanghasset","name_ar":"تمنراست","daira":"Tamanrasset","daira_ar":"تمنراست","wilaya_code":11}},
{"type":"Feature","geometry":{"type":"Point","coordinates":[2.2077874,21.9847420]},"properties":{"id":355,"post_code":"11002","name":"Abalessa","name_ar":"أبلسة","daira":"Silet","daira_ar":"سيلت","wilaya_code":11}},
{"type":"Feature","geometry":{"type":"Point","coordinates":[1.8904637,27.1037909]},"properties":{"id":356,"post_code":"53003","name":"In Ghar","name_ar":"عـيـن غــار","daira":"In Ghar","daira_ar":"إينغر","wilaya_code":53}},
{"type":"Feature","geometry":{"type":"Point","coordinates":[4.7892187,20.3875487]},"properties":{"id":357,"post_code":"54004","name":"In Guezzam","name_ar":"عين قزام","daira":"In Guezzam","daira_ar":"عين قزام","wilaya_code":54}},
{"type":"Feature","geometry":{"type":"Point","coordinates":[5.9250425,23.8174829]},"properties":{"id":358,"post_code":"11005","name":"Idles","name_ar":"إدلس","daira":"Tazrouk","daira_ar":"تاظروك","wilaya_code":11}},
{"type":"Feature","geometry":{"type":"Point","coordinates":[6.2425195,23.4241274]},"properties":{"id":359,"post_code":"11006","name":"Tazouk","name_ar":"تاظروك","daira":"Tazrouk","daira_ar":"تاظروك","wilaya_code":11}},
{"type":"Feature","geometry":{"type":"Point","coordinates":[2.0907022,20.4281421]},"properties":{"id":360,"post_code":"11007","name":"Tinzaouatine","name_ar":"تين زاوتين","daira":"Tin Zouatine","daira_ar":"تين زواتين","wilaya_code":54}},
{"type":"Feature","geometry":{"type":"Point","coordinates":[2.4666218,27.1955358]},"properties":{"id":361,"post_code":"53008","name":"In Salah","name_ar":"عين صالح","daira":"In Salah","daira_ar":"عين صالح","wilaya_code":53}},
{"type":"Feature","geometry":{"type":"Point","coordinates":[1.2189579,24.9098562]},"properties":{"id":362,"post_code":"11009","name":"In Amguel","name_ar":"ان أمقل","daira":"Tamanrasset","daira_ar":"تمنراست","wilaya_code":11}},
{"type":"Feature","geometry":{"type":"Point","coordinates":[2.8384638,27.3604139]},"properties":{"id":363,"post_code":"53010","name":"Foggaret Ezzaouia","name_ar":"فقارة الزوى","daira":"In Salah","daira_ar":"عين صالح","wilaya_code":53}},
{"type":"Feature","geometry":{"type":"Point","coordinates":[8.0755254,35.4117209]},"properties":{"id":364,"post_code":"12001","name":"Tebessa","name_ar":"تبسة","daira":"Tebessa","daira_ar":"تبسة","wilaya_code":12}},
{"type":"Feature","geometry":{"type":"Point","coordinates":[8.0234307,34.7546133]},"properties":{"id":365,"post_code":"62002","name":"Bir El Ater","name_ar":"بئر العاتر","daira":"Bir El Ater","daira_ar":"بئر العاتر","wilaya_code":62}},
{"type":"Feature","geometry":{"type":"Point","coordinates":[7.7355765,35.2679040]},"properties":{"id":366,"post_code":"12003","name":"Cheria","name_ar":"الــشــريــعـة","daira":"Cheria","daira_ar":"الشريعة","wilaya_code":12}},
{"type":"Feature","geometry":{"type":"Point","coordinates":[7.2928362,34.9951892]},"properties":{"id":367,"post_code":"12004","name":"Stah Guentis","name_ar":"سطح قنطيس","daira":"El Ogla","daira_ar":"العقلة","wilaya_code":12}},
{"type":"Feature","geometry":{"type":"Point","coordinates":[7.8693435,35.8685842]},"properties":{"id":368,"post_code":"12005","name":"El Aouinet","name_ar":"العوينات","daira":"El Aouinet","daira_ar":"العوينات","wilaya_code":12}},
{"type":"Feature","geometry":{"type":"Point","coordinates":[8.2745720,35.2927890]},"properties":{"id":369,"post_code":"12006","name":"Lahouidjbet","name_ar":"الحويجبات","daira":null,"daira_ar":null,"wilaya_code":12}},
{"type":"Feature","geometry":{"type":"Point","coordinates":[8.1988049,34.9570976]},"properties":{"id":370,"post_code":"12007","name":"Safsaf El Ouesra","name_ar":"صفصاف الوسرة","daira":"Oum Ali","daira_ar":"أم علي","wilaya_code":12}},
{"type":"Feature","geometry":{"type":"Point","coordinates":[7.9238670,35.4519226]},"properties":{"id":371,"post_code":"12008","name":"Hammamet","name_ar":"الحمامات","daira":"Bir Mokadem","daira_ar":"بئر مقدم","wilaya_code":12}},
{"type":"Feature","geometry":{"type":"Point","coordinates":[7.5028466,34.4858280]},"properties":{"id":372,"post_code":"62009","name":"Negrine","name_ar":"نقرين","daira":"Negrine","daira_ar":"نقرين","wilaya_code":62}},
{"type":"Feature","geometry":{"type":"Point","coordinates":[7.8005075,35.3704867]},"properties":{"id":373,"post_code":"12010","name":"Bir El Mokadem","name_ar":"بــئــر مــقـدم","daira":"Bir Mokadem","daira_ar":"بئر مقدم","wilaya_code":12}},
{"type":"Feature","geometry":{"type":"Point","coordinates":[8.3115219,35.4995650]},"properties":{"id":374,"post_code":"12011","name":"El Kouif","name_ar":"الكويف","daira":"El Kouif","daira_ar":"الكويف","wilaya_code":12}},
{"type":"Feature","geometry":{"type":"Point","coordinates":[8.0015659,35.6694643]},"properties":{"id":375,"post_code":"12012","name":"Morsott","name_ar":"مرسط","daira":"Morsott","daira_ar":"مرسط","wilaya_code":12}},
{"type":"Feature","geometry":{"type":"Point","coordinates":[7.4579122,35.1833322]},"properties":{"id":376,"post_code":"62013","name":"El Ogla","name_ar":"العقلة","daira":"El Ogla","daira_ar":"العقلة","wilaya_code":62}},
{"type":"Feature","geometry":{"type":"Point","coordinates":[8.1105450,35.4117259]},"properties":{"id":377,"post_code":"12014","name":"Bir Dheb","name_ar":"بٔير الذھب","daira":"Morsott","daira_ar":"مرسط","wilaya_code":12}},
{"type":"Feature","geometry":{"type":"Point","coordinates":[7.4579122,35.1833322]},"properties":{"id":378,"post_code":"12015","name":"El Ogla","name_ar":"العقلة","daira":"El Ogla","daira_ar":"العقلة","wilaya_code":12}},
{"type":"Feature","geometry":{"type":"Point","coordinates":[7.4579122,35.1833322]},"properties":{"id":379,"post_code":"12016","name":"Gorriguer","name_ar":"قوريقر","daira":null,"daira_ar":null,"wilaya_code":12}},
{"type":"Feature","geometry":{"type":"Point","coordinates":[8.2412452,35.3666661]},"properties":{"id":380,"post_code":"12017","name":"Bekkaria","name_ar":"بكارية","daira":"El Kouif","daira_ar":"الكويف","wilaya_code":12}},
{"type":"Feature","geometry":{"type":"Point","coordinates":[8.0267572,35.7490236]},"properties":{"id":381,"post_code":"12018","name":"Boukhadra","name_ar":"بوخضرة","daira":"El Aouinet","daira_ar":"العوينات","wilaya_code":12}},
{"type":"Feature","geometry":{"type":"Point","coordinates":[8.1088536,35.9421139]},"properties":{"id":382,"post_code":"12019","name":"Ouenza","name_ar":"الونزة","daira":"Ouenza","daira_ar":"الونزة","wilaya_code":12}},
{"type":"Feature","geometry":{"type":"Point","coordinates":[8.1509541,35.2066339]},"properties":{"id":383,"post_code":"12020","name":"El Ma El Biodh","name_ar":"الماء الأبيض","daira":"El Malabiod","daira_ar":"الماء الابيض","wilaya_code":12}},
{"type":"Feature","geometry":{"type":"Point","coordinates":[8.2926392,35.0115532]},"properties":{"id":384,"post_code":"12021","name":"Oum Ali","name_ar":"أم على","daira":"Oum Ali","daira_ar":"أم علي","wilaya_code":12}},
{"type":"Feature","geometry":{"type":"Point","coordinates":[7.7597808,35.1184512]},"properties":{"id":385,"post_code":"12022","name":"Tlidjene","name_ar":"ثليجان","daira":null,"daira_ar":null,"wilaya_code":12}},
{"type":"Feature","geometry":{"type":"Point","coordinates":[8.2579122,35.6333322]},"properties":{"id":386,"post_code":"12023","name":"Ain Zerga","name_ar":"عين الزرقاء","daira":"Ouenza","daira_ar":"الونزة","wilaya_code":12}},
{"type":"Feature","geometry":{"type":"Point","coordinates":[8.2175374,35.7935581]},"properties":{"id":387,"post_code":"12024","name":"El Meridj","name_ar":"المريج","daira":"Ouenza","daira_ar":"الونزة","wilaya_code":12}},
{"type":"Feature","geometry":{"type":"Point","coordinates":[8.1105450,35.4117259]},"properties":{"id":388,"post_code":"12025","name":"Boulhaf Dyr","name_ar":"بولحاف الدير","daira":"El Kouif","daira_ar":"الكويف","wilaya_code":12}},
{"type":"Feature","geometry":{"type":"Point","coordinates":[7.4696410,35.3487094]},"properties":{"id":389,"post_code":"12026","name":"Bedjene","name_ar":"بجن","daira":"El Ogla","daira_ar":"العقلة","wilaya_code":12}},
{"type":"Feature","geometry":{"type":"Point","coordinates":[8.1105450,35.4117259]},"properties":{"id":390,"post_code":"12027","name":"El Mazeraa","name_ar":"المزرعة","daira":"El Ogla","daira_ar":"العقلة","wilaya_code":12}},
{"type":"Feature","geometry":{"type":"Point","coordinates":[7.3995494,34.5579430]},"properties":{"id":391,"post_code":"62028","name":"Ferkane","name_ar":"فـــــــركـــــان","daira":"Negrine","daira_ar":"نقرين","wilaya_code":62}},
{"type":"Feature","geometry":{"type":"Point","coordinates":[-1.3501175,34.8959491]},"properties":{"id":392,"post_code":"13001","name":"Tlemcen","name_ar":"تلمسان","daira":"Tlemcen","daira_ar":"تلمسان","wilaya_code":13}},
{"type":"Feature","geometry":{"type":"Point","coordinates":[-1.4356042,34.8639575]},"properties":{"id":393,"post_code":"13002","name":"Beni Mester","name_ar":"بني مستار","daira":"Mansourah","daira_ar":"منصورة","wilaya_code":13}},
{"type":"Feature","geometry":{"type":"Point","coordinates":[-0.9667326,34.9238688]},"properties":{"id":394,"post_code":"13003","name":"Ain Tallout","name_ar":"عين تالوت","daira":null,"daira_ar":null,"wilaya_code":13}},
{"type":"Feature","geometry":{"type":"Point","coordinates":[-1.4635847,35.0550485]},"properties":{"id":395,"post_code":"13004","name":"Remchi","name_ar":"الرمشي","daira":"Remchi","daira_ar":"الرمشي","wilaya_code":13}},
{"type":"Feature","geometry":{"type":"Point","coordinates":[-1.2970948,35.1166788]},"properties":{"id":396,"post_code":"13005","name":"El Fehoul","name_ar":"الفحول","daira":"Remchi","daira_ar":"الرمشي","wilaya_code":13}},
{"type":"Feature","geometry":{"type":"Point","coordinates":[-1.5368414,34.8255654]},"properties":{"id":397,"post_code":"13006","name":"Sabra","name_ar":"صبرة","daira":"Sabra","daira_ar":"صبرة","wilaya_code":13}},
{"type":"Feature","geometry":{"type":"Point","coordinates":[-1.8720748,35.0934337]},"properties":{"id":398,"post_code":"13007","name":"Ghazaouet","name_ar":"الغزوات","daira":"Ghazaouet","daira_ar":"الغزوات","wilaya_code":13}},
{"type":"Feature","geometry":{"type":"Point","coordinates":[-1.9223500,34.9184687]},"properties":{"id":399,"post_code":"13008","name":"Souani","name_ar":"السواني","daira":"Bab El Assa","daira_ar":"باب العسة","wilaya_code":13}},
{"type":"Feature","geometry":{"type":"Point","coordinates":[-1.8940714,34.9775481]},"properties":{"id":400,"post_code":"13009","name":"Djebala","name_ar":"جبالة","daira":"Nedroma","daira_ar":"ندرومة","wilaya_code":13}},
{"type":"Feature","geometry":{"type":"Point","coordinates":[-1.1625071,34.6356392]},"properties":{"id":401,"post_code":"63010","name":"El Gor","name_ar":"الغور","daira":"Sebdou","daira_ar":"سبدو","wilaya_code":63}},
{"type":"Feature","geometry":{"type":"Point","coordinates":[-1.1420878,34.8666661]},"properties":{"id":402,"post_code":"13011","name":"Oued Chouly","name_ar":"وادى الشولى","daira":"Honnaine","daira_ar":"هنين","wilaya_code":13}},
{"type":"Feature","geometry":{"type":"Point","coordinates":[-1.2421418,34.8794264]},"properties":{"id":403,"post_code":"13012","name":"Ain Fezza","name_ar":"عين فزّة","daira":"Chetouane","daira_ar":"شتوان","wilaya_code":13}},
{"type":"Feature","geometry":{"type":"Point","coordinates":[-1.0442162,34.9018053]},"properties":{"id":404,"post_code":"13013","name":"Ouled Mimoun","name_ar":"أولاد ميمون","daira":"Ouled Mimoun","daira_ar":"أولاد ميمون","wilaya_code":13}},
{"type":"Feature","geometry":{"type":"Point","coordinates":[-1.3150979,34.8959541]},"properties":{"id":405,"post_code":"13014","name":"Amieur","name_ar":"عمير","daira":"Chetouane","daira_ar":"شتوان","wilaya_code":13}},
{"type":"Feature","geometry":{"type":"Point","coordinates":[-1.3841379,35.0484430]},"properties":{"id":406,"post_code":"13015","name":"Ain Youcef","name_ar":"عين يوسف","daira":"Remchi","daira_ar":"الرمشي","wilaya_code":13}},
{"type":"Feature","geometry":{"type":"Point","coordinates":[-1.4760198,34.9849042]},"properties":{"id":407,"post_code":"13016","name":"Zenata","name_ar":"زناتة","daira":"Hennaya","daira_ar":"الحناية","wilaya_code":13}},
{"type":"Feature","geometry":{"type":"Point","coordinates":[-1.5615608,34.6593315]},"properties":{"id":408,"post_code":"13017","name":"Beni Snous","name_ar":"بنى سنوس","daira":"Beni Snous","daira_ar":"بني سنوس","wilaya_code":13}},
{"type":"Feature","geometry":{"type":"Point","coordinates":[-2.0399109,34.9654779]},"properties":{"id":409,"post_code":"13018","name":"Bab El Assa","name_ar":"باب العسة","daira":"Bab El Assa","daira_ar":"باب العسة","wilaya_code":13}},
{"type":"Feature","geometry":{"type":"Point","coordinates":[-1.3150979,34.8959541]},"properties":{"id":410,"post_code":"13019","name":"Dar Yaghmouracene","name_ar":"دار يغمراسن","daira":null,"daira_ar":null,"wilaya_code":13}},
{"type":"Feature","geometry":{"type":"Point","coordinates":[-1.6538313,35.0137230]},"properties":{"id":411,"post_code":"13020","name":"Fellaoucene","name_ar":"فلاوسن","daira":"Fellaoucene","daira_ar":"فلاوسن","wilaya_code":13}},
{"type":"Feature","geometry":{"type":"Point","coordinates":[-1.3150979,34.8959541]},"properties":{"id":412,"post_code":"13021","name":"Azails","name_ar":"العزايل","daira":null,"daira_ar":null,"wilaya_code":13}},
{"type":"Feature","geometry":{"type":"Point","coordinates":[-1.3705445,35.1563716]},"properties":{"id":413,"post_code":"13022","name":"Sebbaa Chioukh","name_ar":"سبعة شيوخ","daira":"Remchi","daira_ar":"الرمشي","wilaya_code":13}},
{"type":"Feature","geometry":{"type":"Point","coordinates":[-1.3623785,34.7966361]},"properties":{"id":414,"post_code":"13023","name":"Terni Beni Hediel","name_ar":"تيرني بني هديل","daira":null,"daira_ar":null,"wilaya_code":13}},
{"type":"Feature","geometry":{"type":"Point","coordinates":[-1.2362705,35.0745555]},"properties":{"id":415,"post_code":"13024","name":"Bensekrane","name_ar":"بن سكران","daira":"Bensekrane","daira_ar":"بن سكران","wilaya_code":13}},
{"type":"Feature","geometry":{"type":"Point","coordinates":[-0.9359407,35.0273782]},"properties":{"id":416,"post_code":"13025","name":"Ain Nehala","name_ar":"عين نحالة","daira":"Ain Tellout","daira_ar":"عين تالوت","wilaya_code":13}},
{"type":"Feature","geometry":{"type":"Point","coordinates":[-1.3866808,34.9490231]},"properties":{"id":417,"post_code":"13026","name":"Hennaya","name_ar":"الحناية","daira":"Hennaya","daira_ar":"الحناية","wilaya_code":13}},
{"type":"Feature","geometry":{"type":"Point","coordinates":[-1.7802150,34.8481781]},"properties":{"id":418,"post_code":"13027","name":"Maghnia","name_ar":"مغنية","daira":"Maghnia","daira_ar":"مغنية","wilaya_code":13}},
{"type":"Feature","geometry":{"type":"Point","coordinates":[-1.6555881,34.8904539]},"properties":{"id":419,"post_code":"13028","name":"Hammam Boughrara","name_ar":"حمام بوغرارة","daira":"Maghnia","daira_ar":"مغنية","wilaya_code":13}},
{"type":"Feature","geometry":{"type":"Point","coordinates":[-1.9086172,35.0438386]},"properties":{"id":420,"post_code":"13029","name":"Souahlia","name_ar":"تونان","daira":"Ghazaouet","daira_ar":"الغزوات","wilaya_code":13}},
{"type":"Feature","geometry":{"type":"Point","coordinates":[-2.0732190,35.0142663]},"properties":{"id":421,"post_code":"13030","name":"Msirda Fouaga","name_ar":"مسيردة الفواقة","daira":"Marsa Ben Mehdi","daira_ar":"مرسى بن مهيدي","wilaya_code":13}},
{"type":"Feature","geometry":{"type":"Point","coordinates":[0.3170785,36.0036103]},"properties":{"id":422,"post_code":"13031","name":"Ain Fetah","name_ar":"عين فتاح","daira":"Fellaoucene","daira_ar":"فلاوسن","wilaya_code":13}},
{"type":"Feature","geometry":{"type":"Point","coordinates":[-1.2723972,34.2202108]},"properties":{"id":423,"post_code":"63032","name":"El Aricha","name_ar":"العريشة","daira":"Sebdou","daira_ar":"سبدو","wilaya_code":63}},
{"type":"Feature","geometry":{"type":"Point","coordinates":[-2.0213987,35.0194848]},"properties":{"id":424,"post_code":"13033","name":"Souk Thlata","name_ar":"سوق الثلاثاء","daira":null,"daira_ar":null,"wilaya_code":13}},
{"type":"Feature","geometry":{"type":"Point","coordinates":[-1.1432004,35.0652344]},"properties":{"id":425,"post_code":"13034","name":"Sidi Abdelli","name_ar":"سيدي العبدلي","daira":"Bensekrane","daira_ar":"بن سكران","wilaya_code":13}},
{"type":"Feature","geometry":{"type":"Point","coordinates":[-1.3469271,34.6392357]},"properties":{"id":426,"post_code":"13035","name":"Sebdou","name_ar":"سبدو","daira":"Sebdou","daira_ar":"سبدو","wilaya_code":13}},
{"type":"Feature","geometry":{"type":"Point","coordinates":[-1.5645648,35.0818832]},"properties":{"id":427,"post_code":"13036","name":"Beni Ouarsous","name_ar":"برج عريمة","daira":"Remchi","daira_ar":"الرمشي","wilaya_code":13}},
{"type":"Feature","geometry":{"type":"Point","coordinates":[-1.6426706,34.7756800]},"properties":{"id":428,"post_code":"13037","name":"Sidi Medjahed","name_ar":"سيدي مجاهد","daira":"Beni Boussaid","daira_ar":"بني بوسعيد","wilaya_code":13}},
{"type":"Feature","geometry":{"type":"Point","coordinates":[-1.7621040,34.6490781]},"properties":{"id":429,"post_code":"13038","name":"Beni Boussaid","name_ar":"بني بوسعيد","daira":"Beni Boussaid","daira_ar":"بني بوسعيد","wilaya_code":13}},
{"type":"Feature","geometry":{"type":"Point","coordinates":[-2.2135629,35.0790982]},"properties":{"id":430,"post_code":"13039","name":"Marsa Ben Mhidi","name_ar":"مرسى بن مھيدي","daira":"Marsa Ben Mehdi","daira_ar":"مرسى بن مهيدي","wilaya_code":13}},
{"type":"Feature","geometry":{"type":"Point","coordinates":[-1.7698290,35.0141436]},"properties":{"id":431,"post_code":"13040","name":"Nedroma","name_ar":"ندرومة","daira":"Nedroma","daira_ar":"ندرومة","wilaya_code":13}},
{"type":"Feature","geometry":{"type":"Point","coordinates":[-1.5761732,34.4459186]},"properties":{"id":432,"post_code":"13041","name":"Sidi Djillali","name_ar":"سيدي الجيلالي","daira":"Sidi Djillali","daira_ar":"سيدي الجيلالي","wilaya_code":63}},
{"type":"Feature","geometry":{"type":"Point","coordinates":[-1.5174008,34.7114024]},"properties":{"id":433,"post_code":"13042","name":"Beni Bahdel","name_ar":"بني بهدل","daira":"Beni Snous","daira_ar":"بني سنوس","wilaya_code":13}},
{"type":"Feature","geometry":{"type":"Point","coordinates":[-1.3150979,34.8959541]},"properties":{"id":434,"post_code":"13043","name":"El Bouihi","name_ar":"البويھي","daira":null,"daira_ar":null,"wilaya_code":63}},
{"type":"Feature","geometry":{"type":"Point","coordinates":[-1.6576910,35.1800515]},"properties":{"id":435,"post_code":"13044","name":"Honaine","name_ar":"هنين","daira":null,"daira_ar":null,"wilaya_code":13}},
{"type":"Feature","geometry":{"type":"Point","coordinates":[-1.8584921,35.0491084]},"properties":{"id":436,"post_code":"13045","name":"Tianet","name_ar":"تيانت","daira":"Ghazaouet","daira_ar":"الغزوات","wilaya_code":13}},
{"type":"Feature","geometry":{"type":"Point","coordinates":[-1.5020585,34.9615122]},"properties":{"id":437,"post_code":"13046","name":"Ouled Riyah","name_ar":"أولاد رياح","daira":"Hennaya","daira_ar":"الحناية","wilaya_code":13}},
{"type":"Feature","geometry":{"type":"Point","coordinates":[-1.5850461,34.7787462]},"properties":{"id":438,"post_code":"13047","name":"Bouhlou","name_ar":"بوحلو","daira":"Sabra","daira_ar":"صبرة","wilaya_code":13}},
{"type":"Feature","geometry":{"type":"Point","coordinates":[-1.5607239,35.1732293]},"properties":{"id":439,"post_code":"13048","name":"Souk El Khemis","name_ar":"سوق الخميس","daira":"Ouled Mimoun","daira_ar":"أولاد ميمون","wilaya_code":13}},
{"type":"Feature","geometry":{"type":"Point","coordinates":[-1.4039435,34.7147251]},"properties":{"id":440,"post_code":"13049","name":"Ain Ghoraba","name_ar":"عين غرابة","daira":"Mansourah","daira_ar":"منصورة","wilaya_code":13}},
{"type":"Feature","geometry":{"type":"Point","coordinates":[-1.3164927,34.9175348]},"properties":{"id":441,"post_code":"13050","name":"Chetouane","name_ar":"شتوان","daira":"Chetouane","daira_ar":"شتوان","wilaya_code":13}},
{"type":"Feature","geometry":{"type":"Point","coordinates":[-1.3892990,34.8704299]},"properties":{"id":442,"post_code":"13051","name":"Mansourah","name_ar":"المنصورة","daira":"Mansourah","daira_ar":"منصورة","wilaya_code":13}},
{"type":"Feature","geometry":{"type":"Point","coordinates":[-1.4356042,34.8639575]},"properties":{"id":443,"post_code":"13052","name":"Beni Semiel","name_ar":"بني مستار","daira":null,"daira_ar":null,"wilaya_code":13}},
{"type":"Feature","geometry":{"type":"Point","coordinates":[-1.6861010,35.0317001]},"properties":{"id":444,"post_code":"13053","name":"Ain Kebira","name_ar":"عين الكبيرة","daira":"Fellaoucene","daira_ar":"فلاوسن","wilaya_code":13}},
{"type":"Feature","geometry":{"type":"Point","coordinates":[1.3215754,35.3599696]},"properties":{"id":445,"post_code":"14001","name":"Tiaret","name_ar":"تيارت‎","daira":"Tiaret","daira_ar":"تيارت","wilaya_code":14}},
{"type":"Feature","geometry":{"type":"Point","coordinates":[1.1979175,35.1752197]},"properties":{"id":446,"post_code":"14002","name":"Medroussa","name_ar":"مدروسة","daira":"Medroussa","daira_ar":"مدروسة","wilaya_code":14}},
{"type":"Feature","geometry":{"type":"Point","coordinates":[1.5036248,35.3543704]},"properties":{"id":447,"post_code":"14003","name":"Ain Bouchekif","name_ar":"بوشقيف","daira":"Dahmouni","daira_ar":"دحموني","wilaya_code":14}},
{"type":"Feature","geometry":{"type":"Point","coordinates":[1.2199974,35.5635054]},"properties":{"id":448,"post_code":"14004","name":"Sidi Ali Mellal","name_ar":"سيدي علي ملال","daira":"Oued Lili","daira_ar":"وادي ليلي","wilaya_code":14}},
{"type":"Feature","geometry":{"type":"Point","coordinates":[1.6572618,35.3519730]},"properties":{"id":449,"post_code":"14005","name":"Ain Zarit","name_ar":"عين زاريت","daira":"Mahdia","daira_ar":"مهدية","wilaya_code":14}},
{"type":"Feature","geometry":{"type":"Point","coordinates":[1.5308760,34.8471250]},"properties":{"id":450,"post_code":"14006","name":"Ain Deheb","name_ar":"عين الذهب","daira":"Ain Deheb","daira_ar":"عين الذهب","wilaya_code":14}},
{"type":"Feature","geometry":{"type":"Point","coordinates":[0.9755382,35.2393277]},"properties":{"id":451,"post_code":"14007","name":"Sidi Bakhti","name_ar":"سيدي بختي","daira":"Medroussa","daira_ar":"مدروسة","wilaya_code":14}},
{"type":"Feature","geometry":{"type":"Point","coordinates":[1.2315845,34.8949768]},"properties":{"id":452,"post_code":"14008","name":"Medrissa","name_ar":"مدريسة","daira":"Ain Kermes","daira_ar":"عين كرمس","wilaya_code":14}},
{"type":"Feature","geometry":{"type":"Point","coordinates":[2.2793620,34.8997550]},"properties":{"id":453,"post_code":"14009","name":"Zmalet El Emir Aek","name_ar":"زمالة الأمير عبد القادر","daira":null,"daira_ar":null,"wilaya_code":64}},
{"type":"Feature","geometry":{"type":"Point","coordinates":[1.3916159,35.3599899]},"properties":{"id":454,"post_code":"14010","name":"Madna","name_ar":"مادنة","daira":"Ain Kermes","daira_ar":"عين كرمس","wilaya_code":14}},
{"type":"Feature","geometry":{"type":"Point","coordinates":[1.3916159,35.3599899]},"properties":{"id":455,"post_code":"14011","name":"Sebt","name_ar":"السبت","daira":"Meghila","daira_ar":"مغيلة","wilaya_code":14}},
{"type":"Feature","geometry":{"type":"Point","coordinates":[1.2272501,35.2514714]},"properties":{"id":456,"post_code":"14012","name":"Mellakou","name_ar":"ملاكو","daira":"Medroussa","daira_ar":"مدروسة","wilaya_code":14}},
{"type":"Feature","geometry":{"type":"Point","coordinates":[1.4674473,35.4166137]},"properties":{"id":457,"post_code":"14013","name":"Dahmouni","name_ar":"دحموني","daira":"Dahmouni","daira_ar":"دحموني","wilaya_code":14}},
{"type":"Feature","geometry":{"type":"Point","coordinates":[1.0130642,35.5308956]},"properties":{"id":458,"post_code":"14014","name":"Rahouia","name_ar":"رحوية","daira":"Rahouia","daira_ar":"رحوية","wilaya_code":14}},
{"type":"Feature","geometry":{"type":"Point","coordinates":[1.7415474,35.4312648]},"properties":{"id":459,"post_code":"14015","name":"Mahdia","name_ar":"المھدية","daira":"Mahdia","daira_ar":"مهدية","wilaya_code":14}},
{"type":"Feature","geometry":{"type":"Point","coordinates":[1.4648287,35.1812014]},"properties":{"id":460,"post_code":"14016","name":"Sougueur","name_ar":"سوقر","daira":"Sougueur","daira_ar":"السوقر","wilaya_code":14}},
{"type":"Feature","geometry":{"type":"Point","coordinates":[1.6199474,35.2355935]},"properties":{"id":461,"post_code":"64017","name":"Sidi Abdelghani","name_ar":"سيدي عبد الغنى","daira":null,"daira_ar":null,"wilaya_code":14}},
{"type":"Feature","geometry":{"type":"Point","coordinates":[0.8713103,35.0604573]},"properties":{"id":462,"post_code":"14018","name":"Ain El Hadid","name_ar":"عين الحديد","daira":"Frenda","daira_ar":"فرندة","wilaya_code":14}},
{"type":"Feature","geometry":{"type":"Point","coordinates":[1.3916159,35.3599899]},"properties":{"id":463,"post_code":"14019","name":"Ouled Djerad","name_ar":"اولاد جراد","daira":"Ain Kermes","daira_ar":"عين كرمس","wilaya_code":14}},
{"type":"Feature","geometry":{"type":"Point","coordinates":[1.4729726,35.0925940]},"properties":{"id":464,"post_code":"14020","name":"Naima","name_ar":"نعيمة","daira":"Ain Deheb","daira_ar":"عين الذهب","wilaya_code":14}},
{"type":"Feature","geometry":{"type":"Point","coordinates":[1.3249683,35.3633423]},"properties":{"id":465,"post_code":"14021","name":"Meghila","name_ar":"مغيلة","daira":"Meghila","daira_ar":"مغيلة","wilaya_code":14}},
{"type":"Feature","geometry":{"type":"Point","coordinates":[1.2462830,35.3929502]},"properties":{"id":466,"post_code":"14022","name":"Guertoufa","name_ar":"قرطوفة","daira":"Rahouia","daira_ar":"رحوية","wilaya_code":14}},
{"type":"Feature","geometry":{"type":"Point","coordinates":[1.5114355,35.4697136]},"properties":{"id":467,"post_code":"14023","name":"Sidi Hosni","name_ar":"سيدي حسني","daira":"Meghila","daira_ar":"مغيلة","wilaya_code":14}},
{"type":"Feature","geometry":{"type":"Point","coordinates":[0.8475566,35.4442917]},"properties":{"id":468,"post_code":"14024","name":"Djillali Ben Amar","name_ar":"جيلالي بن عمار","daira":"Mechraa Sfa","daira_ar":"مشرع الصفا","wilaya_code":14}},
{"type":"Feature","geometry":{"type":"Point","coordinates":[1.5985322,35.4574363]},"properties":{"id":469,"post_code":"14025","name":"Sebaine","name_ar":"سبعين","daira":"Mahdia","daira_ar":"مهدية","wilaya_code":14}},
{"type":"Feature","geometry":{"type":"Point","coordinates":[1.2658846,35.1140017]},"properties":{"id":470,"post_code":"14026","name":"Tousnina","name_ar":"توسنينة","daira":"Sougueur","daira_ar":"السوقر","wilaya_code":14}},
{"type":"Feature","geometry":{"type":"Point","coordinates":[1.0403751,35.0625636]},"properties":{"id":471,"post_code":"14027","name":"Frenda","name_ar":"فرندة","daira":"Frenda","daira_ar":"فرندة","wilaya_code":14}},
{"type":"Feature","geometry":{"type":"Point","coordinates":[1.0010300,34.9297691]},"properties":{"id":472,"post_code":"14028","name":"Ain Kermes","name_ar":"عين كرمس","daira":"Ain Kermes","daira_ar":"عين كرمس","wilaya_code":14}},
{"type":"Feature","geometry":{"type":"Point","coordinates":[2.3002837,35.2197113]},"properties":{"id":473,"post_code":"64029","name":"Ksar Chellala","name_ar":"قصر الشلالة","daira":"Ksar Chellala","daira_ar":"قصر الشلالة","wilaya_code":64}},
{"type":"Feature","geometry":{"type":"Point","coordinates":[1.9612956,35.4099423]},"properties":{"id":474,"post_code":"64030","name":"Rechaiga","name_ar":"الرشايقة","daira":"Hamadia","daira_ar":"حمادية","wilaya_code":64}},
{"type":"Feature","geometry":{"type":"Point","coordinates":[1.2272501,35.2514714]},"properties":{"id":475,"post_code":"14031","name":"Nadorah","name_ar":"ملاكو","daira":"Mahdia","daira_ar":"مهدية","wilaya_code":14}},
{"type":"Feature","geometry":{"type":"Point","coordinates":[1.2243641,35.3354988]},"properties":{"id":476,"post_code":"14032","name":"Tagdemt","name_ar":"تاقدمت","daira":null,"daira_ar":null,"wilaya_code":14}},
{"type":"Feature","geometry":{"type":"Point","coordinates":[1.2582952,35.5119281]},"properties":{"id":477,"post_code":"14033","name":"Oued Lilli","name_ar":"وادى ليلى","daira":"Oued Lili","daira_ar":"وادي ليلي","wilaya_code":14}},
{"type":"Feature","geometry":{"type":"Point","coordinates":[1.3916159,35.3599899]},"properties":{"id":478,"post_code":"14034","name":"Mechraa Safa","name_ar":"مشرع الصفاء","daira":"Mechraa Sfa","daira_ar":"مشرع الصفا","wilaya_code":14}},
{"type":"Feature","geometry":{"type":"Point","coordinates":[1.8652296,35.4612984]},"properties":{"id":479,"post_code":"64035","name":"Hamadia","name_ar":"الحمادية","daira":"Hamadia","daira_ar":"حمادية","wilaya_code":64}},
{"type":"Feature","geometry":{"type":"Point","coordinates":[1.2948222,34.8974820]},"properties":{"id":480,"post_code":"14036","name":"Chehaima","name_ar":"شحيمة","daira":"Ain Deheb","daira_ar":"عين الذهب","wilaya_code":14}},
{"type":"Feature","geometry":{"type":"Point","coordinates":[0.6649302,35.1048114]},"properties":{"id":481,"post_code":"14037","name":"Takhemaret","name_ar":"تاخمرت","daira":"Frenda","daira_ar":"فرندة","wilaya_code":14}},
{"type":"Feature","geometry":{"type":"Point","coordinates":[1.1235237,34.7996374]},"properties":{"id":482,"post_code":"14038","name":"Sidi Abderrahmane","name_ar":"سيدي عبدالرحمان","daira":"Ain Kermes","daira_ar":"عين كرمس","wilaya_code":14}},
{"type":"Feature","geometry":{"type":"Point","coordinates":[2.4738335,35.2557642]},"properties":{"id":483,"post_code":"64039","name":"Serghine","name_ar":"سرغين","daira":"Ksar Chellala","daira_ar":"قصر الشلالة","wilaya_code":64}},
{"type":"Feature","geometry":{"type":"Point","coordinates":[1.9566606,35.5542945]},"properties":{"id":484,"post_code":"64040","name":"Bougara","name_ar":"بوقرة","daira":"Hamadia","daira_ar":"حمادية","wilaya_code":64}},
{"type":"Feature","geometry":{"type":"Point","coordinates":[1.3916159,35.3599899]},"properties":{"id":485,"post_code":"14041","name":"Faidja","name_ar":"الفايجة","daira":"Sougueur","daira_ar":"السوقر","wilaya_code":14}},
{"type":"Feature","geometry":{"type":"Point","coordinates":[1.2631810,35.5832360]},"properties":{"id":486,"post_code":"14042","name":"Tidda","name_ar":"تيدة","daira":"Oued Lili","daira_ar":"وادي ليلي","wilaya_code":14}},
{"type":"Feature","geometry":{"type":"Point","coordinates":[4.0059166,36.7001863]},"properties":{"id":487,"post_code":"15001","name":"Tizi Ouzou","name_ar":"تيزي وزو","daira":"Tizi Ouzou","daira_ar":"تيزي وزو","wilaya_code":15}},
{"type":"Feature","geometry":{"type":"Point","coordinates":[4.2467570,36.5725501]},"properties":{"id":488,"post_code":"15002","name":"Ain El Hammam","name_ar":"عين الحمام","daira":"Ain El Hammam","daira_ar":"عين الحمام","wilaya_code":15}},
{"type":"Feature","geometry":{"type":"Point","coordinates":[4.2789395,36.5045347]},"properties":{"id":489,"post_code":"15003","name":"Akbil","name_ar":"أقبيل","daira":"Ain El Hammam","daira_ar":"عين الحمام","wilaya_code":15}},
{"type":"Feature","geometry":{"type":"Point","coordinates":[4.1820964,36.7609641]},"properties":{"id":490,"post_code":"15004","name":"Freha","name_ar":"فريحة","daira":"Azazga","daira_ar":"عزازقة","wilaya_code":15}},
{"type":"Feature","geometry":{"type":"Point","coordinates":[4.2847082,36.6699749]},"properties":{"id":491,"post_code":"15005","name":"Souamaa","name_ar":"صوامع","daira":"Mekla","daira_ar":"مقلع","wilaya_code":15}},
{"type":"Feature","geometry":{"type":"Point","coordinates":[3.9810203,36.5543756]},"properties":{"id":492,"post_code":"15006","name":"Mechtrass","name_ar":"مشطراس","daira":"Boghni","daira_ar":"بوغني","wilaya_code":15}},
{"type":"Feature","geometry":{"type":"Point","coordinates":[4.1060517,36.6675039]},"properties":{"id":493,"post_code":"15007","name":"Irdjen","name_ar":"إرجن","daira":"Larbaa Nath Iraten","daira_ar":"الأربعاء ناث إيراثن","wilaya_code":15}},
{"type":"Feature","geometry":{"type":"Point","coordinates":[4.1694482,36.7971206]},"properties":{"id":494,"post_code":"15008","name":"Timizart","name_ar":"تيميزارت","daira":"Ouaguenoun","daira_ar":"واقنون","wilaya_code":15}},
{"type":"Feature","geometry":{"type":"Point","coordinates":[4.0162747,36.7937385]},"properties":{"id":495,"post_code":"15009","name":"Makouda","name_ar":"ماكودة","daira":"Makouda","daira_ar":"ماكودة","wilaya_code":15}},
{"type":"Feature","geometry":{"type":"Point","coordinates":[3.7377549,36.5470073]},"properties":{"id":496,"post_code":"15010","name":"Draa El Mizan","name_ar":"ذراع الميزان","daira":"Draa El Mizan","daira_ar":"ذراع الميزان","wilaya_code":15}},
{"type":"Feature","geometry":{"type":"Point","coordinates":[3.7422175,36.5902982]},"properties":{"id":497,"post_code":"15011","name":"Tizi Ghenif","name_ar":"تيزي غنيف","daira":"Tizi-Ghenif","daira_ar":"تيزي غنيف","wilaya_code":15}},
{"type":"Feature","geometry":{"type":"Point","coordinates":[3.9005751,36.4936137]},"properties":{"id":498,"post_code":"15012","name":"Bounouh","name_ar":"بونوح","daira":"Boghni","daira_ar":"بوغني","wilaya_code":15}},
{"type":"Feature","geometry":{"type":"Point","coordinates":[4.4618199,36.8274474]},"properties":{"id":499,"post_code":"15013","name":"Ait Chaffaa","name_ar":"آيت شفعة","daira":"Azeffoun","daira_ar":"أزفون","wilaya_code":15}},
{"type":"Feature","geometry":{"type":"Point","coordinates":[3.8441856,36.4984125]},"properties":{"id":500,"post_code":"15014","name":"Frikat","name_ar":"فريقات","daira":"Draa El Mizan","daira_ar":"ذراع الميزان","wilaya_code":15}},
{"type":"Feature","geometry":{"type":"Point","coordinates":[4.0545452,36.6547723]},"properties":{"id":501,"post_code":"15015","name":"Beni Aissi","name_ar":"بني عيسي","daira":"Beni Douala","daira_ar":"بني دوالة","wilaya_code":15}},
{"type":"Feature","geometry":{"type":"Point","coordinates":[4.0034000,36.6377976]},"properties":{"id":502,"post_code":"15016","name":"Beni Zmenzer","name_ar":"أيت زمنزر","daira":"Beni Douala","daira_ar":"بني دوالة","wilaya_code":15}},
{"type":"Feature","geometry":{"type":"Point","coordinates":[4.3082031,36.5212265]},"properties":{"id":503,"post_code":"15017","name":"Iferhounene","name_ar":"إيفرحونن","daira":"Iferhounene","daira_ar":"إفرحونان","wilaya_code":15}},
{"type":"Feature","geometry":{"type":"Point","coordinates":[4.3001578,36.7422819]},"properties":{"id":504,"post_code":"15018","name":"Azazga","name_ar":"عزازقة","daira":"Azazga","daira_ar":"عزازقة","wilaya_code":15}},
{"type":"Feature","geometry":{"type":"Point","coordinates":[4.3743839,36.5648402]},"properties":{"id":505,"post_code":"15019","name":"Iloula Oumalou","name_ar":"إيلولة أمالو","daira":"Bouzeguene","daira_ar":"بوزقن","wilaya_code":15}},
{"type":"Feature","geometry":{"type":"Point","coordinates":[4.3947111,36.7370677]},"properties":{"id":506,"post_code":"15020","name":"Yakouren","name_ar":"اعكورن","daira":"Azazga","daira_ar":"عزازقة","wilaya_code":15}},
{"type":"Feature","geometry":{"type":"Point","coordinates":[4.1448706,36.6369786]},"properties":{"id":507,"post_code":"15021","name":"Larba Nait Irathen","name_ar":"الأربعاء نايت إيراثن","daira":"Larbaa Nath Iraten","daira_ar":"الأربعاء ناث إيراثن","wilaya_code":15}},
{"type":"Feature","geometry":{"type":"Point","coordinates":[4.1508398,36.6869348]},"properties":{"id":508,"post_code":"15022","name":"Tizi Rached","name_ar":"تيزي راشد","daira":"Tizi Rached","daira_ar":"تيزي راشد","wilaya_code":15}},
{"type":"Feature","geometry":{"type":"Point","coordinates":[4.5092844,36.7845712]},"properties":{"id":509,"post_code":"15023","name":"Zekri","name_ar":"زكري","daira":"Azazga","daira_ar":"عزازقة","wilaya_code":15}},
{"type":"Feature","geometry":{"type":"Point","coordinates":[4.1374033,36.7575800]},"properties":{"id":510,"post_code":"15024","name":"Ouaguenoun","name_ar":"واقنون","daira":"Ouaguenoun","daira_ar":"واقنون","wilaya_code":15}},
{"type":"Feature","geometry":{"type":"Point","coordinates":[3.8364146,36.5763940]},"properties":{"id":511,"post_code":"15025","name":"Ain Zaouia","name_ar":"عين الزاوية","daira":"Draa El Mizan","daira_ar":"ذراع الميزان","wilaya_code":15}},
{"type":"Feature","geometry":{"type":"Point","coordinates":[3.7426895,36.6308053]},"properties":{"id":512,"post_code":"15026","name":"Mkira","name_ar":"مكيرة","daira":"Tizi-Ghenif","daira_ar":"تيزي غنيف","wilaya_code":15}},
{"type":"Feature","geometry":{"type":"Point","coordinates":[4.2844951,36.5983865]},"properties":{"id":513,"post_code":"15027","name":"Ait Yahia","name_ar":"أيت يحي","daira":"Ain El Hammam","daira_ar":"عين الحمام","wilaya_code":15}},
{"type":"Feature","geometry":{"type":"Point","coordinates":[4.0829223,36.6099011]},"properties":{"id":514,"post_code":"15028","name":"Ait Mahmoud","name_ar":"أيت محمود","daira":"Beni Douala","daira_ar":"بني دوالة","wilaya_code":15}},
{"type":"Feature","geometry":{"type":"Point","coordinates":[3.9321607,36.6103742]},"properties":{"id":515,"post_code":"15029","name":"Maatka","name_ar":"المعاتقة","daira":"Maatkas","daira_ar":"معاتقة","wilaya_code":15}},
{"type":"Feature","geometry":{"type":"Point","coordinates":[4.1571444,36.4881938]},"properties":{"id":516,"post_code":"15030","name":"Ait Boumehdi","name_ar":"آيت بومھدى","daira":"Ouacif","daira_ar":"واسيف","wilaya_code":15}},
{"type":"Feature","geometry":{"type":"Point","coordinates":[4.3011139,36.5246790]},"properties":{"id":517,"post_code":"15031","name":"Abi Youcef","name_ar":"أبي يوسف","daira":"Ain El Hammam","daira_ar":"عين الحمام","wilaya_code":15}},
{"type":"Feature","geometry":{"type":"Point","coordinates":[4.0457361,36.6234865]},"properties":{"id":518,"post_code":"15032","name":"Beni Douala","name_ar":"بني دوالة","daira":"Beni Douala","daira_ar":"بني دوالة","wilaya_code":15}},
{"type":"Feature","geometry":{"type":"Point","coordinates":[4.3705193,36.5107269]},"properties":{"id":519,"post_code":"15033","name":"Illilten","name_ar":"إليلتن","daira":"Iferhounene","daira_ar":"إفرحونان","wilaya_code":15}},
{"type":"Feature","geometry":{"type":"Point","coordinates":[4.4228207,36.6175618]},"properties":{"id":520,"post_code":"15034","name":"Bouzguen","name_ar":"بوزقن","daira":"Bouzeguene","daira_ar":"بوزقن","wilaya_code":15}},
{"type":"Feature","geometry":{"type":"Point","coordinates":[4.2120707,36.6198894]},"properties":{"id":521,"post_code":"15035","name":"Ait Aggouacha","name_ar":"أيت أقواشة","daira":"Larbaa Nath Iraten","daira_ar":"الأربعاء ناث إيراثن","wilaya_code":15}},
{"type":"Feature","geometry":{"type":"Point","coordinates":[4.0785704,36.5677265]},"properties":{"id":522,"post_code":"15036","name":"Ouadhia","name_ar":"واضية","daira":"Ouadhias","daira_ar":"واضية","wilaya_code":15}},
{"type":"Feature","geometry":{"type":"Point","coordinates":[4.3178818,36.8702256]},"properties":{"id":523,"post_code":"15037","name":"Azzefoun","name_ar":"أزفون","daira":"Azeffoun","daira_ar":"أزفون","wilaya_code":15}},
{"type":"Feature","geometry":{"type":"Point","coordinates":[4.1020626,36.8639518]},"properties":{"id":524,"post_code":"15038","name":"Tigzirt","name_ar":"تقزيرت","daira":"Tigzirt","daira_ar":"تيقزيرت","wilaya_code":15}},
{"type":"Feature","geometry":{"type":"Point","coordinates":[4.0819593,36.7514348]},"properties":{"id":525,"post_code":"15039","name":"Ait Aissa Mimoun","name_ar":"آيت عيسى ميمون","daira":"Ouaguenoun","daira_ar":"واقنون","wilaya_code":15}},
{"type":"Feature","geometry":{"type":"Point","coordinates":[3.9000151,36.5145938]},"properties":{"id":526,"post_code":"15040","name":"Boghni","name_ar":"بوغني","daira":"Boghni","daira_ar":"بوغني","wilaya_code":15}},
{"type":"Feature","geometry":{"type":"Point","coordinates":[4.3826971,36.6655524]},"properties":{"id":527,"post_code":"15041","name":"Ifigha","name_ar":"ايفيغاء","daira":"Azazga","daira_ar":"عزازقة","wilaya_code":15}},
{"type":"Feature","geometry":{"type":"Point","coordinates":[4.1929358,36.6546349]},"properties":{"id":528,"post_code":"15042","name":"Ait Oumalou","name_ar":"آيت أومالو","daira":"Tizi Rached","daira_ar":"تيزي راشد","wilaya_code":15}},
{"type":"Feature","geometry":{"type":"Point","coordinates":[3.9267051,36.6686122]},"properties":{"id":529,"post_code":"15043","name":"Tirmitine","name_ar":"ترمتين","daira":"Draa Ben Khedda","daira_ar":"ذراع بن خدة","wilaya_code":15}},
{"type":"Feature","geometry":{"type":"Point","coordinates":[4.4087242,36.8097183]},"properties":{"id":530,"post_code":"15044","name":"Akerrou","name_ar":"أقرو","daira":"Azeffoun","daira_ar":"أزفون","wilaya_code":15}},
{"type":"Feature","geometry":{"type":"Point","coordinates":[4.2052774,36.5076873]},"properties":{"id":531,"post_code":"15045","name":"Yatafen","name_ar":"يطافن","daira":"Benni Yenni","daira_ar":"بني يني","wilaya_code":15}},
{"type":"Feature","geometry":{"type":"Point","coordinates":[4.4700776,36.5577577]},"properties":{"id":532,"post_code":"15046","name":"Beni Ziki","name_ar":"بنى زيكى","daira":"Bouzeguene","daira_ar":"بوزقن","wilaya_code":15}},
{"type":"Feature","geometry":{"type":"Point","coordinates":[3.9216358,36.7218395]},"properties":{"id":533,"post_code":"15047","name":"Draa Ben Khedda","name_ar":"ذراع بن خدة","daira":"Draa Ben Khedda","daira_ar":"ذراع بن خدة","wilaya_code":15}},
{"type":"Feature","geometry":{"type":"Point","coordinates":[4.1780763,36.5181060]},"properties":{"id":534,"post_code":"15048","name":"Ouacif","name_ar":"واسيف","daira":"Ouacif","daira_ar":"واسيف","wilaya_code":15}},
{"type":"Feature","geometry":{"type":"Point","coordinates":[4.4981712,36.6731533]},"properties":{"id":535,"post_code":"15049","name":"Idjeur","name_ar":"آجر","daira":"Bouzeguene","daira_ar":"بوزقن","wilaya_code":15}},
{"type":"Feature","geometry":{"type":"Point","coordinates":[4.1969679,36.6754811]},"properties":{"id":536,"post_code":"15050","name":"Mekla","name_ar":"مقلع","daira":"Mekla","daira_ar":"مقلع","wilaya_code":15}},
{"type":"Feature","geometry":{"type":"Point","coordinates":[4.0110525,36.5614012]},"properties":{"id":537,"post_code":"15051","name":"Tizi Nthlata","name_ar":"تيزي نثلاثة","daira":"Ouadhias","daira_ar":"واضية","wilaya_code":15}},
{"type":"Feature","geometry":{"type":"Point","coordinates":[4.1617148,36.5780655]},"properties":{"id":538,"post_code":"15052","name":"Beni Yenni","name_ar":"بني يني","daira":"Benni Yenni","daira_ar":"بني يني","wilaya_code":15}},
{"type":"Feature","geometry":{"type":"Point","coordinates":[4.2726598,36.8198487]},"properties":{"id":539,"post_code":"15053","name":"Aghrib","name_ar":"أغريب","daira":"Azeffoun","daira_ar":"أزفون","wilaya_code":15}},
{"type":"Feature","geometry":{"type":"Point","coordinates":[4.1818421,36.8728441]},"properties":{"id":540,"post_code":"15054","name":"Iflissen","name_ar":"إفليسن","daira":"Tigzirt","daira_ar":"تيقزيرت","wilaya_code":15}},
{"type":"Feature","geometry":{"type":"Point","coordinates":[4.1193574,36.8046355]},"properties":{"id":541,"post_code":"15055","name":"Boudjima","name_ar":"بوجيمة","daira":"Makouda","daira_ar":"ماكودة","wilaya_code":15}},
{"type":"Feature","geometry":{"type":"Point","coordinates":[3.8041329,36.6423405]},"properties":{"id":542,"post_code":"15056","name":"Ait Yahia Moussa","name_ar":"أيت يحي موسى","daira":"Draa El Mizan","daira_ar":"ذراع الميزان","wilaya_code":15}},
{"type":"Feature","geometry":{"type":"Point","coordinates":[3.9314975,36.6035414]},"properties":{"id":543,"post_code":"15057","name":"Souk El Thenine","name_ar":"سوق الإثنين","daira":"Maatkas","daira_ar":"معاتقة","wilaya_code":15}},
{"type":"Feature","geometry":{"type":"Point","coordinates":[4.2387675,36.6760946]},"properties":{"id":544,"post_code":"15058","name":"Ait Khelil","name_ar":"أيت خليلي","daira":"Mekla","daira_ar":"مقلع","wilaya_code":15}},
{"type":"Feature","geometry":{"type":"Point","coordinates":[3.9208277,36.7771939]},"properties":{"id":545,"post_code":"15059","name":"Sidi Naamane","name_ar":"سيدي نعمان","daira":"Draa Ben Khedda","daira_ar":"ذراع بن خدة","wilaya_code":15}},
{"type":"Feature","geometry":{"type":"Point","coordinates":[4.1786226,36.5115392]},"properties":{"id":546,"post_code":"15060","name":"Iboudraren","name_ar":"أبودرارن","daira":"Benni Yenni","daira_ar":"بني يني","wilaya_code":15}},
{"type":"Feature","geometry":{"type":"Point","coordinates":[4.0879622,36.5042565]},"properties":{"id":547,"post_code":"15061","name":"Agouni Gueghrane","name_ar":"آقنى قغران","daira":"Ouadhias","daira_ar":"واضية","wilaya_code":15}},
{"type":"Feature","geometry":{"type":"Point","coordinates":[4.0352004,36.8631777]},"properties":{"id":548,"post_code":"15062","name":"Mizrana","name_ar":"مزرانة","daira":"Tigzirt","daira_ar":"تيقزيرت","wilaya_code":15}},
{"type":"Feature","geometry":{"type":"Point","coordinates":[4.3630843,36.5781164]},"properties":{"id":549,"post_code":"15063","name":"Imsouhal","name_ar":"إمسوحال","daira":"Iferhounene","daira_ar":"إفرحونان","wilaya_code":15}},
{"type":"Feature","geometry":{"type":"Point","coordinates":[3.8253437,36.7209434]},"properties":{"id":550,"post_code":"15064","name":"Tadmait","name_ar":"تادمايت","daira":"Draa Ben Khedda","daira_ar":"ذراع بن خدة","wilaya_code":15}},
{"type":"Feature","geometry":{"type":"Point","coordinates":[4.0215722,36.5074837]},"properties":{"id":551,"post_code":"15065","name":"Ait Bouadou","name_ar":"أيت بوعدو","daira":"Ouadhias","daira_ar":"واضية","wilaya_code":15}},
{"type":"Feature","geometry":{"type":"Point","coordinates":[3.9916789,36.5028276]},"properties":{"id":552,"post_code":"15066","name":"Assi Youcef","name_ar":"أسي يوسف","daira":"Boghni","daira_ar":"بوغني","wilaya_code":15}},
{"type":"Feature","geometry":{"type":"Point","coordinates":[4.1318418,36.5308324]},"properties":{"id":553,"post_code":"15067","name":"Ait Toudert","name_ar":"أيت تودرت","daira":"Ouacif","daira_ar":"واسيف","wilaya_code":15}},
{"type":"Feature","geometry":{"type":"Point","coordinates":[3.0404258,36.7681618]},"properties":{"id":554,"post_code":"16001","name":"Alger Centre","name_ar":"الجزائر الوسطى","daira":"Sidi M'hamed","daira_ar":"سيدي امحمد","wilaya_code":16}},
{"type":"Feature","geometry":{"type":"Point","coordinates":[3.0467857,36.7592850]},"properties":{"id":555,"post_code":"16002","name":"Sidi Mhamed","name_ar":"سيدي امحمد","daira":"Sidi M'hamed","daira_ar":"سيدي امحمد","wilaya_code":16}},
{"type":"Feature","geometry":{"type":"Point","coordinates":[3.0604942,36.7422816]},"properties":{"id":556,"post_code":"16003","name":"El Madania","name_ar":"المدنية","daira":"Sidi M'hamed","daira_ar":"سيدي امحمد","wilaya_code":16}},
{"type":"Feature","geometry":{"type":"Point","coordinates":[3.0639145,36.7504548]},"properties":{"id":557,"post_code":"16004","name":"Belouizdad","name_ar":"بلوزداد","daira":"Hussein Dey","daira_ar":"حسين داي","wilaya_code":16}},
{"type":"Feature","geometry":{"type":"Point","coordinates":[3.0445432,36.7917802]},"properties":{"id":558,"post_code":"16005","name":"Bab El Oued","name_ar":"باب الواد","daira":"Bab El Oued","daira_ar":"باب الوادي","wilaya_code":16}},
{"type":"Feature","geometry":{"type":"Point","coordinates":[3.0296193,36.8039256]},"properties":{"id":559,"post_code":"16006","name":"Bologhine","name_ar":"بولوغين","daira":"Bab El Oued","daira_ar":"باب الوادي","wilaya_code":16}},
{"type":"Feature","geometry":{"type":"Point","coordinates":[3.0504945,36.7847303]},"properties":{"id":560,"post_code":"16007","name":"Casbah","name_ar":"القصبة","daira":"Bab El Oued","daira_ar":"باب الوادي","wilaya_code":16}},
{"type":"Feature","geometry":{"type":"Point","coordinates":[3.0243678,36.7850295]},"properties":{"id":561,"post_code":"16008","name":"Oued Koriche","name_ar":"وادي قريش","daira":"Bab El Oued","daira_ar":"باب الوادي","wilaya_code":16}},
{"type":"Feature","geometry":{"type":"Point","coordinates":[3.0257462,36.7302710]},"properties":{"id":562,"post_code":"16009","name":"Bir Mourad Rais","name_ar":"بير مراد رايس","daira":"Bir Mourad Rais","daira_ar":"بئر مراد رايس","wilaya_code":16}},
{"type":"Feature","geometry":{"type":"Point","coordinates":[3.0119382,36.7671977]},"properties":{"id":563,"post_code":"16010","name":"El Biar","name_ar":"الآبيار","daira":"Bouzareah","daira_ar":"بوزريعة","wilaya_code":16}},
{"type":"Feature","geometry":{"type":"Point","coordinates":[2.9938601,36.7891132]},"properties":{"id":564,"post_code":"16011","name":"Bouzareah","name_ar":"بوزريعة","daira":"Bouzareah","daira_ar":"بوزريعة","wilaya_code":16}},
{"type":"Feature","geometry":{"type":"Point","coordinates":[3.0311349,36.7146375]},"properties":{"id":565,"post_code":"16012","name":"Birkhadem","name_ar":"بئر خادم","daira":"Bir Mourad Rais","daira_ar":"بئر مراد رايس","wilaya_code":16}},
{"type":"Feature","geometry":{"type":"Point","coordinates":[3.1217531,36.7120702]},"properties":{"id":566,"post_code":"16013","name":"El Harrach","name_ar":"الحراش","daira":"El Harrach","daira_ar":"الحراش","wilaya_code":16}},
{"type":"Feature","geometry":{"type":"Point","coordinates":[3.0635219,36.6701186]},"properties":{"id":567,"post_code":"16014","name":"Baraki","name_ar":"براقي","daira":"Baraki","daira_ar":"براقي","wilaya_code":16}},
{"type":"Feature","geometry":{"type":"Point","coordinates":[3.1596368,36.7098628]},"properties":{"id":568,"post_code":"16015","name":"Oued Smar","name_ar":"وادي سمار","daira":"El Harrach","daira_ar":"الحراش","wilaya_code":16}},
{"type":"Feature","geometry":{"type":"Point","coordinates":[3.0955372,36.7166963]},"properties":{"id":569,"post_code":"16016","name":"Bourouba","name_ar":"بوروبة","daira":"El Harrach","daira_ar":"الحراش","wilaya_code":16}},
{"type":"Feature","geometry":{"type":"Point","coordinates":[3.0914013,36.7402922]},"properties":{"id":570,"post_code":"16017","name":"Hussein Dey","name_ar":"حسين داي","daira":"Hussein Dey","daira_ar":"حسين داي","wilaya_code":16}},
{"type":"Feature","geometry":{"type":"Point","coordinates":[3.0598317,36.7241467]},"properties":{"id":571,"post_code":"16018","name":"Kouba","name_ar":"القبة","daira":"Hussein Dey","daira_ar":"حسين داي","wilaya_code":16}},
{"type":"Feature","geometry":{"type":"Point","coordinates":[3.0940781,36.7231210]},"properties":{"id":572,"post_code":"16019","name":"Bachedjerah","name_ar":"باش جراح","daira":"El Harrach","daira_ar":"الحراش","wilaya_code":16}},
{"type":"Feature","geometry":{"type":"Point","coordinates":[3.1766575,36.7024372]},"properties":{"id":573,"post_code":"16020","name":"Dar El Beida","name_ar":"الدار البيضاء","daira":"Dar El Beida","daira_ar":"الدار البيضاء","wilaya_code":16}},
{"type":"Feature","geometry":{"type":"Point","coordinates":[3.1689279,36.7228311]},"properties":{"id":574,"post_code":"16021","name":"Bab Azzouar","name_ar":"باب الزوار","daira":"Dar El Beida","daira_ar":"الدار البيضاء","wilaya_code":16}},
{"type":"Feature","geometry":{"type":"Point","coordinates":[2.9946244,36.7571759]},"properties":{"id":575,"post_code":"16022","name":"Ben Aknoun","name_ar":"بن عكنون","daira":"Bouzareah","daira_ar":"بوزريعة","wilaya_code":16}},
{"type":"Feature","geometry":{"type":"Point","coordinates":[2.9624460,36.7567281]},"properties":{"id":576,"post_code":"16023","name":"Dely Ibrahim","name_ar":"دالي ابراهيم","daira":"Cheraga","daira_ar":"الشراقة","wilaya_code":16}},
{"type":"Feature","geometry":{"type":"Point","coordinates":[2.9559659,36.8024015]},"properties":{"id":577,"post_code":"16024","name":"El Hammamet","name_ar":"الحمامات","daira":"Cheraga","daira_ar":"الشراقة","wilaya_code":16}},
{"type":"Feature","geometry":{"type":"Point","coordinates":[2.9921434,36.8077359]},"properties":{"id":578,"post_code":"16025","name":"Rais Hamidou","name_ar":"الرايس حميدو","daira":"Bab El Oued","daira_ar":"باب الوادي","wilaya_code":16}},
{"type":"Feature","geometry":{"type":"Point","coordinates":[3.0610977,36.6927735]},"properties":{"id":579,"post_code":"16026","name":"Djasr Kasentina","name_ar":"جسر قسنطينة","daira":"Bir Mourad Rais","daira_ar":"بئر مراد رايس","wilaya_code":16}},
{"type":"Feature","geometry":{"type":"Point","coordinates":[3.0384439,36.7490236]},"properties":{"id":580,"post_code":"16027","name":"El Mouradia","name_ar":"المرادية","daira":"Sidi M'hamed","daira_ar":"سيدي امحمد","wilaya_code":16}},
{"type":"Feature","geometry":{"type":"Point","coordinates":[3.0079149,36.7407683]},"properties":{"id":581,"post_code":"16028","name":"Hydra","name_ar":"حيدرة","daira":"Bir Mourad Rais","daira_ar":"بئر مراد رايس","wilaya_code":16}},
{"type":"Feature","geometry":{"type":"Point","coordinates":[3.1359743,36.7353224]},"properties":{"id":582,"post_code":"16029","name":"Mohammadia","name_ar":"المحمدية","daira":"Dar El Beida","daira_ar":"الدار البيضاء","wilaya_code":16}},
{"type":"Feature","geometry":{"type":"Point","coordinates":[3.1868338,36.7533604]},"properties":{"id":583,"post_code":"16030","name":"Bordj El Kiffan","name_ar":"برج الكيفان","daira":"Dar El Beida","daira_ar":"الدار البيضاء","wilaya_code":16}},
{"type":"Feature","geometry":{"type":"Point","coordinates":[3.1026854,36.7305475]},"properties":{"id":584,"post_code":"16031","name":"El Magharia","name_ar":"المقرية","daira":"Hussein Dey","daira_ar":"حسين داي","wilaya_code":16}},
{"type":"Feature","geometry":{"type":"Point","coordinates":[2.9591524,36.7844574]},"properties":{"id":585,"post_code":"16032","name":"Beni Messous","name_ar":"بني مسوس","daira":"Bouzareah","daira_ar":"بوزريعة","wilaya_code":16}},
{"type":"Feature","geometry":{"type":"Point","coordinates":[3.1306093,36.6681680]},"properties":{"id":586,"post_code":"16033","name":"Les Eucalyptus","name_ar":"الكليتوس","daira":"Baraki","daira_ar":"براقي","wilaya_code":16}},
{"type":"Feature","geometry":{"type":"Point","coordinates":[2.9745906,36.6424589]},"properties":{"id":587,"post_code":"16034","name":"Birtouta","name_ar":"بئر توتة","daira":"Birtouta","daira_ar":"بئر توتة","wilaya_code":16}},
{"type":"Feature","geometry":{"type":"Point","coordinates":[2.8848547,36.6277781]},"properties":{"id":588,"post_code":"16035","name":"Tassala El Merdja","name_ar":"تسالة المرجة","daira":"Birtouta","daira_ar":"بئر توتة","wilaya_code":16}},
{"type":"Feature","geometry":{"type":"Point","coordinates":[2.9737753,36.6082831]},"properties":{"id":589,"post_code":"16036","name":"Ouled Chebel","name_ar":"أولاد الشبل","daira":"Birtouta","daira_ar":"بئر توتة","wilaya_code":16}},
{"type":"Feature","geometry":{"type":"Point","coordinates":[3.0682748,36.6162931]},"properties":{"id":590,"post_code":"16037","name":"Sidi Moussa","name_ar":"سيدي موسى","daira":"Baraki","daira_ar":"براقي","wilaya_code":16}},
{"type":"Feature","geometry":{"type":"Point","coordinates":[3.2742797,36.7880614]},"properties":{"id":591,"post_code":"16038","name":"Ain Taya","name_ar":"عين طاية","daira":"Dar El Beida","daira_ar":"الدار البيضاء","wilaya_code":16}},
{"type":"Feature","geometry":{"type":"Point","coordinates":[3.2321689,36.7880016]},"properties":{"id":592,"post_code":"16039","name":"Bordj El Bahri","name_ar":"برج البحري","daira":"Dar El Beida","daira_ar":"الدار البيضاء","wilaya_code":16}},
{"type":"Feature","geometry":{"type":"Point","coordinates":[3.2263432,36.8081013]},"properties":{"id":593,"post_code":"16040","name":"Marsa","name_ar":"المرسى","daira":"Dar El Beida","daira_ar":"الدار البيضاء","wilaya_code":16}},
{"type":"Feature","geometry":{"type":"Point","coordinates":[3.3006834,36.7726194]},"properties":{"id":594,"post_code":"16041","name":"Haraoua","name_ar":"هراوة","daira":"Rouiba","daira_ar":"الرويبة","wilaya_code":16}},
{"type":"Feature","geometry":{"type":"Point","coordinates":[3.2491683,36.7375877]},"properties":{"id":595,"post_code":"16042","name":"Rouiba","name_ar":"رويبة","daira":"Rouiba","daira_ar":"الرويبة","wilaya_code":16}},
{"type":"Feature","geometry":{"type":"Point","coordinates":[3.3121520,36.7538466]},"properties":{"id":596,"post_code":"16043","name":"Reghaia","name_ar":"الرغاية","daira":"Rouiba","daira_ar":"الرويبة","wilaya_code":16}},
{"type":"Feature","geometry":{"type":"Point","coordinates":[2.9099606,36.7941279]},"properties":{"id":597,"post_code":"16044","name":"Ain Benian","name_ar":"عين بنيان","daira":"Cheraga","daira_ar":"الشراقة","wilaya_code":16}},
{"type":"Feature","geometry":{"type":"Point","coordinates":[2.8372776,36.7426531]},"properties":{"id":598,"post_code":"16045","name":"Staoueli","name_ar":"سطاوالي","daira":"Zeralda","daira_ar":"زرالدة","wilaya_code":16}},
{"type":"Feature","geometry":{"type":"Point","coordinates":[2.8049892,36.6995503]},"properties":{"id":599,"post_code":"16046","name":"Zeralda","name_ar":"زرالدة","daira":"Zeralda","daira_ar":"زرالدة","wilaya_code":16}},
{"type":"Feature","geometry":{"type":"Point","coordinates":[2.8158789,36.6721514]},"properties":{"id":600,"post_code":"16047","name":"Mahelma","name_ar":"محالمة","daira":"Zeralda","daira_ar":"زرالدة","wilaya_code":16}},
{"type":"Feature","geometry":{"type":"Point","coordinates":[2.8805201,36.6805606]},"properties":{"id":601,"post_code":"16048","name":"Rahmania","name_ar":"رحمانية","daira":"Zeralda","daira_ar":"زرالدة","wilaya_code":16}},
{"type":"Feature","geometry":{"type":"Point","coordinates":[2.8684395,36.7112067]},"properties":{"id":602,"post_code":"16049","name":"Souidania","name_ar":"سويدانية","daira":"Zeralda","daira_ar":"زرالدة","wilaya_code":16}},
{"type":"Feature","geometry":{"type":"Point","coordinates":[2.8933198,36.7596098]},"properties":{"id":603,"post_code":"16050","name":"Cheraga","name_ar":"شراقة","daira":"Cheraga","daira_ar":"الشراقة","wilaya_code":16}},
{"type":"Feature","geometry":{"type":"Point","coordinates":[2.9078787,36.7251350]},"properties":{"id":604,"post_code":"16051","name":"Ouled Fayet","name_ar":"أولاد فايت","daira":"Cheraga","daira_ar":"الشراقة","wilaya_code":16}},
{"type":"Feature","geometry":{"type":"Point","coordinates":[2.9530471,36.7269712]},"properties":{"id":605,"post_code":"16052","name":"El Achour","name_ar":"العاشور","daira":"Draria","daira_ar":"الدرارية","wilaya_code":16}},
{"type":"Feature","geometry":{"type":"Point","coordinates":[2.9677778,36.7132847]},"properties":{"id":606,"post_code":"16053","name":"Draria","name_ar":"درارية","daira":"Draria","daira_ar":"الدرارية","wilaya_code":16}},
{"type":"Feature","geometry":{"type":"Point","coordinates":[2.8979868,36.6681547]},"properties":{"id":607,"post_code":"16054","name":"Douera","name_ar":"دويرة","daira":"Draria","daira_ar":"الدرارية","wilaya_code":16}},
{"type":"Feature","geometry":{"type":"Point","coordinates":[2.9591094,36.6959627]},"properties":{"id":608,"post_code":"16055","name":"Baba Hassen","name_ar":"بابا حسن","daira":"Draria","daira_ar":"الدرارية","wilaya_code":16}},
{"type":"Feature","geometry":{"type":"Point","coordinates":[2.9639691,36.6691421]},"properties":{"id":609,"post_code":"16056","name":"Khracia","name_ar":"خرايسية","daira":"Draria","daira_ar":"الدرارية","wilaya_code":16}},
{"type":"Feature","geometry":{"type":"Point","coordinates":[3.0056614,36.6866758]},"properties":{"id":610,"post_code":"16057","name":"Saoula","name_ar":"السحاولة","daira":"Bir Mourad Rais","daira_ar":"بئر مراد رايس","wilaya_code":16}},
{"type":"Feature","geometry":{"type":"Point","coordinates":[3.2504381,34.6741226]},"properties":{"id":611,"post_code":"17001","name":"Djelfa","name_ar":"الجلفة","daira":"Djelfa","daira_ar":"الجلفة","wilaya_code":17}},
{"type":"Feature","geometry":{"type":"Point","coordinates":[3.4597278,34.5040006]},"properties":{"id":612,"post_code":"17002","name":"Moudjebara","name_ar":"مجبرة","daira":"Ain El Ibel","daira_ar":"عين الإبل","wilaya_code":17}},
{"type":"Feature","geometry":{"type":"Point","coordinates":[2.6057338,34.6468980]},"properties":{"id":613,"post_code":"17003","name":"El Guedid","name_ar":"القديد","daira":"Charef","daira_ar":"الشارف","wilaya_code":17}},
{"type":"Feature","geometry":{"type":"Point","coordinates":[2.9959141,35.0764297]},"properties":{"id":614,"post_code":"17004","name":"Hassi Bahbah","name_ar":"حاسي بحبح","daira":"Hassi Bahbah","daira_ar":"حاسي بحبح","wilaya_code":17}},
{"type":"Feature","geometry":{"type":"Point","coordinates":[3.1152247,34.8059782]},"properties":{"id":615,"post_code":"17005","name":"Ain Maabed","name_ar":"عين معبد","daira":"Hassi Bahbah","daira_ar":"حاسي بحبح","wilaya_code":17}},
{"type":"Feature","geometry":{"type":"Point","coordinates":[3.2188654,33.9518497]},"properties":{"id":616,"post_code":"66006","name":"Sed Rahal","name_ar":"سد رحال","daira":"Messaad","daira_ar":"مسعد","wilaya_code":66}},
{"type":"Feature","geometry":{"type":"Point","coordinates":[3.7719368,34.5303577]},"properties":{"id":617,"post_code":"17007","name":"Feidh El Botma","name_ar":"فيض البطمة","daira":"Faidh El Botma","daira_ar":"فيض البطمة","wilaya_code":66}},
{"type":"Feature","geometry":{"type":"Point","coordinates":[3.2060765,35.6315904]},"properties":{"id":618,"post_code":"65008","name":"Birine","name_ar":"البيرين","daira":"Birine","daira_ar":"بيرين","wilaya_code":65}},
{"type":"Feature","geometry":{"type":"Point","coordinates":[3.1338179,35.2444181]},"properties":{"id":619,"post_code":"17009","name":"Bouira Lahdeb","name_ar":"بويرة الأحداب","daira":"Had Sahary","daira_ar":"حد الصحاري","wilaya_code":65}},
{"type":"Feature","geometry":{"type":"Point","coordinates":[3.3213472,34.4305669]},"properties":{"id":620,"post_code":"17010","name":"Zaccar","name_ar":"زكار","daira":"Ain El Ibel","daira_ar":"عين الإبل","wilaya_code":17}},
{"type":"Feature","geometry":{"type":"Point","coordinates":[2.5915396,35.2876616]},"properties":{"id":621,"post_code":"17011","name":"El Khemis","name_ar":"الخميس","daira":"Sidi Laadjel","daira_ar":"سيدي لعجال","wilaya_code":65}},
{"type":"Feature","geometry":{"type":"Point","coordinates":[3.4258890,35.0582537]},"properties":{"id":622,"post_code":"17012","name":"Sidi Baizid","name_ar":"سيدي بايزيد","daira":"Dar Chioukh","daira_ar":"دار الشيوخ","wilaya_code":17}},
{"type":"Feature","geometry":{"type":"Point","coordinates":[3.4761000,34.7546461]},"properties":{"id":623,"post_code":"17013","name":"M'Liliha","name_ar":"المليليحة","daira":"Dar Chioukh","daira_ar":"دار الشيوخ","wilaya_code":17}},
{"type":"Feature","geometry":{"type":"Point","coordinates":[2.5095583,34.4515826]},"properties":{"id":624,"post_code":"17014","name":"El Idrissia","name_ar":"الإدريسية","daira":"El Idrissia","daira_ar":"الادريسية","wilaya_code":17}},
{"type":"Feature","geometry":{"type":"Point","coordinates":[2.6978792,34.3739232]},"properties":{"id":625,"post_code":"17015","name":"Douis","name_ar":"الدويس","daira":"El Idrissia","daira_ar":"الادريسية","wilaya_code":17}},
{"type":"Feature","geometry":{"type":"Point","coordinates":[3.2426298,35.1540377]},"properties":{"id":626,"post_code":"17016","name":"Hassi El Euch","name_ar":"حاسي العش","daira":"Hassi Bahbah","daira_ar":"حاسي بحبح","wilaya_code":17}},
{"type":"Feature","geometry":{"type":"Point","coordinates":[3.4682458,34.1658932]},"properties":{"id":627,"post_code":"66017","name":"Messaad","name_ar":"مسعد","daira":"Messaad","daira_ar":"مسعد","wilaya_code":66}},
{"type":"Feature","geometry":{"type":"Point","coordinates":[4.6788776,33.1614178]},"properties":{"id":628,"post_code":"17018","name":"Guettara","name_ar":"قتارة","daira":"Messaad","daira_ar":"مسعد","wilaya_code":66}},
{"type":"Feature","geometry":{"type":"Point","coordinates":[2.4941109,35.4433626]},"properties":{"id":629,"post_code":"65019","name":"Sidi Ladjel","name_ar":"سيدي لعجال","daira":null,"daira_ar":null,"wilaya_code":65}},
{"type":"Feature","geometry":{"type":"Point","coordinates":[3.3463044,35.3538344]},"properties":{"id":630,"post_code":"65020","name":"Had Sahary","name_ar":"حد الصحاري","daira":"Had Sahary","daira_ar":"حد الصحاري","wilaya_code":65}},
{"type":"Feature","geometry":{"type":"Point","coordinates":[2.6780462,35.2001485]},"properties":{"id":631,"post_code":"65021","name":"Guernini","name_ar":"القرنيني","daira":"Ain Oussera","daira_ar":"عين وسارة","wilaya_code":65}},
{"type":"Feature","geometry":{"type":"Point","coordinates":[3.5904298,34.1762848]},"properties":{"id":632,"post_code":"66022","name":"Selmana","name_ar":"سلمانة","daira":"Messaad","daira_ar":"مسعد","wilaya_code":66}},
{"type":"Feature","geometry":{"type":"Point","coordinates":[2.5105690,34.2421928]},"properties":{"id":633,"post_code":"17023","name":"Ain Chouhada","name_ar":"عين الشهداء","daira":"El Idrissia","daira_ar":"الادريسية","wilaya_code":17}},
{"type":"Feature","geometry":{"type":"Point","coordinates":[4.5251226,33.7195744]},"properties":{"id":634,"post_code":"17024","name":"Oum Laadham","name_ar":"ام العظام","daira":"Faidh El Botma","daira_ar":"فيض البطمة","wilaya_code":66}},
{"type":"Feature","geometry":{"type":"Point","coordinates":[3.4691904,34.8946674]},"properties":{"id":635,"post_code":"17025","name":"Dar Chouikh","name_ar":"دار الشيوخ","daira":"Dar Chioukh","daira_ar":"دار الشيوخ","wilaya_code":17}},
{"type":"Feature","geometry":{"type":"Point","coordinates":[2.7922440,34.6195930]},"properties":{"id":636,"post_code":"17026","name":"Charef","name_ar":"الشارف","daira":"Charef","daira_ar":"الشارف","wilaya_code":17}},
{"type":"Feature","geometry":{"type":"Point","coordinates":[2.7745782,34.4666662]},"properties":{"id":637,"post_code":"17027","name":"Beni Yacoub","name_ar":"بن يعقوب","daira":null,"daira_ar":null,"wilaya_code":17}},
{"type":"Feature","geometry":{"type":"Point","coordinates":[2.8442416,34.8540509]},"properties":{"id":638,"post_code":"17028","name":"Zaafrane","name_ar":"الزعفران","daira":"Hassi Bahbah","daira_ar":"حاسي بحبح","wilaya_code":17}},
{"type":"Feature","geometry":{"type":"Point","coordinates":[3.2993118,34.6672467]},"properties":{"id":639,"post_code":"66029","name":"Deldoul","name_ar":"دلدول","daira":"Messaad","daira_ar":"مسعد","wilaya_code":66}},
{"type":"Feature","geometry":{"type":"Point","coordinates":[3.2157325,34.3539985]},"properties":{"id":640,"post_code":"17030","name":"Ain El Ibel","name_ar":"عين الابل","daira":"Ain El Ibel","daira_ar":"عين الإبل","wilaya_code":17}},
{"type":"Feature","geometry":{"type":"Point","coordinates":[2.8711647,35.4466401]},"properties":{"id":641,"post_code":"65031","name":"Ain Oussera","name_ar":"عين وسارة","daira":"Ain Oussera","daira_ar":"عين وسارة","wilaya_code":65}},
{"type":"Feature","geometry":{"type":"Point","coordinates":[3.0055036,35.4848362]},"properties":{"id":642,"post_code":"65032","name":"Benhar","name_ar":"بنهار","daira":"Birine","daira_ar":"بيرين","wilaya_code":65}},
{"type":"Feature","geometry":{"type":"Point","coordinates":[2.1992396,35.4392023]},"properties":{"id":643,"post_code":"65033","name":"Hassi Fedoul","name_ar":"حاسي فدول","daira":"Sidi Laadjel","daira_ar":"سيدي لعجال","wilaya_code":65}},
{"type":"Feature","geometry":{"type":"Point","coordinates":[3.8660287,34.3553852]},"properties":{"id":644,"post_code":"17034","name":"Amourah","name_ar":"عمورة","daira":"Faidh El Botma","daira_ar":"فيض البطمة","wilaya_code":66}},
{"type":"Feature","geometry":{"type":"Point","coordinates":[3.4118023,35.4296670]},"properties":{"id":645,"post_code":"65035","name":"Ain Fekka","name_ar":"عين افقة","daira":"Had Sahary","daira_ar":"حد الصحاري","wilaya_code":65}},
{"type":"Feature","geometry":{"type":"Point","coordinates":[2.9745782,34.2833322]},"properties":{"id":646,"post_code":"17036","name":"Tadmit","name_ar":"تعضميت","daira":null,"daira_ar":null,"wilaya_code":17}},
{"type":"Feature","geometry":{"type":"Point","coordinates":[5.7154650,36.7962663]},"properties":{"id":647,"post_code":"18001","name":"Jijel","name_ar":"جيجل","daira":"Jijel","daira_ar":"جيجل","wilaya_code":18}},
{"type":"Feature","geometry":{"type":"Point","coordinates":[5.7504845,36.7962714]},"properties":{"id":648,"post_code":"18002","name":"Erraguene","name_ar":"إراڨن","daira":"Ziamah Mansouriah","daira_ar":"زيامة منصورية","wilaya_code":18}},
{"type":"Feature","geometry":{"type":"Point","coordinates":[5.5575774,36.7383739]},"properties":{"id":649,"post_code":"18003","name":"El Aouana","name_ar":"العوانة","daira":"El Aouana","daira_ar":"العوانة","wilaya_code":18}},
{"type":"Feature","geometry":{"type":"Point","coordinates":[5.4284118,36.6501629]},"properties":{"id":650,"post_code":"18004","name":"Ziamma Mansouriah","name_ar":"زيامة منصورية","daira":"Ziamah Mansouriah","daira_ar":"زيامة منصورية","wilaya_code":18}},
{"type":"Feature","geometry":{"type":"Point","coordinates":[5.8348749,36.7775912]},"properties":{"id":651,"post_code":"18005","name":"Taher","name_ar":"الطاهير","daira":"Taher","daira_ar":"الطاهير","wilaya_code":18}},
{"type":"Feature","geometry":{"type":"Point","coordinates":[5.7785860,36.7557894]},"properties":{"id":652,"post_code":"18006","name":"Emir Abdelkader","name_ar":"الامير عبد القادر","daira":"Taher","daira_ar":"الطاهير","wilaya_code":18}},
{"type":"Feature","geometry":{"type":"Point","coordinates":[5.9468436,36.7728541]},"properties":{"id":653,"post_code":"18007","name":"Chekfa","name_ar":"الشقفة","daira":"Chekfa","daira_ar":"الشقفة","wilaya_code":18}},
{"type":"Feature","geometry":{"type":"Point","coordinates":[5.9446441,36.6772642]},"properties":{"id":654,"post_code":"18008","name":"Chahna","name_ar":"الشحنة","daira":"Taher","daira_ar":"الطاهير","wilaya_code":18}},
{"type":"Feature","geometry":{"type":"Point","coordinates":[6.2451046,36.7469209]},"properties":{"id":655,"post_code":"18009","name":"El Milia","name_ar":"الميلية","daira":"El Milia","daira_ar":"الميلية","wilaya_code":18}},
{"type":"Feature","geometry":{"type":"Point","coordinates":[6.2617134,36.6373452]},"properties":{"id":656,"post_code":"18010","name":"Sidi Maarouf","name_ar":"سيدي معروف","daira":"Sidi Marouf","daira_ar":"سيدي معروف","wilaya_code":18}},
{"type":"Feature","geometry":{"type":"Point","coordinates":[6.3245440,36.7183649]},"properties":{"id":657,"post_code":"18011","name":"Settara","name_ar":"السطارة","daira":"Settara","daira_ar":"السطارة","wilaya_code":18}},
{"type":"Feature","geometry":{"type":"Point","coordinates":[6.1523866,36.7982581]},"properties":{"id":658,"post_code":"18012","name":"El Ancer","name_ar":"العنصر","daira":"El Ancer","daira_ar":"العنصر","wilaya_code":18}},
{"type":"Feature","geometry":{"type":"Point","coordinates":[6.0439396,36.8535179]},"properties":{"id":659,"post_code":"18013","name":"Sidi Abdelaziz","name_ar":"سيدي عبد العزيز","daira":"Chekfa","daira_ar":"الشقفة","wilaya_code":18}},
{"type":"Feature","geometry":{"type":"Point","coordinates":[5.7313651,36.7590016]},"properties":{"id":660,"post_code":"18014","name":"Kaous","name_ar":"قاوس","daira":"Texenna","daira_ar":"تاكسنة","wilaya_code":18}},
{"type":"Feature","geometry":{"type":"Point","coordinates":[6.3831317,36.6290636]},"properties":{"id":661,"post_code":"18015","name":"Ghebala","name_ar":"غبالة","daira":"Settara","daira_ar":"السطارة","wilaya_code":18}},
{"type":"Feature","geometry":{"type":"Point","coordinates":[6.0968648,36.6979904]},"properties":{"id":662,"post_code":"18016","name":"Bouraoui Belhadef","name_ar":"بوراوي بلهادف","daira":"El Ancer","daira_ar":"العنصر","wilaya_code":18}},
{"type":"Feature","geometry":{"type":"Point","coordinates":[5.8287487,36.5827122]},"properties":{"id":663,"post_code":"18017","name":"Djmila","name_ar":"جيملة","daira":"Djimla","daira_ar":"جيملة","wilaya_code":18}},
{"type":"Feature","geometry":{"type":"Point","coordinates":[5.5628345,36.6505425]},"properties":{"id":664,"post_code":"18018","name":"Selma Benziada","name_ar":"سلمى بن زيادة","daira":"El Aouana","daira_ar":"العوانة","wilaya_code":18}},
{"type":"Feature","geometry":{"type":"Point","coordinates":[6.0109806,36.6455063]},"properties":{"id":665,"post_code":"18019","name":"Boussif Ouled Askeur","name_ar":"أولاد عسكر","daira":"Taher","daira_ar":"الطاهير","wilaya_code":18}},
{"type":"Feature","geometry":{"type":"Point","coordinates":[5.9558128,36.8243495]},"properties":{"id":666,"post_code":"18020","name":"El Kennar Nouchfi","name_ar":"القنار","daira":"Chekfa","daira_ar":"الشقفة","wilaya_code":18}},
{"type":"Feature","geometry":{"type":"Point","coordinates":[6.1822341,36.7223204]},"properties":{"id":667,"post_code":"18021","name":"Ouled Yahia Khadrouch","name_ar":"اولاد يحيى","daira":"El Milia","daira_ar":"الميلية","wilaya_code":18}},
{"type":"Feature","geometry":{"type":"Point","coordinates":[5.6954215,36.5902781]},"properties":{"id":668,"post_code":"18022","name":"Boudria Beni Yadjis","name_ar":"بودريعة بن ياجيس","daira":"Djimla","daira_ar":"جيملة","wilaya_code":18}},
{"type":"Feature","geometry":{"type":"Point","coordinates":[6.1179255,36.8774044]},"properties":{"id":669,"post_code":"18023","name":"Kemir Oued Adjoul","name_ar":"بني بلعيد","daira":"El Ancer","daira_ar":"العنصر","wilaya_code":18}},
{"type":"Feature","geometry":{"type":"Point","coordinates":[5.6987689,36.6702895]},"properties":{"id":670,"post_code":"18024","name":"Texena","name_ar":"تاكسنة","daira":"Texenna","daira_ar":"تاكسنة","wilaya_code":18}},
{"type":"Feature","geometry":{"type":"Point","coordinates":[6.1050402,36.8098570]},"properties":{"id":671,"post_code":"18025","name":"Djemaa Beni Habibi","name_ar":"الجمعة بني حبيبي","daira":"El Ancer","daira_ar":"العنصر","wilaya_code":18}},
{"type":"Feature","geometry":{"type":"Point","coordinates":[6.0248638,36.7484784]},"properties":{"id":672,"post_code":"18026","name":"Bordj T'her","name_ar":"برج الطهر","daira":"Chekfa","daira_ar":"الشقفة","wilaya_code":18}},
{"type":"Feature","geometry":{"type":"Point","coordinates":[6.1619139,36.5974059]},"properties":{"id":673,"post_code":"18027","name":"Ouled Rabah","name_ar":"ولاد رابح","daira":"Sidi Marouf","daira_ar":"سيدي معروف","wilaya_code":18}},
{"type":"Feature","geometry":{"type":"Point","coordinates":[5.8128487,36.6750000]},"properties":{"id":674,"post_code":"18028","name":"Ouadjana","name_ar":"وجانة","daira":"Taher","daira_ar":"الطاهير","wilaya_code":18}},
{"type":"Feature","geometry":{"type":"Point","coordinates":[5.3501730,36.1904969]},"properties":{"id":675,"post_code":"19001","name":"Setif","name_ar":"سطيف‎","daira":"Setif","daira_ar":"سطيف","wilaya_code":19}},
{"type":"Feature","geometry":{"type":"Point","coordinates":[5.4503964,36.3773932]},"properties":{"id":676,"post_code":"19002","name":"Ain El Kebira","name_ar":"عين الكبيرة","daira":"Ain El Kebira","daira_ar":"عين الكبيرة","wilaya_code":19}},
{"type":"Feature","geometry":{"type":"Point","coordinates":[5.5735848,36.4732335]},"properties":{"id":677,"post_code":"19003","name":"Beni Aziz","name_ar":"بني عزيز","daira":"Beni Aziz","daira_ar":"بني عزيز","wilaya_code":19}},
{"type":"Feature","geometry":{"type":"Point","coordinates":[5.1083824,35.9074780]},"properties":{"id":678,"post_code":"19004","name":"Ouled Sidi Ahmed","name_ar":"أولاد سي أحمد","daira":"Ain Oulmene","daira_ar":"عين ولمان","wilaya_code":19}},
{"type":"Feature","geometry":{"type":"Point","coordinates":[5.1806519,35.6858444]},"properties":{"id":679,"post_code":"19005","name":"Boutaleb","name_ar":"بوطالب","daira":"Salah Bey","daira_ar":"صالح باي","wilaya_code":19}},
{"type":"Feature","geometry":{"type":"Point","coordinates":[5.1291535,36.3210122]},"properties":{"id":680,"post_code":"19006","name":"Ain Roua","name_ar":"عين الروى","daira":"Bougaa","daira_ar":"بوقاعة","wilaya_code":19}},
{"type":"Feature","geometry":{"type":"Point","coordinates":[4.9356912,36.4219572]},"properties":{"id":681,"post_code":"19007","name":"Draa Kebila","name_ar":"ذراع قبيلة","daira":"Hammam Guergour","daira_ar":"حمام قرقور","wilaya_code":19}},
{"type":"Feature","geometry":{"type":"Point","coordinates":[5.7440447,36.1012237]},"properties":{"id":682,"post_code":"19008","name":"Bir El Arch","name_ar":"بئر العرش","daira":"Bir El Arch","daira_ar":"بئر العرش","wilaya_code":19}},
{"type":"Feature","geometry":{"type":"Point","coordinates":[4.8420284,36.4681034]},"properties":{"id":683,"post_code":"19009","name":"Beni Chebana","name_ar":"بني شبانة","daira":"Beni Ourtilane","daira_ar":"بني ورتيلان","wilaya_code":19}},
{"type":"Feature","geometry":{"type":"Point","coordinates":[5.0449536,35.7872730]},"properties":{"id":684,"post_code":"19010","name":"Ouled Tebben","name_ar":"أولاد تبــان","daira":"Salah Bey","daira_ar":"صالح باي","wilaya_code":19}},
{"type":"Feature","geometry":{"type":"Point","coordinates":[5.3125200,35.6877227]},"properties":{"id":685,"post_code":"19011","name":"Hamma","name_ar":"حــامة","daira":"Salah Bey","daira_ar":"صالح باي","wilaya_code":19}},
{"type":"Feature","geometry":{"type":"Point","coordinates":[5.6401895,36.3748054]},"properties":{"id":686,"post_code":"19012","name":"Maaouia","name_ar":"معـاويـة","daira":"Beni Aziz","daira_ar":"بني عزيز","wilaya_code":19}},
{"type":"Feature","geometry":{"type":"Point","coordinates":[4.7998641,36.4102318]},"properties":{"id":687,"post_code":"19013","name":"Ain Legraj","name_ar":"عين لڨراج","daira":"Beni Ourtilane","daira_ar":"بني ورتيلان","wilaya_code":19}},
{"type":"Feature","geometry":{"type":"Point","coordinates":[5.1522342,36.3045155]},"properties":{"id":688,"post_code":"19014","name":"Ain Abessa","name_ar":"عين عباسـة","daira":"Ain Arnat","daira_ar":"عين أرنات","wilaya_code":19}},
{"type":"Feature","geometry":{"type":"Point","coordinates":[5.5425141,36.3786819]},"properties":{"id":689,"post_code":"19015","name":"Dehamcha","name_ar":"الدهامشة","daira":"Ain El Kebira","daira_ar":"عين الكبيرة","wilaya_code":19}},
{"type":"Feature","geometry":{"type":"Point","coordinates":[5.3674976,36.5019013]},"properties":{"id":690,"post_code":"19016","name":"Babor","name_ar":"بابور","daira":"Babor","daira_ar":"بابور","wilaya_code":19}},
{"type":"Feature","geometry":{"type":"Point","coordinates":[5.4235957,36.0807516]},"properties":{"id":691,"post_code":"19017","name":"Guidjel","name_ar":"قجــال","daira":"Guidjel","daira_ar":"قجال","wilaya_code":19}},
{"type":"Feature","geometry":{"type":"Point","coordinates":[5.4198543,35.9602130]},"properties":{"id":692,"post_code":"19018","name":"Ain Lahdjar","name_ar":"عين لحجـر","daira":"Ain Azel","daira_ar":"عين أزال","wilaya_code":19}},
{"type":"Feature","geometry":{"type":"Point","coordinates":[4.9369786,36.4937736]},"properties":{"id":693,"post_code":"19019","name":"Bousselam","name_ar":"بوسلام","daira":"Bouandas","daira_ar":"بوعنداس","wilaya_code":19}},
{"type":"Feature","geometry":{"type":"Point","coordinates":[5.6201480,36.1657394]},"properties":{"id":694,"post_code":"19020","name":"El Eulma","name_ar":"العلمة","daira":"El Eulma","daira_ar":"العلمة","wilaya_code":19}},
{"type":"Feature","geometry":{"type":"Point","coordinates":[5.6877397,36.3469977]},"properties":{"id":695,"post_code":"19021","name":"Djemila","name_ar":"جميلـة","daira":"Djemila","daira_ar":"جميلة","wilaya_code":19}},
{"type":"Feature","geometry":{"type":"Point","coordinates":[4.7427652,36.4307623]},"properties":{"id":696,"post_code":"19022","name":"Beni Ouartilane","name_ar":"بني ورتيلان","daira":"Beni Ourtilane","daira_ar":"بني ورتيلان","wilaya_code":19}},
{"type":"Feature","geometry":{"type":"Point","coordinates":[5.1826690,35.7790515]},"properties":{"id":697,"post_code":"19023","name":"Rosfa","name_ar":"الرصفة","daira":"Salah Bey","daira_ar":"صالح باي","wilaya_code":19}},
{"type":"Feature","geometry":{"type":"Point","coordinates":[5.4260439,36.3363273]},"properties":{"id":698,"post_code":"19024","name":"Ouled Addouane","name_ar":"أولاد عدوان","daira":"Ain El Kebira","daira_ar":"عين الكبيرة","wilaya_code":19}},
{"type":"Feature","geometry":{"type":"Point","coordinates":[5.7975172,36.2217494]},"properties":{"id":699,"post_code":"19025","name":"Belaa","name_ar":"البلاعة","daira":"Bir El Arch","daira_ar":"بئر العرش","wilaya_code":19}},
{"type":"Feature","geometry":{"type":"Point","coordinates":[5.1730130,36.1756548]},"properties":{"id":700,"post_code":"19026","name":"Ain Arnat","name_ar":"عين أرنـات","daira":"Ain Arnat","daira_ar":"عين أرنات","wilaya_code":19}},
{"type":"Feature","geometry":{"type":"Point","coordinates":[5.3447173,36.3748316]},"properties":{"id":701,"post_code":"19027","name":"Amoucha","name_ar":"عموشة","daira":"Amoucha","daira_ar":"عموشة","wilaya_code":19}},
{"type":"Feature","geometry":{"type":"Point","coordinates":[5.2415487,35.9239262]},"properties":{"id":702,"post_code":"19028","name":"Ain Oulmane","name_ar":"عين ولمان","daira":"Ain Oulmene","daira_ar":"عين ولمان","wilaya_code":19}},
{"type":"Feature","geometry":{"type":"Point","coordinates":[5.5996773,35.8379281]},"properties":{"id":703,"post_code":"19029","name":"Beidha Bordj","name_ar":"بيضاء برج","daira":"Ain Azel","daira_ar":"عين أزال","wilaya_code":19}},
{"type":"Feature","geometry":{"type":"Point","coordinates":[5.0698679,36.5042094]},"properties":{"id":704,"post_code":"19030","name":"Bouandas","name_ar":"بوعنداس","daira":"Bouandas","daira_ar":"بوعنداس","wilaya_code":19}},
{"type":"Feature","geometry":{"type":"Point","coordinates":[5.6140969,36.0795448]},"properties":{"id":705,"post_code":"19031","name":"Bazer Sakhra","name_ar":"بازر الصخرة","daira":"El Eulma","daira_ar":"العلمة","wilaya_code":19}},
{"type":"Feature","geometry":{"type":"Point","coordinates":[5.6908217,35.9499435]},"properties":{"id":706,"post_code":"19032","name":"Hammam Essokhna","name_ar":"حمــام السخنة","daira":"Hammam Sokhna","daira_ar":"حمام السخنة","wilaya_code":19}},
{"type":"Feature","geometry":{"type":"Point","coordinates":[5.2373002,36.1050372]},"properties":{"id":707,"post_code":"19033","name":"Mezloug","name_ar":"مزلوق","daira":"Ain Arnat","daira_ar":"عين أرنات","wilaya_code":19}},
{"type":"Feature","geometry":{"type":"Point","coordinates":[5.3953788,35.9625421]},"properties":{"id":708,"post_code":"19034","name":"Bir Haddada","name_ar":"بئر حدادة","daira":"Ain Azel","daira_ar":"عين أزال","wilaya_code":19}},
{"type":"Feature","geometry":{"type":"Point","coordinates":[5.5168507,36.4752140]},"properties":{"id":709,"post_code":"19035","name":"Serdj El Ghoul","name_ar":"سرج الغول","daira":"Babor","daira_ar":"بابور","wilaya_code":19}},
{"type":"Feature","geometry":{"type":"Point","coordinates":[4.8497854,36.3471017]},"properties":{"id":710,"post_code":"19036","name":"Harbil","name_ar":"حربيل","daira":"Guenzet","daira_ar":"قنزات","wilaya_code":19}},
{"type":"Feature","geometry":{"type":"Point","coordinates":[5.3148483,36.2706726]},"properties":{"id":711,"post_code":"19037","name":"El Ouricia","name_ar":"الأورسية","daira":"Ain Arnat","daira_ar":"عين أرنات","wilaya_code":19}},
{"type":"Feature","geometry":{"type":"Point","coordinates":[5.2875111,36.4317298]},"properties":{"id":712,"post_code":"19038","name":"Tizi Nbechar","name_ar":"تيزي نبشار","daira":"Amoucha","daira_ar":"عموشة","wilaya_code":19}},
{"type":"Feature","geometry":{"type":"Point","coordinates":[5.2648518,35.8237361]},"properties":{"id":713,"post_code":"19039","name":"Salah Bey","name_ar":"صـالح باي","daira":"Salah Bey","daira_ar":"صالح باي","wilaya_code":19}},
{"type":"Feature","geometry":{"type":"Point","coordinates":[5.4648373,35.8195556]},"properties":{"id":714,"post_code":"19040","name":"Ain Azal","name_ar":"عين أزال","daira":"Ain Azel","daira_ar":"عين أزال","wilaya_code":19}},
{"type":"Feature","geometry":{"type":"Point","coordinates":[4.7548888,36.3357504]},"properties":{"id":715,"post_code":"19041","name":"Guenzet","name_ar":"ڨنزات","daira":"Guenzet","daira_ar":"قنزات","wilaya_code":19}},
{"type":"Feature","geometry":{"type":"Point","coordinates":[5.6440518,35.9637883]},"properties":{"id":716,"post_code":"19042","name":"Talaifacene","name_ar":"تالة إيفاسن","daira":"Maoklane","daira_ar":"ماوكلان","wilaya_code":19}},
{"type":"Feature","geometry":{"type":"Point","coordinates":[5.0449321,36.3394384]},"properties":{"id":717,"post_code":"19043","name":"Bougaa","name_ar":"بوقاعـة","daira":"Bougaa","daira_ar":"بوقاعة","wilaya_code":19}},
{"type":"Feature","geometry":{"type":"Point","coordinates":[5.4987834,36.2770368]},"properties":{"id":718,"post_code":"19044","name":"Beni Fouda","name_ar":"بني فودة","daira":"Djemila","daira_ar":"جميلة","wilaya_code":19}},
{"type":"Feature","geometry":{"type":"Point","coordinates":[5.6616471,36.2670155]},"properties":{"id":719,"post_code":"19045","name":"Tachouda","name_ar":"تاشودة","daira":"Bir El Arch","daira_ar":"بئر العرش","wilaya_code":19}},
{"type":"Feature","geometry":{"type":"Point","coordinates":[4.8581880,36.5137668]},"properties":{"id":720,"post_code":"19046","name":"Beni Mouhli","name_ar":"إيث موحلي","daira":"Beni Ourtilane","daira_ar":"بني ورتيلان","wilaya_code":19}},
{"type":"Feature","geometry":{"type":"Point","coordinates":[5.4739354,36.1809910]},"properties":{"id":721,"post_code":"19047","name":"Ouled Sabor","name_ar":"أولاد صـابر","daira":"Guidjel","daira_ar":"قجال","wilaya_code":19}},
{"type":"Feature","geometry":{"type":"Point","coordinates":[5.2209924,36.0364610]},"properties":{"id":722,"post_code":"19048","name":"Guellal","name_ar":"قلال","daira":"Ain Oulmene","daira_ar":"عين ولمان","wilaya_code":19}},
{"type":"Feature","geometry":{"type":"Point","coordinates":[5.6493520,36.4924439]},"properties":{"id":723,"post_code":"19049","name":"Ain Sebt","name_ar":"عين السبت","daira":"Beni Aziz","daira_ar":"بني عزيز","wilaya_code":19}},
{"type":"Feature","geometry":{"type":"Point","coordinates":[4.9325530,36.3463283]},"properties":{"id":724,"post_code":"19050","name":"Hammam Guergour","name_ar":"حمام قرقور","daira":"Hammam Guergour","daira_ar":"حمام قرقور","wilaya_code":19}},
{"type":"Feature","geometry":{"type":"Point","coordinates":[5.0547929,36.5453859]},"properties":{"id":725,"post_code":"19051","name":"Ait Naoual Mezada","name_ar":"آيت نوال مزادة","daira":"Bouandas","daira_ar":"بوعنداس","wilaya_code":19}},
{"type":"Feature","geometry":{"type":"Point","coordinates":[5.1490233,35.9761631]},"properties":{"id":726,"post_code":"19052","name":"Ksar El Abtal","name_ar":"قصرالأبطال","daira":"Ain Oulmene","daira_ar":"عين ولمان","wilaya_code":19}},
{"type":"Feature","geometry":{"type":"Point","coordinates":[5.0521419,36.2590992]},"properties":{"id":727,"post_code":"19053","name":"Beni Hocine","name_ar":"بني حسين","daira":"Bougaa","daira_ar":"بوقاعة","wilaya_code":19}},
{"type":"Feature","geometry":{"type":"Point","coordinates":[5.1052087,36.5360367]},"properties":{"id":728,"post_code":"19054","name":"Ait Tizi","name_ar":"آيت تيزي","daira":"Bouandas","daira_ar":"بوعنداس","wilaya_code":19}},
{"type":"Feature","geometry":{"type":"Point","coordinates":[5.0266852,36.4012018]},"properties":{"id":729,"post_code":"19055","name":"Maouklane","name_ar":"موكلان","daira":"Maoklane","daira_ar":"ماوكلان","wilaya_code":19}},
{"type":"Feature","geometry":{"type":"Point","coordinates":[5.6012867,36.2047344]},"properties":{"id":730,"post_code":"19056","name":"Guelta Zerka","name_ar":"القلتة الزرقاء","daira":"El Eulma","daira_ar":"العلمة","wilaya_code":19}},
{"type":"Feature","geometry":{"type":"Point","coordinates":[5.3679794,36.4982198]},"properties":{"id":731,"post_code":"19057","name":"Oued El Barad","name_ar":"واد البارد","daira":"Amoucha","daira_ar":"عموشة","wilaya_code":19}},
{"type":"Feature","geometry":{"type":"Point","coordinates":[5.8147183,35.9253339]},"properties":{"id":732,"post_code":"19058","name":"Taya","name_ar":"طاية","daira":"Hammam Sokhna","daira_ar":"حمام السخنة","wilaya_code":19}},
{"type":"Feature","geometry":{"type":"Point","coordinates":[5.8494875,36.0876231]},"properties":{"id":733,"post_code":"19059","name":"El Ouldja","name_ar":"الولجـة","daira":"Bir El Arch","daira_ar":"بئر العرش","wilaya_code":19}},
{"type":"Feature","geometry":{"type":"Point","coordinates":[5.6440518,35.9637883]},"properties":{"id":734,"post_code":"19060","name":"Tella","name_ar":"التلة","daira":"Hammam Sokhna","daira_ar":"حمام السخنة","wilaya_code":19}},
{"type":"Feature","geometry":{"type":"Point","coordinates":[0.1133388,34.8419400]},"properties":{"id":735,"post_code":"20001","name":"Saida","name_ar":"سعيدة","daira":"Saida","daira_ar":"سعيدة","wilaya_code":20}},
{"type":"Feature","geometry":{"type":"Point","coordinates":[-0.0842000,34.8926538]},"properties":{"id":736,"post_code":"20002","name":"Doui Thabet","name_ar":"دوى ثابت","daira":"Youb","daira_ar":"يوب","wilaya_code":20}},
{"type":"Feature","geometry":{"type":"Point","coordinates":[0.1333378,34.7609324]},"properties":{"id":737,"post_code":"20003","name":"Ain El Hadjar","name_ar":"عين الحجر","daira":"Ain El Hadjar","daira_ar":"عين الحجر","wilaya_code":20}},
{"type":"Feature","geometry":{"type":"Point","coordinates":[0.1483583,34.8419450]},"properties":{"id":738,"post_code":"20004","name":"Ouled Khaled","name_ar":"أولاد خالد","daira":"Sidi Boubekeur","daira_ar":"سيدي بوبكر","wilaya_code":20}},
{"type":"Feature","geometry":{"type":"Point","coordinates":[0.0046133,34.6487428]},"properties":{"id":739,"post_code":"20005","name":"Moulay Larbi","name_ar":"موالي العربي","daira":"Ain El Hadjar","daira_ar":"عين الحجر","wilaya_code":20}},
{"type":"Feature","geometry":{"type":"Point","coordinates":[-0.2177601,34.9207469]},"properties":{"id":740,"post_code":"20006","name":"Youb","name_ar":"يوب","daira":"Youb","daira_ar":"يوب","wilaya_code":20}},
{"type":"Feature","geometry":{"type":"Point","coordinates":[-0.1492344,35.1193494]},"properties":{"id":741,"post_code":"20007","name":"Hounet","name_ar":"هونت","daira":"Sidi Boubekeur","daira_ar":"سيدي بوبكر","wilaya_code":20}},
{"type":"Feature","geometry":{"type":"Point","coordinates":[0.1049602,35.0264293]},"properties":{"id":742,"post_code":"20008","name":"Sidi Amar","name_ar":"يدي عمر","daira":"Sidi Boubekeur","daira_ar":"سيدي بوبكر","wilaya_code":20}},
{"type":"Feature","geometry":{"type":"Point","coordinates":[0.0453185,35.0307334]},"properties":{"id":743,"post_code":"20009","name":"Sidi Boubekeur","name_ar":"سيدي بوبكر","daira":"Sidi Boubekeur","daira_ar":"سيدي بوبكر","wilaya_code":20}},
{"type":"Feature","geometry":{"type":"Point","coordinates":[0.3121231,34.8248463]},"properties":{"id":744,"post_code":"20010","name":"El Hassasna","name_ar":"حساسنة","daira":"El Hassasna","daira_ar":"الحساسنة","wilaya_code":20}},
{"type":"Feature","geometry":{"type":"Point","coordinates":[0.4905867,34.6807400]},"properties":{"id":745,"post_code":"20011","name":"Maamora","name_ar":"معمورة","daira":"El Hassasna","daira_ar":"الحساسنة","wilaya_code":20}},
{"type":"Feature","geometry":{"type":"Point","coordinates":[0.2527392,34.5499905]},"properties":{"id":746,"post_code":"20012","name":"Sidi Ahmed","name_ar":"سيدي أحمد","daira":"Ain El Hadjar","daira_ar":"عين الحجر","wilaya_code":20}},
{"type":"Feature","geometry":{"type":"Point","coordinates":[0.8354119,34.5044436]},"properties":{"id":747,"post_code":"20013","name":"Ain Sekhouna","name_ar":"العين السخونة","daira":"El Hassasna","daira_ar":"الحساسنة","wilaya_code":20}},
{"type":"Feature","geometry":{"type":"Point","coordinates":[0.4696722,34.9862480]},"properties":{"id":748,"post_code":"20014","name":"Ouled Brahim","name_ar":"أولاد ابراھيم","daira":"Ouled Brahim","daira_ar":"أولاد ابراهيم","wilaya_code":20}},
{"type":"Feature","geometry":{"type":"Point","coordinates":[0.5494880,34.9016504]},"properties":{"id":749,"post_code":"20015","name":"Tircine","name_ar":"تيرسين","daira":"Ouled Brahim","daira_ar":"أولاد ابراهيم","wilaya_code":20}},
{"type":"Feature","geometry":{"type":"Point","coordinates":[0.3012402,34.9675528]},"properties":{"id":750,"post_code":"20016","name":"Ain Soltane","name_ar":"عين السلطان","daira":"Ouled Brahim","daira_ar":"أولاد ابراهيم","wilaya_code":20}},
{"type":"Feature","geometry":{"type":"Point","coordinates":[6.8656800,36.8777706]},"properties":{"id":751,"post_code":"21001","name":"Skikda","name_ar":"سكيكدة","daira":"Skikda","daira_ar":"سكيكدة","wilaya_code":21}},
{"type":"Feature","geometry":{"type":"Point","coordinates":[6.7802703,36.8887165]},"properties":{"id":752,"post_code":"21002","name":"Ain Zouit","name_ar":"عين زويت","daira":"El Hadaiek","daira_ar":"الحدائق","wilaya_code":21}},
{"type":"Feature","geometry":{"type":"Point","coordinates":[6.8780850,36.8244178]},"properties":{"id":753,"post_code":"21003","name":"El Hadaik","name_ar":"الحدايق","daira":"El Hadaiek","daira_ar":"الحدائق","wilaya_code":21}},
{"type":"Feature","geometry":{"type":"Point","coordinates":[7.0997212,36.7430777]},"properties":{"id":754,"post_code":"21004","name":"Azzaba","name_ar":"عزابة","daira":"Azzaba","daira_ar":"عزابة","wilaya_code":21}},
{"type":"Feature","geometry":{"type":"Point","coordinates":[7.1617769,36.7814565]},"properties":{"id":755,"post_code":"21005","name":"Djendel","name_ar":"جندل","daira":"Azzaba","daira_ar":"عزابة","wilaya_code":21}},
{"type":"Feature","geometry":{"type":"Point","coordinates":[7.2109578,36.7329798]},"properties":{"id":756,"post_code":"21006","name":"Ain Cherchar","name_ar":"عين شرشار","daira":"Azzaba","daira_ar":"عزابة","wilaya_code":21}},
{"type":"Feature","geometry":{"type":"Point","coordinates":[7.2953939,36.7011643]},"properties":{"id":757,"post_code":"21007","name":"Bekkouche Lakhdar","name_ar":"بكوش لخضر","daira":"Ben Azzouz","daira_ar":"بن عزوز","wilaya_code":21}},
{"type":"Feature","geometry":{"type":"Point","coordinates":[7.2885273,36.8648574]},"properties":{"id":758,"post_code":"21008","name":"Ben Azzouz","name_ar":"بن عزوز","daira":"Ben Azzouz","daira_ar":"بن عزوز","wilaya_code":21}},
{"type":"Feature","geometry":{"type":"Point","coordinates":[7.0612452,36.6599990]},"properties":{"id":759,"post_code":"21009","name":"Es Sebt","name_ar":"السبت","daira":"Azzaba","daira_ar":"عزابة","wilaya_code":21}},
{"type":"Feature","geometry":{"type":"Point","coordinates":[6.5376590,37.0006567]},"properties":{"id":760,"post_code":"21010","name":"Collo","name_ar":"القل","daira":"Collo","daira_ar":"القل","wilaya_code":21}},
{"type":"Feature","geometry":{"type":"Point","coordinates":[6.4912452,36.8166662]},"properties":{"id":761,"post_code":"21011","name":"Beni Zid","name_ar":"بنى زيد","daira":"Collo","daira_ar":"القل","wilaya_code":21}},
{"type":"Feature","geometry":{"type":"Point","coordinates":[6.5761113,36.9297905]},"properties":{"id":762,"post_code":"21012","name":"Kerkera","name_ar":"كركرة","daira":"Tamalous","daira_ar":"تمالوس","wilaya_code":21}},
{"type":"Feature","geometry":{"type":"Point","coordinates":[2.1427722,35.5368952]},"properties":{"id":763,"post_code":"21013","name":"Ouled Attia","name_ar":"أولاد عطية","daira":"Ouled Attia","daira_ar":"أولاد عطية","wilaya_code":21}},
{"type":"Feature","geometry":{"type":"Point","coordinates":[6.3040281,36.9220370]},"properties":{"id":764,"post_code":"21014","name":"Oued Zehour","name_ar":"وادي الزهور","daira":"Ouled Attia","daira_ar":"أولاد عطية","wilaya_code":21}},
{"type":"Feature","geometry":{"type":"Point","coordinates":[6.4497961,36.9888779]},"properties":{"id":765,"post_code":"21015","name":"Zitouna","name_ar":"الزيتونة","daira":"Zitouna","daira_ar":"الزيتونة","wilaya_code":21}},
{"type":"Feature","geometry":{"type":"Point","coordinates":[6.8234108,36.6547652]},"properties":{"id":766,"post_code":"21016","name":"El Harrouch","name_ar":"الحروش","daira":"El Harrouch","daira_ar":"الحروش","wilaya_code":21}},
{"type":"Feature","geometry":{"type":"Point","coordinates":[6.9357204,36.8777912]},"properties":{"id":767,"post_code":"21017","name":"Zerdazas","name_ar":"زردازة","daira":"El Harrouch","daira_ar":"الحروش","wilaya_code":21}},
{"type":"Feature","geometry":{"type":"Point","coordinates":[6.9357204,36.8777912]},"properties":{"id":768,"post_code":"21018","name":"Ouled Hebaba","name_ar":"أولاد حبابة","daira":"El Harrouch","daira_ar":"الحروش","wilaya_code":21}},
{"type":"Feature","geometry":{"type":"Point","coordinates":[6.7110264,36.6779093]},"properties":{"id":769,"post_code":"21019","name":"Sidi Mezghiche","name_ar":"سيدي مزغيش","daira":"Sidi Mezghiche","daira_ar":"سيدي مزغيش","wilaya_code":21}},
{"type":"Feature","geometry":{"type":"Point","coordinates":[6.7961489,36.7047297]},"properties":{"id":770,"post_code":"21020","name":"Emdjez Edchich","name_ar":"مجاز الدشيش","daira":"El Harrouch","daira_ar":"الحروش","wilaya_code":21}},
{"type":"Feature","geometry":{"type":"Point","coordinates":[6.6174172,36.6282861]},"properties":{"id":771,"post_code":"21021","name":"Beni Oulbane","name_ar":"بني والبان","daira":"Sidi Mezghiche","daira_ar":"سيدي مزغيش","wilaya_code":21}},
{"type":"Feature","geometry":{"type":"Point","coordinates":[6.6793845,36.6036397]},"properties":{"id":772,"post_code":"21022","name":"Ain Bouziane","name_ar":"عين بوزيان","daira":"Sidi Mezghiche","daira_ar":"سيدي مزغيش","wilaya_code":21}},
{"type":"Feature","geometry":{"type":"Point","coordinates":[6.8745445,36.7585337]},"properties":{"id":773,"post_code":"21023","name":"Ramdane Djamel","name_ar":"رمضان جمال","daira":"Ramdane Djamel","daira_ar":"رمضان جمال","wilaya_code":21}},
{"type":"Feature","geometry":{"type":"Point","coordinates":[6.9245782,36.7833322]},"properties":{"id":774,"post_code":"21024","name":"Beni Bachir","name_ar":"بني بشير","daira":"Ramdane Djamel","daira_ar":"رمضان جمال","wilaya_code":21}},
{"type":"Feature","geometry":{"type":"Point","coordinates":[6.8379484,36.6997005]},"properties":{"id":775,"post_code":"21025","name":"Salah Bouchaour","name_ar":"صالح بوالشعور","daira":"El Harrouch","daira_ar":"الحروش","wilaya_code":21}},
{"type":"Feature","geometry":{"type":"Point","coordinates":[6.6275453,36.8366625]},"properties":{"id":776,"post_code":"21026","name":"Tamalous","name_ar":"تمالوس","daira":"Tamalous","daira_ar":"تمالوس","wilaya_code":21}},
{"type":"Feature","geometry":{"type":"Point","coordinates":[6.4236760,36.7450390]},"properties":{"id":777,"post_code":"21027","name":"Ain Kechra","name_ar":"عين قشرة","daira":"Ain Kechra","daira_ar":"عين قشرة","wilaya_code":21}},
{"type":"Feature","geometry":{"type":"Point","coordinates":[6.5584944,36.6889452]},"properties":{"id":778,"post_code":"21028","name":"Oum Toub","name_ar":"أم الطوب","daira":"Oum Toub","daira_ar":"أم الطوب","wilaya_code":21}},
{"type":"Feature","geometry":{"type":"Point","coordinates":[6.5480875,36.8057424]},"properties":{"id":779,"post_code":"21029","name":"Bein El Ouiden","name_ar":"بين الويدان","daira":"Tamalous","daira_ar":"تمالوس","wilaya_code":21}},
{"type":"Feature","geometry":{"type":"Point","coordinates":[7.0082877,36.8880361]},"properties":{"id":780,"post_code":"21030","name":"Filfila","name_ar":"فلفلة","daira":"Skikda","daira_ar":"سكيكدة","wilaya_code":21}},
{"type":"Feature","geometry":{"type":"Point","coordinates":[6.4972247,37.0030051]},"properties":{"id":781,"post_code":"21031","name":"Cheraia","name_ar":"الشرايع","daira":"Collo","daira_ar":"القل","wilaya_code":21}},
{"type":"Feature","geometry":{"type":"Point","coordinates":[6.4001584,37.0381362]},"properties":{"id":782,"post_code":"21032","name":"Kanoua","name_ar":"قنواع","daira":"Zitouna","daira_ar":"الزيتونة","wilaya_code":21}},
{"type":"Feature","geometry":{"type":"Point","coordinates":[6.9730998,36.6870219]},"properties":{"id":783,"post_code":"21033","name":"El Ghedir","name_ar":"الغدير","daira":"Azzaba","daira_ar":"عزابة","wilaya_code":21}},
{"type":"Feature","geometry":{"type":"Point","coordinates":[6.7912452,36.7833322]},"properties":{"id":784,"post_code":"21034","name":"Bouchtata","name_ar":"بوشطاطة","daira":"El Hadaiek","daira_ar":"الحدائق","wilaya_code":21}},
{"type":"Feature","geometry":{"type":"Point","coordinates":[6.3442920,36.7389600]},"properties":{"id":785,"post_code":"21035","name":"Ouldja Boulbalout","name_ar":"الولجة بو البلوط","daira":"Ain Kechra","daira_ar":"عين قشرة","wilaya_code":21}},
{"type":"Feature","geometry":{"type":"Point","coordinates":[6.9357204,36.8777912]},"properties":{"id":786,"post_code":"21036","name":"Kheneg Mayoum","name_ar":"خنق مايوم","daira":"Ouled Attia","daira_ar":"أولاد عطية","wilaya_code":21}},
{"type":"Feature","geometry":{"type":"Point","coordinates":[6.9208716,36.8471689]},"properties":{"id":787,"post_code":"21037","name":"Hamadi Krouma","name_ar":"حمادي كرومة","daira":"Skikda","daira_ar":"سكيكدة","wilaya_code":21}},
{"type":"Feature","geometry":{"type":"Point","coordinates":[7.1168130,37.0091437]},"properties":{"id":788,"post_code":"21038","name":"El Marsa","name_ar":"المرسى","daira":"Ben Azzouz","daira_ar":"بن عزوز","wilaya_code":21}},
{"type":"Feature","geometry":{"type":"Point","coordinates":[-0.7001772,35.2063139]},"properties":{"id":789,"post_code":"22001","name":"Sidi Bel Abbes","name_ar":"سيدي بلعباس","daira":"Sidi Bel Abbes","daira_ar":"سيدي بلعباس","wilaya_code":22}},
{"type":"Feature","geometry":{"type":"Point","coordinates":[-0.8558205,35.2714294]},"properties":{"id":790,"post_code":"22002","name":"Tessala","name_ar":"تسالة","daira":"Tessala","daira_ar":"تسالة","wilaya_code":22}},
{"type":"Feature","geometry":{"type":"Point","coordinates":[-0.5991847,35.2591019]},"properties":{"id":791,"post_code":"22003","name":"Sidi Brahim","name_ar":"سيدي ابراهيم","daira":"Ain El Berd","daira_ar":"عين البرد","wilaya_code":22}},
{"type":"Feature","geometry":{"type":"Point","coordinates":[-0.4142215,35.1721396]},"properties":{"id":792,"post_code":"22004","name":"Mostefa Ben Brahim","name_ar":"مصطفى بن ابراهيم","daira":"Mostefa  Ben Brahim","daira_ar":"مصطفى بن ابراهيم","wilaya_code":22}},
{"type":"Feature","geometry":{"type":"Point","coordinates":[-0.6044224,34.8036693]},"properties":{"id":793,"post_code":"22005","name":"Telagh","name_ar":"تلاغ","daira":"Telagh","daira_ar":"تلاغ","wilaya_code":22}},
{"type":"Feature","geometry":{"type":"Point","coordinates":[-0.7951460,34.8343910]},"properties":{"id":794,"post_code":"22006","name":"Mezaourou","name_ar":"مزاورو","daira":"Telagh","daira_ar":"تلاغ","wilaya_code":22}},
{"type":"Feature","geometry":{"type":"Point","coordinates":[-0.7594111,35.0460470]},"properties":{"id":795,"post_code":"22007","name":"Boukhanafis","name_ar":"بوخنفيس","daira":"Sidi Ali Ben Youb","daira_ar":"سيدي علي بن يوب","wilaya_code":22}},
{"type":"Feature","geometry":{"type":"Point","coordinates":[-0.8716112,35.1040625]},"properties":{"id":796,"post_code":"22008","name":"Sidi Ali Boussidi","name_ar":"سيدي علي بوسيدي","daira":"Sidi Ali Boussidi","daira_ar":"سيدي علي بوسيدي","wilaya_code":22}},
{"type":"Feature","geometry":{"type":"Point","coordinates":[-0.8547677,35.0098106]},"properties":{"id":797,"post_code":"22009","name":"Badredine El Mokrani","name_ar":"بدر الدين المقراني","daira":"Ben Badis","daira_ar":"بن باديس","wilaya_code":22}},
{"type":"Feature","geometry":{"type":"Point","coordinates":[-0.2038049,34.4457418]},"properties":{"id":798,"post_code":"22010","name":"Marhoum","name_ar":"مرحوم","daira":"Marhoum","daira_ar":"مرحوم","wilaya_code":22}},
{"type":"Feature","geometry":{"type":"Point","coordinates":[-0.2074045,34.6926458]},"properties":{"id":799,"post_code":"22011","name":"Tafissour","name_ar":"تفسور","daira":"Merine","daira_ar":"مرين","wilaya_code":22}},
{"type":"Feature","geometry":{"type":"Point","coordinates":[-0.6567147,35.0999604]},"properties":{"id":800,"post_code":"22012","name":"Amarnas","name_ar":"العمارنة","daira":"Sidi Lahcene","daira_ar":"سيدي لحسن","wilaya_code":22}},
{"type":"Feature","geometry":{"type":"Point","coordinates":[-0.5905178,35.1832214]},"properties":{"id":801,"post_code":"22013","name":"Tilmouni","name_ar":"تلموني","daira":"Mostefa  Ben Brahim","daira_ar":"مصطفى بن ابراهيم","wilaya_code":22}},
{"type":"Feature","geometry":{"type":"Point","coordinates":[-0.8112957,35.1925854]},"properties":{"id":802,"post_code":"22014","name":"Sidi Lahcene","name_ar":"سيدي لحسن","daira":"Sidi Lahcene","daira_ar":"سيدي لحسن","wilaya_code":22}},
{"type":"Feature","geometry":{"type":"Point","coordinates":[-0.6782448,35.2846710]},"properties":{"id":803,"post_code":"22015","name":"Ain Thrid","name_ar":"عين التريد","daira":"Tessala","daira_ar":"تسالة","wilaya_code":22}},
{"type":"Feature","geometry":{"type":"Point","coordinates":[-0.4348398,35.4412149]},"properties":{"id":804,"post_code":"22016","name":"Makedra","name_ar":"مكدرة","daira":"Ain El Berd","daira_ar":"عين البرد","wilaya_code":22}},
{"type":"Feature","geometry":{"type":"Point","coordinates":[-0.5771282,35.0063927]},"properties":{"id":805,"post_code":"22017","name":"Tenira","name_ar":"تنيرة","daira":"Tenira","daira_ar":"تنيرة","wilaya_code":22}},
{"type":"Feature","geometry":{"type":"Point","coordinates":[-0.7697940,34.8214480]},"properties":{"id":806,"post_code":"22018","name":"Moulay Slissen","name_ar":"مولاي سليسن","daira":"Moulay Slissen","daira_ar":"مولاي سليسن","wilaya_code":22}},
{"type":"Feature","geometry":{"type":"Point","coordinates":[-0.7694292,34.6995420]},"properties":{"id":807,"post_code":"22019","name":"El Hacaiba","name_ar":"الحصيبة","daira":"Moulay Slissen","daira_ar":"مولاي سليسن","wilaya_code":22}},
{"type":"Feature","geometry":{"type":"Point","coordinates":[-0.8964662,35.0251892]},"properties":{"id":808,"post_code":"22020","name":"Hassi Zehana","name_ar":"حاسي زهانة","daira":"Ben Badis","daira_ar":"بن باديس","wilaya_code":22}},
{"type":"Feature","geometry":{"type":"Point","coordinates":[-0.7786567,35.0181729]},"properties":{"id":809,"post_code":"22021","name":"Tabia","name_ar":"طابية","daira":"Sidi Ali Ben Youb","daira_ar":"سيدي علي بن يوب","wilaya_code":22}},
{"type":"Feature","geometry":{"type":"Point","coordinates":[-0.4548597,34.7805884]},"properties":{"id":810,"post_code":"22022","name":"Merine","name_ar":"مرين","daira":"Merine","daira_ar":"مرين","wilaya_code":22}},
{"type":"Feature","geometry":{"type":"Point","coordinates":[-0.8212282,34.5039368]},"properties":{"id":811,"post_code":"22023","name":"Ras El Ma","name_ar":"رأس الماء","daira":"Ras El Ma","daira_ar":"راس الماء","wilaya_code":22}},
{"type":"Feature","geometry":{"type":"Point","coordinates":[-0.7245612,34.6890805]},"properties":{"id":812,"post_code":"22024","name":"Ain Tindamine","name_ar":"عين تندامين","daira":"Moulay Slissen","daira_ar":"مولاي سليسن","wilaya_code":22}},
{"type":"Feature","geometry":{"type":"Point","coordinates":[-0.8607745,35.1368876]},"properties":{"id":813,"post_code":"22025","name":"Ain Kada","name_ar":"عين قادة","daira":"Sidi Ali Boussidi","daira_ar":"سيدي علي بوسيدي","wilaya_code":22}},
{"type":"Feature","geometry":{"type":"Point","coordinates":[-0.2525651,35.1390350]},"properties":{"id":814,"post_code":"22026","name":"Mcid","name_ar":"مسيد","daira":"Sfisef","daira_ar":"سفيزف","wilaya_code":22}},
{"type":"Feature","geometry":{"type":"Point","coordinates":[-0.7417066,35.1200723]},"properties":{"id":815,"post_code":"22027","name":"Sidi Khaled","name_ar":"سيدي خالد","daira":"Sidi Lahcene","daira_ar":"سيدي لحسن","wilaya_code":22}},
{"type":"Feature","geometry":{"type":"Point","coordinates":[-0.5661419,35.3828523]},"properties":{"id":816,"post_code":"22028","name":"Ain El Berd","name_ar":"عين البرد","daira":"Ain El Berd","daira_ar":"عين البرد","wilaya_code":22}},
{"type":"Feature","geometry":{"type":"Point","coordinates":[-0.3162029,35.2442317]},"properties":{"id":817,"post_code":"22029","name":"Sfissef","name_ar":"سفيزف","daira":"Sfisef","daira_ar":"سفيزف","wilaya_code":22}},
{"type":"Feature","geometry":{"type":"Point","coordinates":[-0.2660537,35.3303040]},"properties":{"id":818,"post_code":"22030","name":"Ain Adden","name_ar":"عين عدان","daira":"Sfisef","daira_ar":"سفيزف","wilaya_code":22}},
{"type":"Feature","geometry":{"type":"Point","coordinates":[-0.3307029,34.8024792]},"properties":{"id":819,"post_code":"22031","name":"Oued Taourira","name_ar":"واد تاوريرة","daira":"Merine","daira_ar":"مرين","wilaya_code":22}},
{"type":"Feature","geometry":{"type":"Point","coordinates":[-0.6322849,34.6752163]},"properties":{"id":820,"post_code":"22032","name":"Dhaya","name_ar":"الظاية","daira":"Telagh","daira_ar":"تلاغ","wilaya_code":22}},
{"type":"Feature","geometry":{"type":"Point","coordinates":[-0.5271103,35.2429835]},"properties":{"id":821,"post_code":"22033","name":"Zerouala","name_ar":"زروالة","daira":"Mostefa  Ben Brahim","daira_ar":"مصطفى بن ابراهيم","wilaya_code":22}},
{"type":"Feature","geometry":{"type":"Point","coordinates":[-0.8357771,35.0592826]},"properties":{"id":822,"post_code":"22034","name":"Lamtar","name_ar":"لمطار","daira":"Sidi Ali Boussidi","daira_ar":"سيدي علي بوسيدي","wilaya_code":22}},
{"type":"Feature","geometry":{"type":"Point","coordinates":[-0.5556250,34.5927664]},"properties":{"id":823,"post_code":"22035","name":"Sidi Chaib","name_ar":"سيدي شعيب","daira":"Marhoum","daira_ar":"مرحوم","wilaya_code":22}},
{"type":"Feature","geometry":{"type":"Point","coordinates":[-0.9150603,35.1171744]},"properties":{"id":824,"post_code":"22036","name":"Sidi Dahou","name_ar":"سيدي دحو","daira":"Sidi Ali Boussidi","daira_ar":"سيدي علي بوسيدي","wilaya_code":22}},
{"type":"Feature","geometry":{"type":"Point","coordinates":[-0.7171780,34.5903826]},"properties":{"id":825,"post_code":"22037","name":"Oued Sbaa","name_ar":"واد السبع","daira":"Ras El Ma","daira_ar":"راس الماء","wilaya_code":22}},
{"type":"Feature","geometry":{"type":"Point","coordinates":[-0.3280353,35.3519121]},"properties":{"id":826,"post_code":"22038","name":"Boudjebaa El Bordj","name_ar":"بوجبهة البرج","daira":"Sfisef","daira_ar":"سفيزف","wilaya_code":22}},
{"type":"Feature","geometry":{"type":"Point","coordinates":[-0.9295920,35.2240535]},"properties":{"id":827,"post_code":"22039","name":"Sehala Thaoura","name_ar":"سهالة الثورة","daira":"Tessala","daira_ar":"تسالة","wilaya_code":22}},
{"type":"Feature","geometry":{"type":"Point","coordinates":[-0.8069145,35.1557033]},"properties":{"id":828,"post_code":"22040","name":"Sidi Yacoub","name_ar":"سيدي يعقوب","daira":"Sidi Lahcene","daira_ar":"سيدي لحسن","wilaya_code":22}},
{"type":"Feature","geometry":{"type":"Point","coordinates":[-0.5885866,35.3114849]},"properties":{"id":829,"post_code":"22041","name":"Sidi Hamadouche","name_ar":"سيدي حمادوش","daira":"Ain El Berd","daira_ar":"عين البرد","wilaya_code":22}},
{"type":"Feature","geometry":{"type":"Point","coordinates":[-0.5169609,35.1309933]},"properties":{"id":830,"post_code":"22042","name":"Belarbi","name_ar":"بلعربي","daira":"Mostefa  Ben Brahim","daira_ar":"مصطفى بن ابراهيم","wilaya_code":22}},
{"type":"Feature","geometry":{"type":"Point","coordinates":[-0.3616477,35.0664471]},"properties":{"id":831,"post_code":"22043","name":"Oued Sefioun","name_ar":"واد سفيون","daira":"Tenira","daira_ar":"تنيرة","wilaya_code":22}},
{"type":"Feature","geometry":{"type":"Point","coordinates":[-0.5630190,34.8852137]},"properties":{"id":832,"post_code":"22044","name":"Teghalimet","name_ar":"تغاليمت","daira":"Telagh","daira_ar":"تلاغ","wilaya_code":22}},
{"type":"Feature","geometry":{"type":"Point","coordinates":[-0.9757259,34.9261400]},"properties":{"id":833,"post_code":"22045","name":"Ben Badis","name_ar":"ابن باديس","daira":"Ben Badis","daira_ar":"بن باديس","wilaya_code":22}},
{"type":"Feature","geometry":{"type":"Point","coordinates":[-0.7941940,34.9488777]},"properties":{"id":834,"post_code":"22046","name":"Sidi Ali Benyoub","name_ar":"سيدي علي بن يوب","daira":"Sidi Ali Ben Youb","daira_ar":"سيدي علي بن يوب","wilaya_code":22}},
{"type":"Feature","geometry":{"type":"Point","coordinates":[-0.8453465,34.9500630]},"properties":{"id":835,"post_code":"22047","name":"Chetouane Belaila","name_ar":"شطوان بلايلة","daira":"Ben Badis","daira_ar":"بن باديس","wilaya_code":22}},
{"type":"Feature","geometry":{"type":"Point","coordinates":[-0.5031502,34.4187435]},"properties":{"id":836,"post_code":"22048","name":"Bir El Hammam","name_ar":"بئر الحمام","daira":"Marhoum","daira_ar":"مرحوم","wilaya_code":22}},
{"type":"Feature","geometry":{"type":"Point","coordinates":[-0.1211071,34.5881382]},"properties":{"id":837,"post_code":"22049","name":"Taoudmout","name_ar":"تاودموت","daira":"Merine","daira_ar":"مرين","wilaya_code":22}},
{"type":"Feature","geometry":{"type":"Point","coordinates":[-0.8185673,34.4269826]},"properties":{"id":838,"post_code":"22050","name":"Redjem Demouche","name_ar":"رجم دموش","daira":"Ras El Ma","daira_ar":"راس الماء","wilaya_code":22}},
{"type":"Feature","geometry":{"type":"Point","coordinates":[-0.6169817,34.9637049]},"properties":{"id":839,"post_code":"22051","name":"Benachiba Chelia","name_ar":"بن عشيبة شلية","daira":"Tenira","daira_ar":"تنيرة","wilaya_code":22}},
{"type":"Feature","geometry":{"type":"Point","coordinates":[-0.5963542,35.1088780]},"properties":{"id":840,"post_code":"22052","name":"Hassi Dahou","name_ar":"حاسي دحو","daira":"Tenira","daira_ar":"تنيرة","wilaya_code":22}},
{"type":"Feature","geometry":{"type":"Point","coordinates":[7.6752351,36.9184139]},"properties":{"id":841,"post_code":"23001","name":"Annaba","name_ar":"عنابة","daira":"Annaba","daira_ar":"عنابة","wilaya_code":23}},
{"type":"Feature","geometry":{"type":"Point","coordinates":[7.4170564,36.8106093]},"properties":{"id":842,"post_code":"23002","name":"Berrahel","name_ar":"برحال","daira":"Berrahal","daira_ar":"برحال","wilaya_code":23}},
{"type":"Feature","geometry":{"type":"Point","coordinates":[7.6264832,36.7742133]},"properties":{"id":843,"post_code":"23003","name":"El Hadjar","name_ar":"الحجار","daira":"El Hadjar","daira_ar":"الحجار","wilaya_code":23}},
{"type":"Feature","geometry":{"type":"Point","coordinates":[7.3636267,36.7095806]},"properties":{"id":844,"post_code":"23004","name":"Eulma","name_ar":"العلمة","daira":"Ain El Berda","daira_ar":"عين الباردة","wilaya_code":23}},
{"type":"Feature","geometry":{"type":"Point","coordinates":[7.6381562,36.8404084]},"properties":{"id":845,"post_code":"23005","name":"El Bouni","name_ar":"البوني","daira":"El Bouni","daira_ar":"البوني","wilaya_code":23}},
{"type":"Feature","geometry":{"type":"Point","coordinates":[7.4220268,36.9362160]},"properties":{"id":846,"post_code":"23006","name":"Oued El Aneb","name_ar":"وادي العنب","daira":"Berrahal","daira_ar":"برحال","wilaya_code":23}},
{"type":"Feature","geometry":{"type":"Point","coordinates":[7.5026509,36.7217760]},"properties":{"id":847,"post_code":"23007","name":"Cheurfa","name_ar":"الشرفة","daira":"Ain El Berda","daira_ar":"عين الباردة","wilaya_code":23}},
{"type":"Feature","geometry":{"type":"Point","coordinates":[7.5518106,36.9465799]},"properties":{"id":848,"post_code":"23008","name":"Seraidi","name_ar":"سرايدي","daira":"Annaba","daira_ar":"عنابة","wilaya_code":23}},
{"type":"Feature","geometry":{"type":"Point","coordinates":[7.5182507,36.6718947]},"properties":{"id":849,"post_code":"23009","name":"Ain Berda","name_ar":"عين الباردة","daira":"Ain El Berda","daira_ar":"عين الباردة","wilaya_code":23}},
{"type":"Feature","geometry":{"type":"Point","coordinates":[7.3259042,37.0130857]},"properties":{"id":850,"post_code":"23010","name":"Chetaibi","name_ar":"شطايبي","daira":"Chetaibi","daira_ar":"شطايبي","wilaya_code":23}},
{"type":"Feature","geometry":{"type":"Point","coordinates":[7.5912068,36.8079881]},"properties":{"id":851,"post_code":"23011","name":"Sidi Amer","name_ar":"سيدي عمار","daira":"El Hadjar","daira_ar":"الحجار","wilaya_code":23}},
{"type":"Feature","geometry":{"type":"Point","coordinates":[7.3342297,36.9335110]},"properties":{"id":852,"post_code":"23012","name":"Treat","name_ar":"التريعات","daira":"Berrahal","daira_ar":"برحال","wilaya_code":23}},
{"type":"Feature","geometry":{"type":"Point","coordinates":[7.3984116,36.4569037]},"properties":{"id":853,"post_code":"24001","name":"Guelma","name_ar":"قالمة","daira":"Guelma","daira_ar":"قالمة","wilaya_code":24}},
{"type":"Feature","geometry":{"type":"Point","coordinates":[7.5036084,36.6111780]},"properties":{"id":854,"post_code":"24002","name":"Nechmaya","name_ar":"نشماية","daira":"Guelaat Bousbaa","daira_ar":"قلعة بوصبع","wilaya_code":24}},
{"type":"Feature","geometry":{"type":"Point","coordinates":[7.3207353,36.5895674]},"properties":{"id":855,"post_code":"24003","name":"Bouati Mahmoud","name_ar":"بوعاتي محمود","daira":"Heliopolis","daira_ar":"هيليوبوليس","wilaya_code":24}},
{"type":"Feature","geometry":{"type":"Point","coordinates":[7.1469496,36.3153995]},"properties":{"id":856,"post_code":"24004","name":"Oued Zenati","name_ar":"وادي الزناتي","daira":"Oued Zenati","daira_ar":"وادي الزناتي","wilaya_code":24}},
{"type":"Feature","geometry":{"type":"Point","coordinates":[7.1315431,36.1569512]},"properties":{"id":857,"post_code":"24005","name":"Tamlouka","name_ar":"تاملوكة","daira":"Ain Makhlouf","daira_ar":"عين مخلوف","wilaya_code":24}},
{"type":"Feature","geometry":{"type":"Point","coordinates":[7.7080895,36.5567569]},"properties":{"id":858,"post_code":"24006","name":"Oued Fragha","name_ar":"وادي فراغة","daira":"Bouchegouf","daira_ar":"بوشقوف","wilaya_code":24}},
{"type":"Feature","geometry":{"type":"Point","coordinates":[7.5088549,36.2432261]},"properties":{"id":859,"post_code":"24007","name":"Ain Sandel","name_ar":"عين صندل","daira":"Khezaras","daira_ar":"خزارة","wilaya_code":24}},
{"type":"Feature","geometry":{"type":"Point","coordinates":[7.2205067,36.3734915]},"properties":{"id":860,"post_code":"24008","name":"Ras El Agba","name_ar":"راس العقبة","daira":"Ain Hessainia","daira_ar":"عين حساينية","wilaya_code":24}},
{"type":"Feature","geometry":{"type":"Point","coordinates":[7.7283990,36.3509675]},"properties":{"id":861,"post_code":"24009","name":"Dahouara","name_ar":"الدهوارة","daira":"Hammam N'bails","daira_ar":"حمام النبايل","wilaya_code":24}},
{"type":"Feature","geometry":{"type":"Point","coordinates":[7.4686431,36.4607299]},"properties":{"id":862,"post_code":"24010","name":"Belkhir","name_ar":"بلخير","daira":"Guelaat Bousbaa","daira_ar":"قلعة بوصبع","wilaya_code":24}},
{"type":"Feature","geometry":{"type":"Point","coordinates":[7.3656034,36.4323579]},"properties":{"id":863,"post_code":"24011","name":"Ben Djarah","name_ar":"بن جراح","daira":"Guelma","daira_ar":"قالمة","wilaya_code":24}},
{"type":"Feature","geometry":{"type":"Point","coordinates":[7.0672535,36.4607875]},"properties":{"id":864,"post_code":"24012","name":"Bou Hamdane","name_ar":"بوحمدان","daira":"Hammam Debagh","daira_ar":"حمام دباغ","wilaya_code":24}},
{"type":"Feature","geometry":{"type":"Point","coordinates":[7.2423719,36.2433466]},"properties":{"id":865,"post_code":"24013","name":"Ain Makhlouf","name_ar":"عين مخلوف","daira":"Ain Makhlouf","daira_ar":"عين مخلوف","wilaya_code":24}},
{"type":"Feature","geometry":{"type":"Point","coordinates":[7.6912452,36.6166662]},"properties":{"id":866,"post_code":"24014","name":"Ain Ben Beida","name_ar":"عين بن بيضاء","daira":"Bouchegouf","daira_ar":"بوشقوف","wilaya_code":24}},
{"type":"Feature","geometry":{"type":"Point","coordinates":[7.5256133,36.3706489]},"properties":{"id":867,"post_code":"24015","name":"Khezara","name_ar":"خزارة","daira":"Khezaras","daira_ar":"خزارة","wilaya_code":24}},
{"type":"Feature","geometry":{"type":"Point","coordinates":[7.5999319,36.4813374]},"properties":{"id":868,"post_code":"24016","name":"Beni Mezline","name_ar":"بني مزلين","daira":"Guelaat Bousbaa","daira_ar":"قلعة بوصبع","wilaya_code":24}},
{"type":"Feature","geometry":{"type":"Point","coordinates":[7.5039195,36.3062461]},"properties":{"id":869,"post_code":"24017","name":"Bou Hachana","name_ar":"بوحشانة","daira":"Khezaras","daira_ar":"خزارة","wilaya_code":24}},
{"type":"Feature","geometry":{"type":"Point","coordinates":[7.4658322,36.5487411]},"properties":{"id":870,"post_code":"24018","name":"Guelaat Bou Sbaa","name_ar":"قلعة بوصبع","daira":"Guelaat Bousbaa","daira_ar":"قلعة بوصبع","wilaya_code":24}},
{"type":"Feature","geometry":{"type":"Point","coordinates":[7.2612452,36.4599991]},"properties":{"id":871,"post_code":"24019","name":"Hammam Maskhoutine","name_ar":"حمام مسخوطين","daira":"Hammam Debagh","daira_ar":"حمام دباغ","wilaya_code":24}},
{"type":"Feature","geometry":{"type":"Point","coordinates":[7.3712466,36.5092883]},"properties":{"id":872,"post_code":"24020","name":"El Fedjoudj","name_ar":"الفجوج","daira":"Heliopolis","daira_ar":"هيليوبوليس","wilaya_code":24}},
{"type":"Feature","geometry":{"type":"Point","coordinates":[7.0382880,36.4020468]},"properties":{"id":873,"post_code":"24021","name":"Bordj Sabat","name_ar":"برج صباط","daira":"Oued Zenati","daira_ar":"وادي الزناتي","wilaya_code":24}},
{"type":"Feature","geometry":{"type":"Point","coordinates":[7.6336956,36.3240283]},"properties":{"id":874,"post_code":"24022","name":"Hamman Nbail","name_ar":"حمام النبايل","daira":"Hammam N'bails","daira_ar":"حمام النبايل","wilaya_code":24}},
{"type":"Feature","geometry":{"type":"Point","coordinates":[7.4334312,36.4569088]},"properties":{"id":875,"post_code":"24023","name":"Ain Larbi","name_ar":"عين العربى","daira":"Ain Makhlouf","daira_ar":"عين مخلوف","wilaya_code":24}},
{"type":"Feature","geometry":{"type":"Point","coordinates":[7.3073994,36.4453028]},"properties":{"id":876,"post_code":"24024","name":"Medjez Amar","name_ar":"مجاز عمار","daira":"Ain Hessainia","daira_ar":"عين حساينية","wilaya_code":24}},
{"type":"Feature","geometry":{"type":"Point","coordinates":[7.7139471,36.4698174]},"properties":{"id":877,"post_code":"24025","name":"Bouchegouf","name_ar":"بوشقوف","daira":"Bouchegouf","daira_ar":"بوشقوف","wilaya_code":24}},
{"type":"Feature","geometry":{"type":"Point","coordinates":[7.4183462,36.5051137]},"properties":{"id":878,"post_code":"24026","name":"Heliopolis","name_ar":"ھيليوبوليس","daira":"Heliopolis","daira_ar":"هيليوبوليس","wilaya_code":24}},
{"type":"Feature","geometry":{"type":"Point","coordinates":[7.2737237,36.4170552]},"properties":{"id":879,"post_code":"24027","name":"Houari Boumediene","name_ar":"هواري بومدين","daira":"Ain Hessainia","daira_ar":"عين حساينية","wilaya_code":24}},
{"type":"Feature","geometry":{"type":"Point","coordinates":[7.2242832,36.5448453]},"properties":{"id":880,"post_code":"24028","name":"Roknia","name_ar":"الركنية","daira":"Hammam Debagh","daira_ar":"حمام دباغ","wilaya_code":24}},
{"type":"Feature","geometry":{"type":"Point","coordinates":[7.2468782,36.3864653]},"properties":{"id":881,"post_code":"24029","name":"Salaoua Announa","name_ar":"سلاوة عنونة","daira":"Ain Hessainia","daira_ar":"عين حساينية","wilaya_code":24}},
{"type":"Feature","geometry":{"type":"Point","coordinates":[7.7743936,36.4343861]},"properties":{"id":882,"post_code":"24030","name":"Medjez Sfa","name_ar":"مجاز الصفاء","daira":"Bouchegouf","daira_ar":"بوشقوف","wilaya_code":24}},
{"type":"Feature","geometry":{"type":"Point","coordinates":[7.5044774,36.4588487]},"properties":{"id":883,"post_code":"24031","name":"Boumahra Ahmed","name_ar":"بومهرة أحمد","daira":"Guelaat Bousbaa","daira_ar":"قلعة بوصبع","wilaya_code":24}},
{"type":"Feature","geometry":{"type":"Point","coordinates":[7.0637584,36.2606161]},"properties":{"id":884,"post_code":"24032","name":"Ain Reggada","name_ar":"عين رقادة","daira":"Oued Zenati","daira_ar":"وادي الزناتي","wilaya_code":24}},
{"type":"Feature","geometry":{"type":"Point","coordinates":[7.7591800,36.3814206]},"properties":{"id":885,"post_code":"24033","name":"Oued Cheham","name_ar":"وادي الشحم","daira":"Hammam N'bails","daira_ar":"حمام النبايل","wilaya_code":24}},
{"type":"Feature","geometry":{"type":"Point","coordinates":[7.5646019,36.4642865]},"properties":{"id":886,"post_code":"24034","name":"Djeballah Khemissi","name_ar":"جبالة لخميسي","daira":"Guelaat Bousbaa","daira_ar":"قلعة بوصبع","wilaya_code":24}},
{"type":"Feature","geometry":{"type":"Point","coordinates":[6.5073908,36.3539041]},"properties":{"id":887,"post_code":"25001","name":"Constantine","name_ar":"قسنطينة","daira":"Constantine","daira_ar":"قسنطينة","wilaya_code":25}},
{"type":"Feature","geometry":{"type":"Point","coordinates":[6.4871452,36.4279139]},"properties":{"id":888,"post_code":"25002","name":"Hamma Bouziane","name_ar":"حامة بوزيان","daira":"Hamma Bouziane","daira_ar":"حامة بوزيان","wilaya_code":25}},
{"type":"Feature","geometry":{"type":"Point","coordinates":[6.7097178,36.3480237]},"properties":{"id":889,"post_code":"25003","name":"Ibn Badis","name_ar":"إبن باديس","daira":"Ain Abid","daira_ar":"عين عبيد","wilaya_code":25}},
{"type":"Feature","geometry":{"type":"Point","coordinates":[6.5941469,36.5297763]},"properties":{"id":890,"post_code":"25004","name":"Zighoud Youcef","name_ar":"زيغود يوسف","daira":"Zighoud Youcef","daira_ar":"زيغود يوسف","wilaya_code":25}},
{"type":"Feature","geometry":{"type":"Point","coordinates":[6.5927385,36.4639526]},"properties":{"id":891,"post_code":"25005","name":"Didouche Mourad","name_ar":"ديدوش مراد","daira":"Hamma Bouziane","daira_ar":"حامة بوزيان","wilaya_code":25}},
{"type":"Feature","geometry":{"type":"Point","coordinates":[6.5156439,36.2838625]},"properties":{"id":892,"post_code":"25006","name":"El Khroub","name_ar":"الخروب","daira":"El Khroub","daira_ar":"الخروب","wilaya_code":25}},
{"type":"Feature","geometry":{"type":"Point","coordinates":[6.7979518,36.2465349]},"properties":{"id":893,"post_code":"25007","name":"Ain Abid","name_ar":"عين عبيد","daira":"Ain Abid","daira_ar":"عين عبيد","wilaya_code":25}},
{"type":"Feature","geometry":{"type":"Point","coordinates":[6.4731762,36.5203461]},"properties":{"id":894,"post_code":"25008","name":"Beni Hamiden","name_ar":"بني حميدان","daira":"Zighoud Youcef","daira_ar":"زيغود يوسف","wilaya_code":25}},
{"type":"Feature","geometry":{"type":"Point","coordinates":[6.5482917,36.1816075]},"properties":{"id":895,"post_code":"25009","name":"Ouled Rahmoune","name_ar":"أولاد رحمون","daira":"El Khroub","daira_ar":"الخروب","wilaya_code":25}},
{"type":"Feature","geometry":{"type":"Point","coordinates":[6.4221713,36.2946549]},"properties":{"id":896,"post_code":"25010","name":"Ain Smara","name_ar":"عين سمارة","daira":"El Khroub","daira_ar":"الخروب","wilaya_code":25}},
{"type":"Feature","geometry":{"type":"Point","coordinates":[6.3586781,36.4463789]},"properties":{"id":897,"post_code":"25011","name":"Mesaoud Boudjeriou","name_ar":"مسعود بوجريو","daira":"Ibn Ziad","daira_ar":"ابن زياد","wilaya_code":25}},
{"type":"Feature","geometry":{"type":"Point","coordinates":[6.3523267,36.3691447]},"properties":{"id":898,"post_code":"25012","name":"Ibn Ziad","name_ar":"ابن زياد","daira":"Ibn Ziad","daira_ar":"ابن زياد","wilaya_code":25}},
{"type":"Feature","geometry":{"type":"Point","coordinates":[2.7028058,36.2838204]},"properties":{"id":899,"post_code":"26001","name":"Medea","name_ar":"المدية","daira":"Medea","daira_ar":"المدية","wilaya_code":26}},
{"type":"Feature","geometry":{"type":"Point","coordinates":[2.8073906,36.2615351]},"properties":{"id":900,"post_code":"26002","name":"Ouzera","name_ar":"وزرة","daira":"Ouzera","daira_ar":"وزرة","wilaya_code":26}},
{"type":"Feature","geometry":{"type":"Point","coordinates":[2.9102508,35.7948583]},"properties":{"id":901,"post_code":"26003","name":"Ouled Maaref","name_ar":"أولاد معرف","daira":null,"daira_ar":null,"wilaya_code":67}},
{"type":"Feature","geometry":{"type":"Point","coordinates":[3.0031194,35.8347645]},"properties":{"id":902,"post_code":"26004","name":"Ain Boucif","name_ar":"عين بوسيف","daira":"Ain Boucif","daira_ar":"عين بوسيف","wilaya_code":67}},
{"type":"Feature","geometry":{"type":"Point","coordinates":[3.1566785,36.4109256]},"properties":{"id":903,"post_code":"26005","name":"Aissaouia","name_ar":"العيساوية","daira":"Tablat","daira_ar":"تابلاط","wilaya_code":26}},
{"type":"Feature","geometry":{"type":"Point","coordinates":[2.9097357,36.1013316]},"properties":{"id":904,"post_code":"26006","name":"Ouled Deide","name_ar":"أولاد دايد","daira":null,"daira_ar":null,"wilaya_code":26}},
{"type":"Feature","geometry":{"type":"Point","coordinates":[2.9355786,36.3025098]},"properties":{"id":905,"post_code":"67007","name":"El Omaria","name_ar":"العمارية","daira":"El Omaria","daira_ar":"العمارية","wilaya_code":26}},
{"type":"Feature","geometry":{"type":"Point","coordinates":[2.2165241,35.8431534]},"properties":{"id":906,"post_code":"26008","name":"Derrag","name_ar":"دراڨ","daira":"Aziz","daira_ar":"عزيز","wilaya_code":67}},
{"type":"Feature","geometry":{"type":"Point","coordinates":[3.3416865,36.2477512]},"properties":{"id":907,"post_code":"26009","name":"El Guelbelkebir","name_ar":"القلب الكبير","daira":"Guelb El Kebir","daira_ar":"القلب الكبير","wilaya_code":26}},
{"type":"Feature","geometry":{"type":"Point","coordinates":[2.1731367,35.6097793]},"properties":{"id":908,"post_code":"26010","name":"Bouaiche","name_ar":"بوعيش","daira":"Chahbounia","daira_ar":"الشهبونية","wilaya_code":67}},
{"type":"Feature","geometry":{"type":"Point","coordinates":[3.2758115,36.3467956]},"properties":{"id":909,"post_code":"26011","name":"Mezerena","name_ar":"مزغنة","daira":null,"daira_ar":null,"wilaya_code":26}},
{"type":"Feature","geometry":{"type":"Point","coordinates":[2.8815053,36.2195223]},"properties":{"id":910,"post_code":"26012","name":"Ouled Brahim","name_ar":"أولاد إبراهيم","daira":"El Omaria","daira_ar":"العمارية","wilaya_code":26}},
{"type":"Feature","geometry":{"type":"Point","coordinates":[2.7286213,36.2131052]},"properties":{"id":911,"post_code":"26013","name":"Tizi Mahdi","name_ar":"تيزي المهدي","daira":"Ouzera","daira_ar":"وزرة","wilaya_code":26}},
{"type":"Feature","geometry":{"type":"Point","coordinates":[3.1710122,36.0275429]},"properties":{"id":912,"post_code":"26014","name":"Sidi Ziane","name_ar":"سيدي زيان","daira":"Souaghi","daira_ar":"السواقي","wilaya_code":26}},
{"type":"Feature","geometry":{"type":"Point","coordinates":[2.6122974,36.3206865]},"properties":{"id":913,"post_code":"26015","name":"Tamesguida","name_ar":"تمزڨيدة","daira":"Medea","daira_ar":"المدية","wilaya_code":26}},
{"type":"Feature","geometry":{"type":"Point","coordinates":[2.7878641,36.3465239]},"properties":{"id":914,"post_code":"26016","name":"El Hamdania","name_ar":"الحمدانية","daira":"Ouzera","daira_ar":"وزرة","wilaya_code":26}},
{"type":"Feature","geometry":{"type":"Point","coordinates":[3.1958172,35.9218925]},"properties":{"id":915,"post_code":"26017","name":"Kef Lakhdar","name_ar":"الكاف الأخضر","daira":"Ain Boucif","daira_ar":"عين بوسيف","wilaya_code":67}},
{"type":"Feature","geometry":{"type":"Point","coordinates":[3.3358071,35.9605086]},"properties":{"id":916,"post_code":"26018","name":"Chelalet El Adhaoura","name_ar":"شلالة العذاورة","daira":"Chellalat El Adhaoura","daira_ar":"شلالة العذاورة","wilaya_code":67}},
{"type":"Feature","geometry":{"type":"Point","coordinates":[3.1348775,36.1950571]},"properties":{"id":917,"post_code":"26019","name":"Bouskene","name_ar":"بوسكن","daira":"Beni Slimane","daira_ar":"بني سليمان","wilaya_code":26}},
{"type":"Feature","geometry":{"type":"Point","coordinates":[3.0759976,36.0223957]},"properties":{"id":918,"post_code":"26020","name":"Rebaia","name_ar":"الربعية","daira":"Berrouaghia","daira_ar":"البرواقية","wilaya_code":26}},
{"type":"Feature","geometry":{"type":"Point","coordinates":[3.1350492,36.2735556]},"properties":{"id":919,"post_code":"26021","name":"Bouchrahil","name_ar":"بوشراحيل","daira":"Sidi Naamane","daira_ar":"سيدي نعمان","wilaya_code":26}},
{"type":"Feature","geometry":{"type":"Point","coordinates":[2.3924341,36.0034964]},"properties":{"id":920,"post_code":"26022","name":"Ouled Hellal","name_ar":"أولاد هلال","daira":"Ouled Antar","daira_ar":"أولاد عنتر","wilaya_code":67}},
{"type":"Feature","geometry":{"type":"Point","coordinates":[3.2743524,35.9953336]},"properties":{"id":921,"post_code":"26023","name":"Tafraout","name_ar":"تافراوت","daira":"Chellalat El Adhaoura","daira_ar":"شلالة العذاورة","wilaya_code":67}},
{"type":"Feature","geometry":{"type":"Point","coordinates":[3.0595610,36.3720772]},"properties":{"id":922,"post_code":"26024","name":"Baata","name_ar":"بعطة","daira":"El Omaria","daira_ar":"العمارية","wilaya_code":26}},
{"type":"Feature","geometry":{"type":"Point","coordinates":[2.6326821,35.9371699]},"properties":{"id":923,"post_code":"26025","name":"Boghar","name_ar":"بوغار","daira":"Ouled Antar","daira_ar":"أولاد عنتر","wilaya_code":67}},
{"type":"Feature","geometry":{"type":"Point","coordinates":[3.0135987,36.2654589]},"properties":{"id":924,"post_code":"26026","name":"Sidi Naamane","name_ar":"سيدي نعمان","daira":"Sidi Naamane","daira_ar":"سيدي نعمان","wilaya_code":26}},
{"type":"Feature","geometry":{"type":"Point","coordinates":[2.6346133,36.0987018]},"properties":{"id":925,"post_code":"26027","name":"Ouled Bouachra","name_ar":"أولاد بوعشرة","daira":"Si Mahdjoub","daira_ar":"سي المحجوب","wilaya_code":26}},
{"type":"Feature","geometry":{"type":"Point","coordinates":[3.2656834,36.0709876]},"properties":{"id":926,"post_code":"26028","name":"Sidi Zahar","name_ar":"سيدي زهار","daira":"Souaghi","daira_ar":"السواقي","wilaya_code":26}},
{"type":"Feature","geometry":{"type":"Point","coordinates":[2.5734161,36.2397747]},"properties":{"id":927,"post_code":"26029","name":"Oued Harbil","name_ar":"وادي حربيل","daira":"Ouamri","daira_ar":"عوامري","wilaya_code":26}},
{"type":"Feature","geometry":{"type":"Point","coordinates":[2.7682088,36.1913329]},"properties":{"id":928,"post_code":"26030","name":"Benchicao","name_ar":"بن شكاو","daira":"Ouzera","daira_ar":"وزرة","wilaya_code":26}},
{"type":"Feature","geometry":{"type":"Point","coordinates":[3.2306644,35.8219378]},"properties":{"id":929,"post_code":"26031","name":"Sidi Damed","name_ar":"سيدي دامد","daira":null,"daira_ar":null,"wilaya_code":67}},
{"type":"Feature","geometry":{"type":"Point","coordinates":[2.2227155,35.7544258]},"properties":{"id":930,"post_code":"67032","name":"Aziz","name_ar":"عزيز","daira":"Aziz","daira_ar":"عزيز","wilaya_code":67}},
{"type":"Feature","geometry":{"type":"Point","coordinates":[3.1635449,36.1114893]},"properties":{"id":931,"post_code":"26033","name":"Souagui","name_ar":"السواڨي","daira":"Souaghi","daira_ar":"السواقي","wilaya_code":26}},
{"type":"Feature","geometry":{"type":"Point","coordinates":[2.7869199,36.0656920]},"properties":{"id":932,"post_code":"26034","name":"Zoubiria","name_ar":"الزبيرية","daira":"Seghouane","daira_ar":"سغوان","wilaya_code":26}},
{"type":"Feature","geometry":{"type":"Point","coordinates":[2.6861545,35.8750361]},"properties":{"id":933,"post_code":"67035","name":"Ksar El Boukhari","name_ar":"قصر البخاري","daira":"Ksar El Boukhari","daira_ar":"قصر البخاري","wilaya_code":67}},
{"type":"Feature","geometry":{"type":"Point","coordinates":[3.4549421,36.3151797]},"properties":{"id":934,"post_code":"26036","name":"El Azizia","name_ar":"العزيزية","daira":"El Azizia","daira_ar":"العزيزية","wilaya_code":26}},
{"type":"Feature","geometry":{"type":"Point","coordinates":[3.3535741,36.1117003]},"properties":{"id":935,"post_code":"26037","name":"Djouab","name_ar":"جواب","daira":"Souaghi","daira_ar":"السواقي","wilaya_code":26}},
{"type":"Feature","geometry":{"type":"Point","coordinates":[2.4968901,35.5846723]},"properties":{"id":936,"post_code":"67038","name":"Chahbounia","name_ar":"الشهبونية","daira":null,"daira_ar":null,"wilaya_code":67}},
{"type":"Feature","geometry":{"type":"Point","coordinates":[3.4680723,36.3822217]},"properties":{"id":937,"post_code":"26039","name":"Meghraoua","name_ar":"مغراوة","daira":null,"daira_ar":null,"wilaya_code":26}},
{"type":"Feature","geometry":{"type":"Point","coordinates":[3.4658406,35.9572465]},"properties":{"id":938,"post_code":"26040","name":"Cheniguel","name_ar":"شنيڨل","daira":"Chellalat El Adhaoura","daira_ar":"شلالة العذاورة","wilaya_code":67}},
{"type":"Feature","geometry":{"type":"Point","coordinates":[3.3282462,35.7760055]},"properties":{"id":939,"post_code":"26041","name":"Ain Ouksir","name_ar":"عين القصير","daira":"Chellalat El Adhaoura","daira_ar":"شلالة العذاورة","wilaya_code":67}},
{"type":"Feature","geometry":{"type":"Point","coordinates":[2.6069329,35.8304434]},"properties":{"id":940,"post_code":"26042","name":"Oum El Djalil","name_ar":"أم الجليل","daira":null,"daira_ar":null,"wilaya_code":67}},
{"type":"Feature","geometry":{"type":"Point","coordinates":[2.4798606,36.2537814]},"properties":{"id":941,"post_code":"26043","name":"Ouamri","name_ar":"عوامري","daira":"Ouamri","daira_ar":"عوامري","wilaya_code":26}},
{"type":"Feature","geometry":{"type":"Point","coordinates":[2.7172917,36.1691158]},"properties":{"id":942,"post_code":"26044","name":"Si Mahdjoub","name_ar":"سى المحجوب","daira":"Si Mahdjoub","daira_ar":"سي المحجوب","wilaya_code":26}},
{"type":"Feature","geometry":{"type":"Point","coordinates":[2.8731719,35.9963494]},"properties":{"id":943,"post_code":"26045","name":"Tlatet Eddouair","name_ar":"ثلاثة الدوائر","daira":null,"daira_ar":null,"wilaya_code":26}},
{"type":"Feature","geometry":{"type":"Point","coordinates":[3.2412217,36.2181313]},"properties":{"id":944,"post_code":"26046","name":"Beni Slimane","name_ar":"بني سليمان","daira":"Beni Slimane","daira_ar":"بني سليمان","wilaya_code":26}},
{"type":"Feature","geometry":{"type":"Point","coordinates":[2.8436539,36.1528037]},"properties":{"id":945,"post_code":"26047","name":"Berrouaghia","name_ar":"البرواڨية","daira":"Berrouaghia","daira_ar":"البرواقية","wilaya_code":26}},
{"type":"Feature","geometry":{"type":"Point","coordinates":[2.8356717,35.9968593]},"properties":{"id":946,"post_code":"26048","name":"Seghouane","name_ar":"سغوان","daira":"Seghouane","daira_ar":"سغوان","wilaya_code":26}},
{"type":"Feature","geometry":{"type":"Point","coordinates":[2.8140852,35.8821773]},"properties":{"id":947,"post_code":"26049","name":"Meftaha","name_ar":"المفاتحة","daira":"Ksar El Boukhari","daira_ar":"قصر البخاري","wilaya_code":67}},
{"type":"Feature","geometry":{"type":"Point","coordinates":[3.3691094,36.3861353]},"properties":{"id":948,"post_code":"26050","name":"Mihoub","name_ar":"ميهوب","daira":"El Azizia","daira_ar":"العزيزية","wilaya_code":26}},
{"type":"Feature","geometry":{"type":"Point","coordinates":[2.6264943,35.6795297]},"properties":{"id":949,"post_code":"26051","name":"Boughezoul","name_ar":"بوغزول","daira":null,"daira_ar":null,"wilaya_code":67}},
{"type":"Feature","geometry":{"type":"Point","coordinates":[3.2734726,36.4231476]},"properties":{"id":950,"post_code":"26052","name":"Tablat","name_ar":"تابلاط","daira":"Tablat","daira_ar":"تابلاط","wilaya_code":26}},
{"type":"Feature","geometry":{"type":"Point","coordinates":[3.2670586,36.4676678]},"properties":{"id":951,"post_code":"26053","name":"Deux Bassins","name_ar":"فج الحوضين","daira":null,"daira_ar":null,"wilaya_code":26}},
{"type":"Feature","geometry":{"type":"Point","coordinates":[2.6257727,36.2689828]},"properties":{"id":952,"post_code":"26054","name":"Draa Essamar","name_ar":"ذراع السمار","daira":null,"daira_ar":null,"wilaya_code":26}},
{"type":"Feature","geometry":{"type":"Point","coordinates":[3.2951253,36.2825480]},"properties":{"id":953,"post_code":"26055","name":"Sidi Errabia","name_ar":"سيدي الربيع","daira":null,"daira_ar":null,"wilaya_code":26}},
{"type":"Feature","geometry":{"type":"Point","coordinates":[3.3408711,36.1905774]},"properties":{"id":954,"post_code":"26056","name":"Bir Ben Laabed","name_ar":"بئر بن العابد","daira":"Guelb El Kebir","daira_ar":"القلب الكبير","wilaya_code":26}},
{"type":"Feature","geometry":{"type":"Point","coordinates":[2.9963896,35.8638348]},"properties":{"id":955,"post_code":"26057","name":"El Ouinet","name_ar":"العوينات","daira":"Ain Boucif","daira_ar":"عين بوسيف","wilaya_code":67}},
{"type":"Feature","geometry":{"type":"Point","coordinates":[2.5264159,35.9546472]},"properties":{"id":956,"post_code":"67058","name":"Ouled Antar","name_ar":"أولاد عنتر","daira":"Ouled Antar","daira_ar":"أولاد عنتر","wilaya_code":67}},
{"type":"Feature","geometry":{"type":"Point","coordinates":[2.5703691,36.1351828]},"properties":{"id":957,"post_code":"26059","name":"Bouaichoune","name_ar":"بوعيشون","daira":"Si Mahdjoub","daira_ar":"سي المحجوب","wilaya_code":26}},
{"type":"Feature","geometry":{"type":"Point","coordinates":[2.5216172,36.1693058]},"properties":{"id":958,"post_code":"26060","name":"Hannacha","name_ar":"حناشة","daira":"Ouamri","daira_ar":"عوامري","wilaya_code":26}},
{"type":"Feature","geometry":{"type":"Point","coordinates":[3.4389756,36.2330914]},"properties":{"id":959,"post_code":"26061","name":"Sedraia","name_ar":"سدراية","daira":null,"daira_ar":null,"wilaya_code":26}},
{"type":"Feature","geometry":{"type":"Point","coordinates":[2.7541324,35.9562974]},"properties":{"id":960,"post_code":"26062","name":"Medjebar","name_ar":"مجبر","daira":"Seghouane","daira_ar":"سغوان","wilaya_code":26}},
{"type":"Feature","geometry":{"type":"Point","coordinates":[3.0538534,36.1478178]},"properties":{"id":961,"post_code":"26063","name":"Khams Djouamaa","name_ar":"خمس جوامع","daira":"Sidi Naamane","daira_ar":"سيدي نعمان","wilaya_code":26}},
{"type":"Feature","geometry":{"type":"Point","coordinates":[2.7609990,35.8406053]},"properties":{"id":962,"post_code":"67064","name":"Saneg","name_ar":"سانڨ","daira":"Ksar El Boukhari","daira_ar":"قصر البخاري","wilaya_code":67}},
{"type":"Feature","geometry":{"type":"Point","coordinates":[0.0448868,35.9751637]},"properties":{"id":963,"post_code":"27001","name":"Mostaganem","name_ar":"مستغانم","daira":"Mostaganem","daira_ar":"مستغانم","wilaya_code":27}},
{"type":"Feature","geometry":{"type":"Point","coordinates":[0.0894758,35.9321147]},"properties":{"id":964,"post_code":"27002","name":"Sayada","name_ar":"صيادة","daira":"Kheir Eddine","daira_ar":"خير الدين","wilaya_code":27}},
{"type":"Feature","geometry":{"type":"Point","coordinates":[-0.0327569,35.7604979]},"properties":{"id":965,"post_code":"27003","name":"Fornaka","name_ar":"فرناكة","daira":"Ain Nouicy","daira_ar":"عين نويسي","wilaya_code":27}},
{"type":"Feature","geometry":{"type":"Point","coordinates":[-0.0143553,35.8286516]},"properties":{"id":966,"post_code":"27004","name":"Stidia","name_ar":"ستيدية","daira":"Hassi Mameche","daira_ar":"حاسي ماماش","wilaya_code":27}},
{"type":"Feature","geometry":{"type":"Point","coordinates":[0.0398253,35.8032737]},"properties":{"id":967,"post_code":"27005","name":"Ain Nouissy","name_ar":"عين نويسي","daira":"Ain Nouicy","daira_ar":"عين نويسي","wilaya_code":27}},
{"type":"Feature","geometry":{"type":"Point","coordinates":[0.0229141,35.8606343]},"properties":{"id":968,"post_code":"27006","name":"Hassi Maameche","name_ar":"حاسي مماش","daira":"Hassi Mameche","daira_ar":"حاسي ماماش","wilaya_code":27}},
{"type":"Feature","geometry":{"type":"Point","coordinates":[0.2932405,35.9940136]},"properties":{"id":969,"post_code":"27007","name":"Ain Tadles","name_ar":"عين تادلس","daira":"Ain Tedeles","daira_ar":"عين تادلس","wilaya_code":27}},
{"type":"Feature","geometry":{"type":"Point","coordinates":[0.3356516,36.0006026]},"properties":{"id":970,"post_code":"27008","name":"Sour","name_ar":"صور","daira":"Ain Tedeles","daira_ar":"عين تادلس","wilaya_code":27}},
{"type":"Feature","geometry":{"type":"Point","coordinates":[0.3768825,35.9498792]},"properties":{"id":971,"post_code":"27009","name":"Oued El Kheir","name_ar":"واد الخير","daira":"Ain Tedeles","daira_ar":"عين تادلس","wilaya_code":27}},
{"type":"Feature","geometry":{"type":"Point","coordinates":[0.2672123,36.0267851]},"properties":{"id":972,"post_code":"27010","name":"Sidi Bellater","name_ar":"سيدي بلعاتر","daira":"Ain Tedeles","daira_ar":"عين تادلس","wilaya_code":27}},
{"type":"Feature","geometry":{"type":"Point","coordinates":[0.1016209,35.9549081]},"properties":{"id":973,"post_code":"27011","name":"Kheiredine","name_ar":"خير الدين","daira":"Kheir Eddine","daira_ar":"خير الدين","wilaya_code":27}},
{"type":"Feature","geometry":{"type":"Point","coordinates":[0.3972458,36.0968612]},"properties":{"id":974,"post_code":"27012","name":"Sidi Ali","name_ar":"سيدي علي","daira":"Sidi Ali","daira_ar":"سيدي علي","wilaya_code":27}},
{"type":"Feature","geometry":{"type":"Point","coordinates":[0.2672312,36.1034611]},"properties":{"id":975,"post_code":"27013","name":"Abdelmalek Ramdane","name_ar":"عبد المالك رمضان","daira":"Sidi Lakhdar","daira_ar":"سيدي لخضر","wilaya_code":27}},
{"type":"Feature","geometry":{"type":"Point","coordinates":[0.3163505,36.0963942]},"properties":{"id":976,"post_code":"27014","name":"Hadjadj","name_ar":"حجاج","daira":"Sidi Lakhdar","daira_ar":"سيدي لخضر","wilaya_code":27}},
{"type":"Feature","geometry":{"type":"Point","coordinates":[0.6165754,36.1880382]},"properties":{"id":977,"post_code":"27015","name":"Nekmaria","name_ar":"نقمارية","daira":"Achaacha","daira_ar":"عشعاشة","wilaya_code":27}},
{"type":"Feature","geometry":{"type":"Point","coordinates":[0.4315995,36.1633785]},"properties":{"id":978,"post_code":"27016","name":"Sidi Lakhdar","name_ar":"سيدي لخضر","daira":"Sidi Lakhdar","daira_ar":"سيدي لخضر","wilaya_code":27}},
{"type":"Feature","geometry":{"type":"Point","coordinates":[0.6235599,36.2449302]},"properties":{"id":979,"post_code":"27017","name":"Achaacha","name_ar":"عشعاشة","daira":"Achaacha","daira_ar":"عشعاشة","wilaya_code":27}},
{"type":"Feature","geometry":{"type":"Point","coordinates":[0.5688214,36.2538598]},"properties":{"id":980,"post_code":"27018","name":"Khadra","name_ar":"خضراء","daira":"Achaacha","daira_ar":"عشعاشة","wilaya_code":27}},
{"type":"Feature","geometry":{"type":"Point","coordinates":[0.2465079,35.7512830]},"properties":{"id":981,"post_code":"27019","name":"Bouguirat","name_ar":"بوقيراط","daira":"Bouguirat","daira_ar":"بوقيراط","wilaya_code":27}},
{"type":"Feature","geometry":{"type":"Point","coordinates":[0.1835710,35.7805820]},"properties":{"id":982,"post_code":"27020","name":"Sirat","name_ar":"سيرات","daira":"Bouguirat","daira_ar":"بوقيراط","wilaya_code":27}},
{"type":"Feature","geometry":{"type":"Point","coordinates":[0.1163113,35.8358105]},"properties":{"id":983,"post_code":"27021","name":"Ain Sidi Cherif","name_ar":"عين سيدي شريف","daira":"Mesra","daira_ar":"ماسرة","wilaya_code":27}},
{"type":"Feature","geometry":{"type":"Point","coordinates":[0.1574992,35.8389326]},"properties":{"id":984,"post_code":"27022","name":"Mesra","name_ar":"ماسرة","daira":"Mesra","daira_ar":"ماسرة","wilaya_code":27}},
{"type":"Feature","geometry":{"type":"Point","coordinates":[0.2285671,35.8432384]},"properties":{"id":985,"post_code":"27023","name":"Mansourah","name_ar":"منصورة","daira":"Mesra","daira_ar":"ماسرة","wilaya_code":27}},
{"type":"Feature","geometry":{"type":"Point","coordinates":[0.3271866,35.8616131]},"properties":{"id":986,"post_code":"27024","name":"Souaflia","name_ar":"سوافلية","daira":"Bouguirat","daira_ar":"بوقيراط","wilaya_code":27}},
{"type":"Feature","geometry":{"type":"Point","coordinates":[0.6610250,36.3160232]},"properties":{"id":987,"post_code":"27025","name":"Ouled Boughalem","name_ar":"أوالد بوغالم","daira":"Achaacha","daira_ar":"عشعاشة","wilaya_code":27}},
{"type":"Feature","geometry":{"type":"Point","coordinates":[0.5870175,36.0072076]},"properties":{"id":988,"post_code":"27026","name":"Ouled Maallah","name_ar":"أولاد مع اللّه","daira":"Sidi Ali","daira_ar":"سيدي علي","wilaya_code":27}},
{"type":"Feature","geometry":{"type":"Point","coordinates":[0.0250619,35.8844492]},"properties":{"id":989,"post_code":"27027","name":"Mezghrane","name_ar":"مزغران","daira":"Hassi Mameche","daira_ar":"حاسي ماماش","wilaya_code":27}},
{"type":"Feature","geometry":{"type":"Point","coordinates":[0.1825405,36.0091691]},"properties":{"id":990,"post_code":"27028","name":"Ain Boudinar","name_ar":"عين بودينار","daira":"Kheir Eddine","daira_ar":"خير الدين","wilaya_code":27}},
{"type":"Feature","geometry":{"type":"Point","coordinates":[0.5438018,36.0944945]},"properties":{"id":991,"post_code":"27029","name":"Tazgait","name_ar":"تزقايت","daira":"Sidi Ali","daira_ar":"سيدي علي","wilaya_code":27}},
{"type":"Feature","geometry":{"type":"Point","coordinates":[0.3698229,35.8436642]},"properties":{"id":992,"post_code":"27030","name":"Safsaf","name_ar":"صفصاف","daira":"Bouguirat","daira_ar":"بوقيراط","wilaya_code":27}},
{"type":"Feature","geometry":{"type":"Point","coordinates":[0.2054358,35.8109224]},"properties":{"id":993,"post_code":"27031","name":"Touahria","name_ar":"طواھيرية","daira":"Mesra","daira_ar":"ماسرة","wilaya_code":27}},
{"type":"Feature","geometry":{"type":"Point","coordinates":[0.1155925,35.7530845]},"properties":{"id":994,"post_code":"27032","name":"El Hassiane","name_ar":"الحسيان","daira":"Ain Nouicy","daira_ar":"عين نويسي","wilaya_code":27}},
{"type":"Feature","geometry":{"type":"Point","coordinates":[4.3786421,35.7210664]},"properties":{"id":995,"post_code":"28001","name":"Msila","name_ar":"المسيلة","daira":"M'sila","daira_ar":"المسيلة","wilaya_code":28}},
{"type":"Feature","geometry":{"type":"Point","coordinates":[4.6873829,35.7973219]},"properties":{"id":996,"post_code":"28002","name":"Maadid","name_ar":"المعاضيد","daira":"Ouled Derradj","daira_ar":"أولاد دراج","wilaya_code":28}},
{"type":"Feature","geometry":{"type":"Point","coordinates":[4.2004576,35.9303231]},"properties":{"id":997,"post_code":"68003","name":"Hammam Dhalaa","name_ar":"حمـام الضلعة","daira":null,"daira_ar":null,"wilaya_code":28}},
{"type":"Feature","geometry":{"type":"Point","coordinates":[4.6290103,35.6715243]},"properties":{"id":998,"post_code":"28004","name":"Ouled Derradj","name_ar":"أولاد دراج","daira":"Ouled Derradj","daira_ar":"أولاد دراج","wilaya_code":28}},
{"type":"Feature","geometry":{"type":"Point","coordinates":[4.1865609,35.8174498]},"properties":{"id":999,"post_code":"28005","name":"Tarmount","name_ar":"تارمونت","daira":"Hammam Dalaa","daira_ar":"حمام الضلعة","wilaya_code":28}},
{"type":"Feature","geometry":{"type":"Point","coordinates":[4.5064011,35.6887798]},"properties":{"id":1000,"post_code":"28006","name":"Mtarfa","name_ar":"مطارفة","daira":"Ouled Derradj","daira_ar":"أولاد دراج","wilaya_code":28}},
{"type":"Feature","geometry":{"type":"Point","coordinates":[4.3378725,35.3114022]},"properties":{"id":1001,"post_code":"28007","name":"Khoubana","name_ar":"خبانة","daira":"Khoubana","daira_ar":"خبانة","wilaya_code":68}},
{"type":"Feature","geometry":{"type":"Point","coordinates":[4.5858374,35.3150000]},"properties":{"id":1002,"post_code":"28008","name":"M'cif","name_ar":"مسيف","daira":"Khoubana","daira_ar":"خبانة","wilaya_code":68}},
{"type":"Feature","geometry":{"type":"Point","coordinates":[4.2335024,35.5134267]},"properties":{"id":1003,"post_code":"28009","name":"Chellal","name_ar":"شلال","daira":"Chellal","daira_ar":"شلال","wilaya_code":28}},
{"type":"Feature","geometry":{"type":"Point","coordinates":[4.4095411,35.5247760]},"properties":{"id":1004,"post_code":"68010","name":"Ouled Madhi","name_ar":"أولاد مـاضي","daira":"Chellal","daira_ar":"شلال","wilaya_code":28}},
{"type":"Feature","geometry":{"type":"Point","coordinates":[4.9762812,35.6076161]},"properties":{"id":1005,"post_code":"68011","name":"Magra","name_ar":"مقرة","daira":"Magra","daira_ar":"مقرة","wilaya_code":28}},
{"type":"Feature","geometry":{"type":"Point","coordinates":[4.9263356,35.6351693]},"properties":{"id":1006,"post_code":"28012","name":"Berhoum","name_ar":"برهوم","daira":"Magra","daira_ar":"مقرة","wilaya_code":28}},
{"type":"Feature","geometry":{"type":"Point","coordinates":[4.8777554,35.5456141]},"properties":{"id":1007,"post_code":"28013","name":"Ain Khadra","name_ar":"عين الخضراء","daira":"Magra","daira_ar":"مقرة","wilaya_code":28}},
{"type":"Feature","geometry":{"type":"Point","coordinates":[4.7484866,35.6765410]},"properties":{"id":1008,"post_code":"28014","name":"Ouled Addi Guebala","name_ar":"اولاد عدي لقبالة","daira":"Ouled Derradj","daira_ar":"أولاد دراج","wilaya_code":28}},
{"type":"Feature","geometry":{"type":"Point","coordinates":[5.1394531,35.5682674]},"properties":{"id":1009,"post_code":"68015","name":"Belaiba","name_ar":"بلعايبة","daira":"Magra","daira_ar":"مقرة","wilaya_code":28}},
{"type":"Feature","geometry":{"type":"Point","coordinates":[3.6556044,35.8255783]},"properties":{"id":1010,"post_code":"28016","name":"Sidi Aissa","name_ar":"سيدي عيسى","daira":"Sidi Aissa","daira_ar":"سيدي عيسى","wilaya_code":28}},
{"type":"Feature","geometry":{"type":"Point","coordinates":[3.6830434,35.6184864]},"properties":{"id":1011,"post_code":"68017","name":"Ain El Hadjel","name_ar":"عين الحجل","daira":"Ain El Hadjel","daira_ar":"عين الحجل","wilaya_code":28}},
{"type":"Feature","geometry":{"type":"Point","coordinates":[3.7978373,35.7020457]},"properties":{"id":1012,"post_code":"28018","name":"Sidi Hadjeres","name_ar":"سيدي ھجرس","daira":"Ain El Hadjel","daira_ar":"عين الحجل","wilaya_code":28}},
{"type":"Feature","geometry":{"type":"Point","coordinates":[4.0415850,35.9310253]},"properties":{"id":1013,"post_code":"28019","name":"Ouanougha","name_ar":"ونوغة","daira":"Hammam Dalaa","daira_ar":"حمام الضلعة","wilaya_code":28}},
{"type":"Feature","geometry":{"type":"Point","coordinates":[4.0429152,35.2131065]},"properties":{"id":1014,"post_code":"68020","name":"Bou Saada","name_ar":"بوسعادة","daira":"Bousaada","daira_ar":"بوسعادة","wilaya_code":68}},
{"type":"Feature","geometry":{"type":"Point","coordinates":[3.9983262,35.3495826]},"properties":{"id":1015,"post_code":"68021","name":"Ouled Sidi Brahim","name_ar":"أولاد سيدي ابراهيم","daira":null,"daira_ar":null,"wilaya_code":68}},
{"type":"Feature","geometry":{"type":"Point","coordinates":[3.6834134,35.3659746]},"properties":{"id":1016,"post_code":"68022","name":"Sidi Ameur","name_ar":"سيدي عامر","daira":"Sidi Ameur","daira_ar":"سيدي عامر","wilaya_code":68}},
{"type":"Feature","geometry":{"type":"Point","coordinates":[3.7451258,35.2027774]},"properties":{"id":1017,"post_code":"68023","name":"Tamsa","name_ar":"تامسة","daira":"Sidi Ameur","daira_ar":"سيدي عامر","wilaya_code":68}},
{"type":"Feature","geometry":{"type":"Point","coordinates":[4.4258488,34.9930313]},"properties":{"id":1018,"post_code":"68024","name":"Ben Srour","name_ar":"بن سرور","daira":"Ben Srour","daira_ar":"بن سرور","wilaya_code":68}},
{"type":"Feature","geometry":{"type":"Point","coordinates":[4.7197332,34.9246808]},"properties":{"id":1019,"post_code":"28025","name":"Ouled Slimane","name_ar":"أولاد سليمان","daira":"Ben Srour","daira_ar":"بن سرور","wilaya_code":68}},
{"type":"Feature","geometry":{"type":"Point","coordinates":[4.3637934,35.1664895]},"properties":{"id":1020,"post_code":"28026","name":"El Houamed","name_ar":"الحوامد","daira":"Khoubana","daira_ar":"خبانة","wilaya_code":68}},
{"type":"Feature","geometry":{"type":"Point","coordinates":[3.9996217,35.1212832]},"properties":{"id":1021,"post_code":"28027","name":"El Hamel","name_ar":"الهامل","daira":"Bousaada","daira_ar":"بوسعادة","wilaya_code":68}},
{"type":"Feature","geometry":{"type":"Point","coordinates":[4.2625131,35.7319531]},"properties":{"id":1022,"post_code":"28028","name":"Ouled Mansour","name_ar":"أولاد منصور","daira":"Hammam Dalaa","daira_ar":"حمام الضلعة","wilaya_code":28}},
{"type":"Feature","geometry":{"type":"Point","coordinates":[4.1652669,35.3604520]},"properties":{"id":1023,"post_code":"68029","name":"Maarif","name_ar":"المعاريف","daira":"Chellal","daira_ar":"شلال","wilaya_code":28}},
{"type":"Feature","geometry":{"type":"Point","coordinates":[4.9668048,35.7328552]},"properties":{"id":1024,"post_code":"68030","name":"Dehahna","name_ar":"الدهاهنة","daira":"Magra","daira_ar":"مقرة","wilaya_code":28}},
{"type":"Feature","geometry":{"type":"Point","coordinates":[3.4628716,35.6757367]},"properties":{"id":1025,"post_code":"68031","name":"Bouti Sayah","name_ar":"بوطي السايح","daira":null,"daira_ar":null,"wilaya_code":28}},
{"type":"Feature","geometry":{"type":"Point","coordinates":[4.0557899,35.6791210]},"properties":{"id":1026,"post_code":"68032","name":"Khettouti Sed Djir","name_ar":"خطوطي سد الجير","daira":null,"daira_ar":null,"wilaya_code":28}},
{"type":"Feature","geometry":{"type":"Point","coordinates":[4.7163000,35.0536128]},"properties":{"id":1027,"post_code":"28033","name":"Zarzour","name_ar":"الزرزور","daira":"Ben Srour","daira_ar":"بن سرور","wilaya_code":68}},
{"type":"Feature","geometry":{"type":"Point","coordinates":[4.3559827,34.8994154]},"properties":{"id":1028,"post_code":"28034","name":"Oued Chair","name_ar":"محمد بوضياف","daira":null,"daira_ar":null,"wilaya_code":68}},
{"type":"Feature","geometry":{"type":"Point","coordinates":[3.9870825,35.4561038]},"properties":{"id":1029,"post_code":"28035","name":"Benzouh","name_ar":"بن الزوه","daira":"Ouled Sidi Brahim","daira_ar":"أولاد سيدي ابراهيم","wilaya_code":68}},
{"type":"Feature","geometry":{"type":"Point","coordinates":[3.7172307,34.8183094]},"properties":{"id":1030,"post_code":"28036","name":"Bir Foda","name_ar":"بير الفضة","daira":"Ain El Melh","daira_ar":"عين الملح","wilaya_code":68}},
{"type":"Feature","geometry":{"type":"Point","coordinates":[4.3576134,34.7427170]},"properties":{"id":1031,"post_code":"28037","name":"Ain Fares","name_ar":"عين فارس","daira":"Ain El Melh","daira_ar":"عين الملح","wilaya_code":68}},
{"type":"Feature","geometry":{"type":"Point","coordinates":[4.1440667,34.7726262]},"properties":{"id":1032,"post_code":"28038","name":"Sidi Mhamed","name_ar":"سيدي محمد","daira":"Ain El Melh","daira_ar":"عين الملح","wilaya_code":68}},
{"type":"Feature","geometry":{"type":"Point","coordinates":[3.4553940,35.1324378]},"properties":{"id":1033,"post_code":"28039","name":"Ouled Atia","name_ar":"منعة","daira":"Medjedel","daira_ar":"امجدل","wilaya_code":68}},
{"type":"Feature","geometry":{"type":"Point","coordinates":[4.5889058,35.5173258]},"properties":{"id":1034,"post_code":"28040","name":"Souamaa","name_ar":"الصوامع","daira":"Ouled Derradj","daira_ar":"أولاد دراج","wilaya_code":28}},
{"type":"Feature","geometry":{"type":"Point","coordinates":[4.0208139,34.7887663]},"properties":{"id":1035,"post_code":"68041","name":"Ain El Melh","name_ar":"عين الملح","daira":"Ain El Melh","daira_ar":"عين الملح","wilaya_code":68}},
{"type":"Feature","geometry":{"type":"Point","coordinates":[3.3440071,35.0618873]},"properties":{"id":1036,"post_code":"28042","name":"Medjedel","name_ar":"مجدل","daira":"Medjedel","daira_ar":"امجدل","wilaya_code":68}},
{"type":"Feature","geometry":{"type":"Point","coordinates":[3.7464989,34.9545036]},"properties":{"id":1037,"post_code":"68043","name":"Slim","name_ar":"سليم","daira":"Djebel Messaad","daira_ar":"جبل مساعد","wilaya_code":68}},
{"type":"Feature","geometry":{"type":"Point","coordinates":[3.8159469,34.4919894]},"properties":{"id":1038,"post_code":"68044","name":"Ain Errich","name_ar":"عين الريش","daira":null,"daira_ar":null,"wilaya_code":68}},
{"type":"Feature","geometry":{"type":"Point","coordinates":[3.9341250,35.9460168]},"properties":{"id":1039,"post_code":"28045","name":"Beni Ilmane","name_ar":"بنى يلمان","daira":"Sidi Aissa","daira_ar":"سيدي عيسى","wilaya_code":28}},
{"type":"Feature","geometry":{"type":"Point","coordinates":[4.1979763,35.1127067]},"properties":{"id":1040,"post_code":"28046","name":"Oultene","name_ar":"ولتام","daira":null,"daira_ar":null,"wilaya_code":68}},
{"type":"Feature","geometry":{"type":"Point","coordinates":[4.0131749,34.9863778]},"properties":{"id":1041,"post_code":"68047","name":"Djebel Messaad","name_ar":"جبل مساعد","daira":"Djebel Messaad","daira_ar":"جبل مساعد","wilaya_code":68}},
{"type":"Feature","geometry":{"type":"Point","coordinates":[0.1511000,35.3185000]},"properties":{"id":1042,"post_code":"29001","name":"Mascara","name_ar":"مـعـسـكـر","daira":"Mascara","daira_ar":"معسكر","wilaya_code":29}},
{"type":"Feature","geometry":{"type":"Point","coordinates":[-0.0494000,35.2512000]},"properties":{"id":1043,"post_code":"29002","name":"Bou Hanifia","name_ar":"بوحنيفية","daira":"Bouhanifia","daira_ar":"بوحنيفية","wilaya_code":29}},
{"type":"Feature","geometry":{"type":"Point","coordinates":[0.0714000,35.2512000]},"properties":{"id":1044,"post_code":"29003","name":"Tizi","name_ar":"تيزي","daira":"Tizi","daira_ar":"تيزي","wilaya_code":29}},
{"type":"Feature","geometry":{"type":"Point","coordinates":[-0.0055000,35.3969000]},"properties":{"id":1045,"post_code":"29004","name":"Hacine","name_ar":"حسين","daira":"Bouhanifia","daira_ar":"بوحنيفية","wilaya_code":29}},
{"type":"Feature","geometry":{"type":"Point","coordinates":[0.2472000,35.3140000]},"properties":{"id":1046,"post_code":"29005","name":"Maoussa","name_ar":"ماوسة","daira":"Ghriss","daira_ar":"غريس","wilaya_code":29}},
{"type":"Feature","geometry":{"type":"Point","coordinates":[0.3323000,35.3521000]},"properties":{"id":1047,"post_code":"29006","name":"Teghennif","name_ar":"تيغنيف","daira":"Tighennif","daira_ar":"تيغنيف","wilaya_code":29}},
{"type":"Feature","geometry":{"type":"Point","coordinates":[0.4834000,35.3028000]},"properties":{"id":1048,"post_code":"29007","name":"El Hachem","name_ar":"الهاشم","daira":"Hachem","daira_ar":"الحشم","wilaya_code":29}},
{"type":"Feature","geometry":{"type":"Point","coordinates":[0.3488000,35.2692000]},"properties":{"id":1049,"post_code":"29008","name":"Sidi Kada","name_ar":"سيدي قادة","daira":"Tighennif","daira_ar":"تيغنيف","wilaya_code":29}},
{"type":"Feature","geometry":{"type":"Point","coordinates":[0.4752000,35.2266000]},"properties":{"id":1050,"post_code":"29009","name":"Zelmata","name_ar":"زلماطة","daira":"Hachem","daira_ar":"الحشم","wilaya_code":29}},
{"type":"Feature","geometry":{"type":"Point","coordinates":[0.6894000,35.3924000]},"properties":{"id":1051,"post_code":"29010","name":"Oued El Abtal","name_ar":"واد الأبطال","daira":"Oued El Abtal","daira_ar":"وادي الأبطال","wilaya_code":29}},
{"type":"Feature","geometry":{"type":"Point","coordinates":[0.7828000,35.3162000]},"properties":{"id":1052,"post_code":"29011","name":"Ain Ferah","name_ar":"عين فراح","daira":"Oued El Abtal","daira_ar":"وادي الأبطال","wilaya_code":29}},
{"type":"Feature","geometry":{"type":"Point","coordinates":[0.1620000,35.1839000]},"properties":{"id":1053,"post_code":"29012","name":"Ghriss","name_ar":"غريس","daira":"Ghriss","daira_ar":"غريس","wilaya_code":29}},
{"type":"Feature","geometry":{"type":"Point","coordinates":[0.1263000,35.2400000]},"properties":{"id":1054,"post_code":"29013","name":"Froha","name_ar":"فروحة","daira":"Tizi","daira_ar":"تيزي","wilaya_code":29}},
{"type":"Feature","geometry":{"type":"Point","coordinates":[0.2142000,35.2624000]},"properties":{"id":1055,"post_code":"29014","name":"Matemore","name_ar":"مطمور","daira":"Ghriss","daira_ar":"غريس","wilaya_code":29}},
{"type":"Feature","geometry":{"type":"Point","coordinates":[0.2966000,35.1076000]},"properties":{"id":1056,"post_code":"29015","name":"Makdha","name_ar":"ماقضة","daira":"Ghriss","daira_ar":"غريس","wilaya_code":29}},
{"type":"Feature","geometry":{"type":"Point","coordinates":[0.2966000,35.2266000]},"properties":{"id":1057,"post_code":"29016","name":"Sidi Boussaid","name_ar":"سيدي بوسعيد","daira":"Ghriss","daira_ar":"غريس","wilaya_code":29}},
{"type":"Feature","geometry":{"type":"Point","coordinates":[0.3021000,35.4528000]},"properties":{"id":1058,"post_code":"29017","name":"El Bordj","name_ar":"البرج","daira":"El Bordj","daira_ar":"البرج","wilaya_code":29}},
{"type":"Feature","geometry":{"type":"Point","coordinates":[-0.0027000,35.1615000]},"properties":{"id":1059,"post_code":"29018","name":"Ain Fekan","name_ar":"عين فكان","daira":"Ain Fekan","daira_ar":"عين فكان","wilaya_code":29}},
{"type":"Feature","geometry":{"type":"Point","coordinates":[0.2307000,35.0356000]},"properties":{"id":1060,"post_code":"29019","name":"Benian","name_ar":"بنيان","daira":"Aouf","daira_ar":"عوف","wilaya_code":29}},
{"type":"Feature","geometry":{"type":"Point","coordinates":[0.2966000,35.3991000]},"properties":{"id":1061,"post_code":"29020","name":"Khalouia","name_ar":"خلوية","daira":"El Bordj","daira_ar":"البرج","wilaya_code":29}},
{"type":"Feature","geometry":{"type":"Point","coordinates":[0.4037000,35.4797000]},"properties":{"id":1062,"post_code":"29021","name":"El Menaouer","name_ar":"المناور","daira":"El Bordj","daira_ar":"البرج","wilaya_code":29}},
{"type":"Feature","geometry":{"type":"Point","coordinates":[0.0879000,35.0514000]},"properties":{"id":1063,"post_code":"29022","name":"Oued Taria","name_ar":"واد التاغية","daira":"Oued Taria","daira_ar":"وادي التاغية","wilaya_code":29}},
{"type":"Feature","geometry":{"type":"Point","coordinates":[0.3571000,35.0334000]},"properties":{"id":1064,"post_code":"29023","name":"Aouf","name_ar":"عوف","daira":"Aouf","daira_ar":"عوف","wilaya_code":29}},
{"type":"Feature","geometry":{"type":"Point","coordinates":[0.2444000,35.4170000]},"properties":{"id":1065,"post_code":"29024","name":"Ain Fares","name_ar":"عين فارس","daira":"Ain Fares","daira_ar":"عين فارس","wilaya_code":29}},
{"type":"Feature","geometry":{"type":"Point","coordinates":[-0.1511000,35.1255000]},"properties":{"id":1066,"post_code":"29025","name":"Ain Frass","name_ar":"عين فراس","daira":"Ain Fekan","daira_ar":"عين فكان","wilaya_code":29}},
{"type":"Feature","geometry":{"type":"Point","coordinates":[-0.1840000,35.4685000]},"properties":{"id":1067,"post_code":"29026","name":"Sig","name_ar":"سيڨ","daira":"Sig","daira_ar":"سيق","wilaya_code":29}},
{"type":"Feature","geometry":{"type":"Point","coordinates":[-0.2664000,35.5020000]},"properties":{"id":1068,"post_code":"29027","name":"Oggaz","name_ar":"عقاز","daira":"Oggaz","daira_ar":"عقاز","wilaya_code":29}},
{"type":"Feature","geometry":{"type":"Point","coordinates":[-0.2197000,35.6115000]},"properties":{"id":1069,"post_code":"29028","name":"Alaimia","name_ar":"العلايمية","daira":"Oggaz","daira_ar":"عقاز","wilaya_code":29}},
{"type":"Feature","geometry":{"type":"Point","coordinates":[-0.1840000,35.4685000]},"properties":{"id":1070,"post_code":"29029","name":"El Gaada","name_ar":"القعدة","daira":"Zahana","daira_ar":"زهانة","wilaya_code":29}},
{"type":"Feature","geometry":{"type":"Point","coordinates":[-0.4120000,35.4551000]},"properties":{"id":1071,"post_code":"29030","name":"Zahana","name_ar":"زھانة","daira":"Zahana","daira_ar":"زهانة","wilaya_code":29}},
{"type":"Feature","geometry":{"type":"Point","coordinates":[0.0687000,35.5266000]},"properties":{"id":1072,"post_code":"29031","name":"Mohammadia","name_ar":"المحمدية","daira":"Mohammadia","daira_ar":"المحمدية","wilaya_code":29}},
{"type":"Feature","geometry":{"type":"Point","coordinates":[0.0522000,35.5713000]},"properties":{"id":1073,"post_code":"29032","name":"Sidi Abdelmoumene","name_ar":"سيدي عبد المومن","daira":"Mohammadia","daira_ar":"المحمدية","wilaya_code":29}},
{"type":"Feature","geometry":{"type":"Point","coordinates":[0.1538000,35.4685000]},"properties":{"id":1074,"post_code":"29033","name":"Ferraguig","name_ar":"فرقيق","daira":"Mohammadia","daira_ar":"المحمدية","wilaya_code":29}},
{"type":"Feature","geometry":{"type":"Point","coordinates":[0.2005000,35.6205000]},"properties":{"id":1075,"post_code":"29034","name":"El Ghomri","name_ar":"الغمري","daira":"Mohammadia","daira_ar":"المحمدية","wilaya_code":29}},
{"type":"Feature","geometry":{"type":"Point","coordinates":[0.3433000,35.6138000]},"properties":{"id":1076,"post_code":"29035","name":"Sedjerara","name_ar":"سجرارة","daira":"Mohammadia","daira_ar":"المحمدية","wilaya_code":29}},
{"type":"Feature","geometry":{"type":"Point","coordinates":[-0.0494000,35.5356000]},"properties":{"id":1077,"post_code":"29036","name":"Moctadouz","name_ar":"مقطع الدوز","daira":"Mohammadia","daira_ar":"المحمدية","wilaya_code":29}},
{"type":"Feature","geometry":{"type":"Point","coordinates":[-0.0851000,35.4976000]},"properties":{"id":1078,"post_code":"29037","name":"Bou Henni","name_ar":"بوهني","daira":"Sig","daira_ar":"سيق","wilaya_code":29}},
{"type":"Feature","geometry":{"type":"Point","coordinates":[-0.2032000,35.3207000]},"properties":{"id":1079,"post_code":"29038","name":"Guettena","name_ar":"القيطنة","daira":"Bouhanifia","daira_ar":"بوحنيفية","wilaya_code":29}},
{"type":"Feature","geometry":{"type":"Point","coordinates":[0.1401000,35.3611000]},"properties":{"id":1080,"post_code":"29039","name":"El Mamounia","name_ar":"المامونية","daira":"Ain Fares","daira_ar":"عين فارس","wilaya_code":29}},
{"type":"Feature","geometry":{"type":"Point","coordinates":[0.0906000,35.3162000]},"properties":{"id":1081,"post_code":"29040","name":"El Keurt","name_ar":"الكرط","daira":"Tizi","daira_ar":"تيزي","wilaya_code":29}},
{"type":"Feature","geometry":{"type":"Point","coordinates":[0.4010000,35.1323000]},"properties":{"id":1082,"post_code":"29041","name":"Gharrous","name_ar":"غروس","daira":"Aouf","daira_ar":"عوف","wilaya_code":29}},
{"type":"Feature","geometry":{"type":"Point","coordinates":[0.0714000,35.1143000]},"properties":{"id":1083,"post_code":"29042","name":"Gherdjoum","name_ar":"ڤرجوم","daira":"Oued Taria","daira_ar":"وادي التاغية","wilaya_code":29}},
{"type":"Feature","geometry":{"type":"Point","coordinates":[-0.2444000,35.3678000]},"properties":{"id":1084,"post_code":"29043","name":"Chorfa","name_ar":"الشرفة","daira":"Sig","daira_ar":"سيق","wilaya_code":29}},
{"type":"Feature","geometry":{"type":"Point","coordinates":[-0.2115000,35.5289000]},"properties":{"id":1085,"post_code":"29044","name":"Ras Ain Amirouche","name_ar":"رأس العين عميروش","daira":"Oggaz","daira_ar":"عقاز","wilaya_code":29}},
{"type":"Feature","geometry":{"type":"Point","coordinates":[0.3845000,35.1862000]},"properties":{"id":1086,"post_code":"29045","name":"Nesmot","name_ar":"نسموط","daira":"Hachem","daira_ar":"الحشم","wilaya_code":29}},
{"type":"Feature","geometry":{"type":"Point","coordinates":[0.5246000,35.3790000]},"properties":{"id":1087,"post_code":"29046","name":"Sidi Abdeldjebar","name_ar":"سيدي عبد الجبار","daira":"Oued El Abtal","daira_ar":"وادي الأبطال","wilaya_code":29}},
{"type":"Feature","geometry":{"type":"Point","coordinates":[0.3818000,35.4484000]},"properties":{"id":1088,"post_code":"29047","name":"Sehailia","name_ar":"سحايلية","daira":"Tighennif","daira_ar":"تيغنيف","wilaya_code":29}},
{"type":"Feature","geometry":{"type":"Point","coordinates":[5.3421000,31.8974000]},"properties":{"id":1089,"post_code":"30001","name":"Ouargla","name_ar":"ورڨلة","daira":"Ouargla","daira_ar":"ورقلة","wilaya_code":30}},
{"type":"Feature","geometry":{"type":"Point","coordinates":[5.3888000,31.8717000]},"properties":{"id":1090,"post_code":"30002","name":"Ain Beida","name_ar":"عين البيضاء","daira":"Sidi Khouiled","daira_ar":"سيدي خويلد","wilaya_code":30}},
{"type":"Feature","geometry":{"type":"Point","coordinates":[5.3091000,32.0744000]},"properties":{"id":1091,"post_code":"30003","name":"Ngoussa","name_ar":"نقوسة","daira":"N'goussa","daira_ar":"انقوسة","wilaya_code":30}},
{"type":"Feature","geometry":{"type":"Point","coordinates":[6.0727000,31.6148000]},"properties":{"id":1092,"post_code":"30004","name":"Hassi Messaoud","name_ar":"حاسي مسعود","daira":"Hassi Messaoud","daira_ar":"حاسي مسعود","wilaya_code":30}},
{"type":"Feature","geometry":{"type":"Point","coordinates":[5.3366000,31.8694000]},"properties":{"id":1093,"post_code":"30005","name":"Rouissat","name_ar":"الرويسات","daira":"Ouargla","daira_ar":"ورقلة","wilaya_code":30}},
{"type":"Feature","geometry":{"type":"Point","coordinates":[5.9793000,32.8854000]},"properties":{"id":1094,"post_code":"30006","name":"Balidat Ameur","name_ar":"بليدة عامر","daira":"Temacine","daira_ar":"تماسين","wilaya_code":55}},
{"type":"Feature","geometry":{"type":"Point","coordinates":[6.0809000,33.0536000]},"properties":{"id":1095,"post_code":"55007","name":"Tebesbest","name_ar":"تبسبست","daira":"Touggourt","daira_ar":"تقرت","wilaya_code":55}},
{"type":"Feature","geometry":{"type":"Point","coordinates":[6.0507000,33.0167000]},"properties":{"id":1096,"post_code":"55008","name":"Nezla","name_ar":"نزلة","daira":"Touggourt","daira_ar":"تقرت","wilaya_code":55}},
{"type":"Feature","geometry":{"type":"Point","coordinates":[6.0809000,33.0720000]},"properties":{"id":1097,"post_code":"55009","name":"Zaouia El Abidia","name_ar":"الزاوية العابدية","daira":"Touggourt","daira_ar":"تقرت","wilaya_code":55}},
{"type":"Feature","geometry":{"type":"Point","coordinates":[6.0919000,33.2238000]},"properties":{"id":1098,"post_code":"55010","name":"Sidi Slimane","name_ar":"سيدي سليمان","daira":"Megarine","daira_ar":"المقارين","wilaya_code":55}},
{"type":"Feature","geometry":{"type":"Point","coordinates":[5.4190000,31.9137000]},"properties":{"id":1099,"post_code":"30011","name":"Sidi Khouiled","name_ar":"سيدي خويلد","daira":"Sidi Khouiled","daira_ar":"سيدي خويلد","wilaya_code":30}},
{"type":"Feature","geometry":{"type":"Point","coordinates":[5.4684000,31.9603000]},"properties":{"id":1100,"post_code":"30012","name":"Hassi Ben Abdellah","name_ar":"حاسي بن عبد ﷲ","daira":"Sidi Khouiled","daira_ar":"سيدي خويلد","wilaya_code":30}},
{"type":"Feature","geometry":{"type":"Point","coordinates":[6.0672000,33.0351000]},"properties":{"id":1101,"post_code":"55013","name":"Touggourt","name_ar":"توقرت","daira":"Touggourt","daira_ar":"تقرت","wilaya_code":55}},
{"type":"Feature","geometry":{"type":"Point","coordinates":[5.5124000,32.5480000]},"properties":{"id":1102,"post_code":"55014","name":"El Hadjira","name_ar":"الحجيرة","daira":"El-Hadjira","daira_ar":"الحجيرة","wilaya_code":55}},
{"type":"Feature","geometry":{"type":"Point","coordinates":[6.3995000,33.0190000]},"properties":{"id":1103,"post_code":"55015","name":"Taibet","name_ar":"الطيبات","daira":"Taibet","daira_ar":"الطيبات","wilaya_code":55}},
{"type":"Feature","geometry":{"type":"Point","coordinates":[6.0233000,32.9568000]},"properties":{"id":1104,"post_code":"55016","name":"Tamacine","name_ar":"تماسين","daira":"Temacine","daira_ar":"تماسين","wilaya_code":55}},
{"type":"Feature","geometry":{"type":"Point","coordinates":[6.4407000,33.0444000]},"properties":{"id":1105,"post_code":"55017","name":"Benaceur","name_ar":"بن ناصر","daira":"Taibet","daira_ar":"الطيبات","wilaya_code":55}},
{"type":"Feature","geometry":{"type":"Point","coordinates":[6.4050000,33.0467000]},"properties":{"id":1106,"post_code":"55018","name":"Mnaguer","name_ar":"المنقر","daira":"Taibet","daira_ar":"الطيبات","wilaya_code":55}},
{"type":"Feature","geometry":{"type":"Point","coordinates":[6.0947000,33.1272000]},"properties":{"id":1107,"post_code":"55019","name":"Megarine","name_ar":"المقارين","daira":"Megarine","daira_ar":"المقارين","wilaya_code":55}},
{"type":"Feature","geometry":{"type":"Point","coordinates":[5.4245000,32.6313000]},"properties":{"id":1108,"post_code":"55020","name":"El Allia","name_ar":"العالية","daira":"El-Hadjira","daira_ar":"الحجيرة","wilaya_code":55}},
{"type":"Feature","geometry":{"type":"Point","coordinates":[9.1791000,31.5891000]},"properties":{"id":1109,"post_code":"30021","name":"El Borma","name_ar":"البرمة","daira":"El Borma","daira_ar":"البرمة","wilaya_code":30}},
{"type":"Feature","geometry":{"type":"Point","coordinates":[-0.6482000,35.6372000]},"properties":{"id":1110,"post_code":"31001","name":"Oran","name_ar":"وهران","daira":"Oran","daira_ar":"وهران","wilaya_code":31}},
{"type":"Feature","geometry":{"type":"Point","coordinates":[-0.4230000,35.7175000]},"properties":{"id":1111,"post_code":"31002","name":"Gdyel","name_ar":"ڨديل","daira":"Gdyel","daira_ar":"قديل","wilaya_code":31}},
{"type":"Feature","geometry":{"type":"Point","coordinates":[-0.5548000,35.6729000]},"properties":{"id":1112,"post_code":"31003","name":"Bir El Djir","name_ar":"بئر الجير","daira":"Bir El Djir","daira_ar":"بئر الجير","wilaya_code":31}},
{"type":"Feature","geometry":{"type":"Point","coordinates":[-0.4999000,35.6350000]},"properties":{"id":1113,"post_code":"31004","name":"Hassi Bounif","name_ar":"حاسيْ بُونِيف","daira":"Bir El Djir","daira_ar":"بئر الجير","wilaya_code":31}},
{"type":"Feature","geometry":{"type":"Point","coordinates":[-0.6180000,35.5859000]},"properties":{"id":1114,"post_code":"31005","name":"Es Senia","name_ar":"السانية","daira":"Es Senia","daira_ar":"السانية","wilaya_code":31}},
{"type":"Feature","geometry":{"type":"Point","coordinates":[-0.3214000,35.8044000]},"properties":{"id":1115,"post_code":"31006","name":"Arzew","name_ar":"أرزيو","daira":"Arzew","daira_ar":"أرزيو","wilaya_code":31}},
{"type":"Feature","geometry":{"type":"Point","coordinates":[-0.2609000,35.7398000]},"properties":{"id":1116,"post_code":"31007","name":"Bethioua","name_ar":"ﺑﻃﻴﻭة","daira":"Bethioua","daira_ar":"بطيوة","wilaya_code":31}},
{"type":"Feature","geometry":{"type":"Point","coordinates":[-0.1675000,35.7198000]},"properties":{"id":1117,"post_code":"31008","name":"Marsat El Hadjadj","name_ar":"مَرس ألحَجَاج","daira":"Bethioua","daira_ar":"بطيوة","wilaya_code":31}},
{"type":"Feature","geometry":{"type":"Point","coordinates":[-0.7498000,35.6662000]},"properties":{"id":1118,"post_code":"31009","name":"Ain Turk","name_ar":"عيْن التُرْكْ","daira":"Ain Turk","daira_ar":"عين الترك","wilaya_code":31}},
{"type":"Feature","geometry":{"type":"Point","coordinates":[-0.8679000,35.6216000]},"properties":{"id":1119,"post_code":"31010","name":"El Ancar","name_ar":"العنصر","daira":"Ain Turk","daira_ar":"عين الترك","wilaya_code":31}},
{"type":"Feature","geometry":{"type":"Point","coordinates":[-0.4504000,35.4853000]},"properties":{"id":1120,"post_code":"31011","name":"Oued Tlelat","name_ar":"وادى تليلات","daira":"Oued Tlelat","daira_ar":"وادي تليلات","wilaya_code":31}},
{"type":"Feature","geometry":{"type":"Point","coordinates":[-0.5273000,35.4182000]},"properties":{"id":1121,"post_code":"31012","name":"Tafraoui","name_ar":"طفراوي","daira":"Oued Tlelat","daira_ar":"وادي تليلات","wilaya_code":31}},
{"type":"Feature","geometry":{"type":"Point","coordinates":[-0.5191000,35.5859000]},"properties":{"id":1122,"post_code":"31013","name":"Sidi Chami","name_ar":"سيدي الشحمي","daira":"Es Senia","daira_ar":"السانية","wilaya_code":31}},
{"type":"Feature","geometry":{"type":"Point","coordinates":[-0.4120000,35.6149000]},"properties":{"id":1123,"post_code":"31014","name":"Boufatis","name_ar":"بوفاطيس","daira":"Oued Tlelat","daira_ar":"وادي تليلات","wilaya_code":31}},
{"type":"Feature","geometry":{"type":"Point","coordinates":[-0.7196000,35.6751000]},"properties":{"id":1124,"post_code":"31015","name":"Mers El Kebir","name_ar":"المرسى الكبير","daira":"Ain Turk","daira_ar":"عين الترك","wilaya_code":31}},
{"type":"Feature","geometry":{"type":"Point","coordinates":[-0.8102000,35.6461000]},"properties":{"id":1125,"post_code":"31016","name":"Bousfer","name_ar":"بوسفر","daira":"Ain Turk","daira_ar":"عين الترك","wilaya_code":31}},
{"type":"Feature","geometry":{"type":"Point","coordinates":[-0.5795000,35.5479000]},"properties":{"id":1126,"post_code":"31017","name":"El Karma","name_ar":"الكرمة","daira":"Es Senia","daira_ar":"السانية","wilaya_code":31}},
{"type":"Feature","geometry":{"type":"Point","coordinates":[-0.5191000,35.5657000]},"properties":{"id":1127,"post_code":"31018","name":"El Braya","name_ar":"ألبْرَيَ","daira":"Oued Tlelat","daira_ar":"وادي تليلات","wilaya_code":31}},
{"type":"Feature","geometry":{"type":"Point","coordinates":[-0.4669000,35.6640000]},"properties":{"id":1128,"post_code":"31019","name":"Hassi Ben Okba","name_ar":"حاسي بن عقبة","daira":"Bir El Djir","daira_ar":"بئر الجير","wilaya_code":31}},
{"type":"Feature","geometry":{"type":"Point","coordinates":[-0.4202000,35.6283000]},"properties":{"id":1129,"post_code":"31020","name":"Ben Freha","name_ar":"بن فريحة","daira":"Gdyel","daira_ar":"قديل","wilaya_code":31}},
{"type":"Feature","geometry":{"type":"Point","coordinates":[-0.3735000,35.7376000]},"properties":{"id":1130,"post_code":"31021","name":"Hassi Mefsoukh","name_ar":"حاسي مفسوخ","daira":"Gdyel","daira_ar":"قديل","wilaya_code":31}},
{"type":"Feature","geometry":{"type":"Point","coordinates":[-0.3955000,35.7643000]},"properties":{"id":1131,"post_code":"31022","name":"Sidi Ben Yabka","name_ar":"سيدي بن يبقى","daira":"Arzew","daira_ar":"أرزيو","wilaya_code":31}},
{"type":"Feature","geometry":{"type":"Point","coordinates":[-0.7306000,35.5546000]},"properties":{"id":1132,"post_code":"31023","name":"Messerghin","name_ar":"مسرغين","daira":"Boutlelis","daira_ar":"بوتليليس","wilaya_code":31}},
{"type":"Feature","geometry":{"type":"Point","coordinates":[-0.9009000,35.5076000]},"properties":{"id":1133,"post_code":"31024","name":"Boutlelis","name_ar":"بوتليليس","daira":"Boutlelis","daira_ar":"بوتليليس","wilaya_code":31}},
{"type":"Feature","geometry":{"type":"Point","coordinates":[-0.9750000,35.5836000]},"properties":{"id":1134,"post_code":"31025","name":"Ain Kerma","name_ar":"عين الكرمة","daira":"Boutlelis","daira_ar":"بوتليليس","wilaya_code":31}},
{"type":"Feature","geometry":{"type":"Point","coordinates":[-0.2829000,35.7510000]},"properties":{"id":1135,"post_code":"31026","name":"Ain Biya","name_ar":"عين البية","daira":"Bethioua","daira_ar":"بطيوة","wilaya_code":31}},
{"type":"Feature","geometry":{"type":"Point","coordinates":[1.0190000,33.6146000]},"properties":{"id":1136,"post_code":"32001","name":"El Bayadh","name_ar":"الـبـيـض","daira":"El Bayadh","daira_ar":"البيض","wilaya_code":32}},
{"type":"Feature","geometry":{"type":"Point","coordinates":[0.9256000,33.9525000]},"properties":{"id":1137,"post_code":"32002","name":"Rogassa","name_ar":"روقاصة","daira":"Rogassa","daira_ar":"رقاصة","wilaya_code":32}},
{"type":"Feature","geometry":{"type":"Point","coordinates":[1.2222000,33.6924000]},"properties":{"id":1138,"post_code":"32003","name":"Stitten","name_ar":"ستيتين","daira":"Boualem","daira_ar":"بوعلام","wilaya_code":32}},
{"type":"Feature","geometry":{"type":"Point","coordinates":[1.2607000,33.0317000]},"properties":{"id":1139,"post_code":"32004","name":"Brezina","name_ar":"بريزينة","daira":"Brezina","daira_ar":"بريزينة","wilaya_code":32}},
{"type":"Feature","geometry":{"type":"Point","coordinates":[1.2030000,33.3099000]},"properties":{"id":1140,"post_code":"32005","name":"Ghassoul","name_ar":"غسول","daira":"Brezina","daira_ar":"بريزينة","wilaya_code":32}},
{"type":"Feature","geometry":{"type":"Point","coordinates":[1.5353000,33.6626000]},"properties":{"id":1141,"post_code":"32006","name":"Boualem","name_ar":"بوعلام","daira":"Boualem","daira_ar":"بوعلام","wilaya_code":32}},
{"type":"Feature","geometry":{"type":"Point","coordinates":[0.5383000,32.8311000]},"properties":{"id":1142,"post_code":"69007","name":"El Abiodh Sidi Cheikh","name_ar":"الابيض سيدي الشيخ","daira":null,"daira_ar":null,"wilaya_code":69}},
{"type":"Feature","geometry":{"type":"Point","coordinates":[0.7388000,33.3443000]},"properties":{"id":1143,"post_code":"69008","name":"Ain El Orak","name_ar":"عين العراك","daira":"Labiodh Sidi Cheikh","daira_ar":"الأبيض سيدي الشيخ","wilaya_code":69}},
{"type":"Feature","geometry":{"type":"Point","coordinates":[0.5823000,33.0225000]},"properties":{"id":1144,"post_code":"69009","name":"Arbaouat","name_ar":"أربوات","daira":"Labiodh Sidi Cheikh","daira_ar":"الأبيض سيدي الشيخ","wilaya_code":69}},
{"type":"Feature","geometry":{"type":"Point","coordinates":[0.0879000,33.9775000]},"properties":{"id":1145,"post_code":"32010","name":"Bougtoub","name_ar":"بوقطب","daira":"Bougtoub","daira_ar":"بوقطب","wilaya_code":32}},
{"type":"Feature","geometry":{"type":"Point","coordinates":[0.0742000,34.0777000]},"properties":{"id":1146,"post_code":"32011","name":"El Kheither","name_ar":"الخيثر","daira":null,"daira_ar":null,"wilaya_code":32}},
{"type":"Feature","geometry":{"type":"Point","coordinates":[0.6317000,33.7837000]},"properties":{"id":1147,"post_code":"32012","name":"Kef El Ahmar","name_ar":"الكاف الاحمر","daira":"Rogassa","daira_ar":"رقاصة","wilaya_code":32}},
{"type":"Feature","geometry":{"type":"Point","coordinates":[0.0192000,32.7965000]},"properties":{"id":1148,"post_code":"69013","name":"Boussemghoun","name_ar":"بوسمغون","daira":"Boussemghoun","daira_ar":"بوسمغون","wilaya_code":69}},
{"type":"Feature","geometry":{"type":"Point","coordinates":[0.0549000,32.9672000]},"properties":{"id":1149,"post_code":"69014","name":"Chellala","name_ar":"شلالة","daira":null,"daira_ar":null,"wilaya_code":69}},
{"type":"Feature","geometry":{"type":"Point","coordinates":[0.9586000,33.2525000]},"properties":{"id":1150,"post_code":"32015","name":"Krakda","name_ar":"كراكدة","daira":"Brezina","daira_ar":"بريزينة","wilaya_code":32}},
{"type":"Feature","geometry":{"type":"Point","coordinates":[0.2444000,32.2453000]},"properties":{"id":1151,"post_code":"32016","name":"El Bnoud","name_ar":"البنود","daira":"Labiodh Sidi Cheikh","daira_ar":"الأبيض سيدي الشيخ","wilaya_code":69}},
{"type":"Feature","geometry":{"type":"Point","coordinates":[1.2277000,34.1027000]},"properties":{"id":1152,"post_code":"32017","name":"Cheguig","name_ar":"الشقيق","daira":"Rogassa","daira_ar":"رقاصة","wilaya_code":32}},
{"type":"Feature","geometry":{"type":"Point","coordinates":[1.4337000,33.7015000]},"properties":{"id":1153,"post_code":"32018","name":"Sidi Ameur","name_ar":"سيدي عامر","daira":"Boualem","daira_ar":"بوعلام","wilaya_code":32}},
{"type":"Feature","geometry":{"type":"Point","coordinates":[0.3653000,33.2456000]},"properties":{"id":1154,"post_code":"69019","name":"El Mehara","name_ar":"المھارة","daira":"Chellala","daira_ar":"شلالة","wilaya_code":69}},
{"type":"Feature","geometry":{"type":"Point","coordinates":[0.3076000,33.5849000]},"properties":{"id":1155,"post_code":"32020","name":"Tousmouline","name_ar":"توسمولين","daira":"Bougtoub","daira_ar":"بوقطب","wilaya_code":32}},
{"type":"Feature","geometry":{"type":"Point","coordinates":[1.7303000,33.7814000]},"properties":{"id":1156,"post_code":"32021","name":"Sidi Slimane","name_ar":"سيدي سليمان","daira":"Boualem","daira_ar":"بوعلام","wilaya_code":32}},
{"type":"Feature","geometry":{"type":"Point","coordinates":[1.6837000,33.6512000]},"properties":{"id":1157,"post_code":"32022","name":"Sidi Tifour","name_ar":"سيدي طيفور","daira":null,"daira_ar":null,"wilaya_code":32}},
{"type":"Feature","geometry":{"type":"Point","coordinates":[8.4842000,26.4361000]},"properties":{"id":1158,"post_code":"33001","name":"Illizi","name_ar":"إلـيـزي","daira":"Illizi","daira_ar":"إيليزي","wilaya_code":33}},
{"type":"Feature","geometry":{"type":"Point","coordinates":[9.4839000,24.4821000]},"properties":{"id":1159,"post_code":"56002","name":"Djanet","name_ar":"جانت","daira":"Djanet","daira_ar":"جانت","wilaya_code":56}},
{"type":"Feature","geometry":{"type":"Point","coordinates":[9.4208000,29.8978000]},"properties":{"id":1160,"post_code":"33003","name":"Debdeb","name_ar":"دبداب","daira":"In Amenas","daira_ar":"إن أمناس","wilaya_code":33}},
{"type":"Feature","geometry":{"type":"Point","coordinates":[6.8170000,28.0793000]},"properties":{"id":1161,"post_code":"33004","name":"Bordj Omar Driss","name_ar":"برج عمر ادريس","daira":"In Amenas","daira_ar":"إن أمناس","wilaya_code":33}},
{"type":"Feature","geometry":{"type":"Point","coordinates":[9.4510000,24.5146000]},"properties":{"id":1162,"post_code":"56005","name":"Bordj El Haouasse","name_ar":"برج الحواس","daira":"Djanet","daira_ar":"جانت","wilaya_code":56}},
{"type":"Feature","geometry":{"type":"Point","coordinates":[9.5663000,27.9677000]},"properties":{"id":1163,"post_code":"33006","name":"In Amenas","name_ar":"إن أميناس","daira":"In Amenas","daira_ar":"إن أمناس","wilaya_code":33}},
{"type":"Feature","geometry":{"type":"Point","coordinates":[4.7653000,36.0025000]},"properties":{"id":1164,"post_code":"34001","name":"Bordj Bou Arreridj","name_ar":"برج بوعريريج","daira":"Bordj Bou Arreridj","daira_ar":"برج بوعريريج","wilaya_code":34}},
{"type":"Feature","geometry":{"type":"Point","coordinates":[5.0372000,35.8846000]},"properties":{"id":1165,"post_code":"34002","name":"Ras El Oued","name_ar":"رأس الوادي","daira":"Ras El Oued","daira_ar":"رأس الوادي","wilaya_code":34}},
{"type":"Feature","geometry":{"type":"Point","coordinates":[4.8560000,36.2288000]},"properties":{"id":1166,"post_code":"34003","name":"Bordj Zemoura","name_ar":"برج زمورة","daira":"Bordj Zemmoura","daira_ar":"برج زمورة","wilaya_code":34}},
{"type":"Feature","geometry":{"type":"Point","coordinates":[4.4604000,36.0180000]},"properties":{"id":1167,"post_code":"34004","name":"Mansoura","name_ar":"منصورة","daira":"Mansourah","daira_ar":"المنصورة","wilaya_code":34}},
{"type":"Feature","geometry":{"type":"Point","coordinates":[4.3835000,36.0535000]},"properties":{"id":1168,"post_code":"34005","name":"El Mhir","name_ar":"المھير","daira":"Mansourah","daira_ar":"المنصورة","wilaya_code":34}},
{"type":"Feature","geometry":{"type":"Point","coordinates":[4.1721000,36.0757000]},"properties":{"id":1169,"post_code":"34006","name":"Ben Daoud","name_ar":"بن داود","daira":"Mansourah","daira_ar":"المنصورة","wilaya_code":34}},
{"type":"Feature","geometry":{"type":"Point","coordinates":[4.6335000,36.0025000]},"properties":{"id":1170,"post_code":"34007","name":"El Achir","name_ar":"العشير","daira":"Medjana","daira_ar":"مجانة","wilaya_code":34}},
{"type":"Feature","geometry":{"type":"Point","coordinates":[5.0757000,36.0646000]},"properties":{"id":1171,"post_code":"34008","name":"Ain Taghrout","name_ar":"عين تاغروت","daira":"Ain Taghrout","daira_ar":"عين تاغروت","wilaya_code":34}},
{"type":"Feature","geometry":{"type":"Point","coordinates":[4.8889000,35.8356000]},"properties":{"id":1172,"post_code":"34009","name":"Bordj Ghdir","name_ar":"برج غدير","daira":"Bordj Ghedir","daira_ar":"برج الغدير","wilaya_code":34}},
{"type":"Feature","geometry":{"type":"Point","coordinates":[4.9109000,36.0402000]},"properties":{"id":1173,"post_code":"34010","name":"Sidi Embarek","name_ar":"سيدي مبارك","daira":"Bir Kasdali","daira_ar":"بئر قاصد علي","wilaya_code":34}},
{"type":"Feature","geometry":{"type":"Point","coordinates":[4.7461000,35.9157000]},"properties":{"id":1174,"post_code":"34011","name":"El Hamadia","name_ar":"الحمادية","daira":"El Hamadia","daira_ar":"الحمادية","wilaya_code":34}},
{"type":"Feature","geometry":{"type":"Point","coordinates":[4.8807000,35.9157000]},"properties":{"id":1175,"post_code":"34012","name":"Belimour","name_ar":"بليمور","daira":"Bordj Ghedir","daira_ar":"برج الغدير","wilaya_code":34}},
{"type":"Feature","geometry":{"type":"Point","coordinates":[4.6692000,36.0669000]},"properties":{"id":1176,"post_code":"34013","name":"Medjana","name_ar":"مجانة","daira":"Medjana","daira_ar":"مجانة","wilaya_code":34}},
{"type":"Feature","geometry":{"type":"Point","coordinates":[4.6005000,36.1667000]},"properties":{"id":1177,"post_code":"34014","name":"Teniet En Nasr","name_ar":"ثنية النصر","daira":"Medjana","daira_ar":"مجانة","wilaya_code":34}},
{"type":"Feature","geometry":{"type":"Point","coordinates":[4.6637000,36.2288000]},"properties":{"id":1178,"post_code":"34015","name":"Djaafra","name_ar":"جعافرة","daira":"Djaafra","daira_ar":"جعافرة","wilaya_code":34}},
{"type":"Feature","geometry":{"type":"Point","coordinates":[4.7488000,36.3018000]},"properties":{"id":1179,"post_code":"34016","name":"El Main","name_ar":"إلماين","daira":"Djaafra","daira_ar":"جعافرة","wilaya_code":34}},
{"type":"Feature","geometry":{"type":"Point","coordinates":[5.0757000,35.8067000]},"properties":{"id":1180,"post_code":"34017","name":"Ouled Brahem","name_ar":"أولاد ابراھم","daira":"Ras El Oued","daira_ar":"رأس الوادي","wilaya_code":34}},
{"type":"Feature","geometry":{"type":"Point","coordinates":[3.4662000,36.3018000]},"properties":{"id":1181,"post_code":"34018","name":"Ouled Dahmane","name_ar":"أولاد دحمان","daira":"Bordj Zemmoura","daira_ar":"برج زمورة","wilaya_code":34}},
{"type":"Feature","geometry":{"type":"Point","coordinates":[4.7955000,36.0891000]},"properties":{"id":1182,"post_code":"34019","name":"Hasnaoua","name_ar":"حسناوة","daira":"Medjana","daira_ar":"مجانة","wilaya_code":34}},
{"type":"Feature","geometry":{"type":"Point","coordinates":[5.0290000,36.1113000]},"properties":{"id":1183,"post_code":"34020","name":"Khelil","name_ar":"خليل","daira":"Bir Kasdali","daira_ar":"بئر قاصد علي","wilaya_code":34}},
{"type":"Feature","geometry":{"type":"Point","coordinates":[4.9988000,35.7064000]},"properties":{"id":1184,"post_code":"34021","name":"Taglait","name_ar":"تاقلعيت","daira":"Bordj Ghedir","daira_ar":"برج الغدير","wilaya_code":34}},
{"type":"Feature","geometry":{"type":"Point","coordinates":[4.5978000,35.9269000]},"properties":{"id":1185,"post_code":"34022","name":"Ksour","name_ar":"القصور","daira":"El Hamadia","daira_ar":"الحمادية","wilaya_code":34}},
{"type":"Feature","geometry":{"type":"Point","coordinates":[4.3341000,36.1645000]},"properties":{"id":1186,"post_code":"34023","name":"Ouled Sidi Brahim","name_ar":"آث سيذى پراهم.","daira":"Mansourah","daira_ar":"المنصورة","wilaya_code":34}},
{"type":"Feature","geometry":{"type":"Point","coordinates":[4.7324000,36.2531000]},"properties":{"id":1187,"post_code":"34024","name":"Tafreg","name_ar":"تفرڨ","daira":"Djaafra","daira_ar":"جعافرة","wilaya_code":34}},
{"type":"Feature","geometry":{"type":"Point","coordinates":[4.6609000,36.1977000]},"properties":{"id":1188,"post_code":"34025","name":"Colla","name_ar":"القلة","daira":"Djaafra","daira_ar":"جعافرة","wilaya_code":34}},
{"type":"Feature","geometry":{"type":"Point","coordinates":[5.0812000,35.9825000]},"properties":{"id":1189,"post_code":"34026","name":"Tixter","name_ar":"تقصطر","daira":"Ain Taghrout","daira_ar":"عين تاغروت","wilaya_code":34}},
{"type":"Feature","geometry":{"type":"Point","coordinates":[4.6829000,35.8846000]},"properties":{"id":1190,"post_code":"34027","name":"El Ach","name_ar":"العش","daira":"El Hamadia","daira_ar":"الحمادية","wilaya_code":34}},
{"type":"Feature","geometry":{"type":"Point","coordinates":[4.4907000,36.1357000]},"properties":{"id":1191,"post_code":"34028","name":"El Anseur","name_ar":"العناصر","daira":"Bordj Ghedir","daira_ar":"برج الغدير","wilaya_code":34}},
{"type":"Feature","geometry":{"type":"Point","coordinates":[4.8230000,36.2044000]},"properties":{"id":1192,"post_code":"34029","name":"Tesmart","name_ar":"تسمارت","daira":"Bordj Zemmoura","daira_ar":"برج زمورة","wilaya_code":34}},
{"type":"Feature","geometry":{"type":"Point","coordinates":[5.0015000,35.9713000]},"properties":{"id":1193,"post_code":"34030","name":"Ain Tesra","name_ar":"عين تسرة","daira":"Ras El Oued","daira_ar":"رأس الوادي","wilaya_code":34}},
{"type":"Feature","geometry":{"type":"Point","coordinates":[5.0345000,36.0846000]},"properties":{"id":1194,"post_code":"34031","name":"Bir Kasdali","name_ar":"بئر قصد علي","daira":"Bir Kasdali","daira_ar":"بئر قاصد علي","wilaya_code":34}},
{"type":"Feature","geometry":{"type":"Point","coordinates":[4.9054000,35.8067000]},"properties":{"id":1195,"post_code":"34032","name":"Ghilassa","name_ar":"غيلاسة","daira":"Bordj Ghedir","daira_ar":"برج الغدير","wilaya_code":34}},
{"type":"Feature","geometry":{"type":"Point","coordinates":[4.7488000,35.8579000]},"properties":{"id":1196,"post_code":"34033","name":"Rabta","name_ar":"الرابطة","daira":"El Hamadia","daira_ar":"الحمادية","wilaya_code":34}},
{"type":"Feature","geometry":{"type":"Point","coordinates":[4.2242000,36.0913000]},"properties":{"id":1197,"post_code":"34034","name":"Haraza","name_ar":"الحرازة","daira":"Mansourah","daira_ar":"المنصورة","wilaya_code":34}},
{"type":"Feature","geometry":{"type":"Point","coordinates":[3.4662000,36.7048000]},"properties":{"id":1198,"post_code":"35001","name":"Boumerdes","name_ar":"بومرداس","daira":"Boumerdes","daira_ar":"بومرداس","wilaya_code":35}},
{"type":"Feature","geometry":{"type":"Point","coordinates":[3.4058000,36.6695000]},"properties":{"id":1199,"post_code":"35002","name":"Boudouaou","name_ar":"بودواو","daira":"Boudouaou","daira_ar":"بودواو","wilaya_code":35}},
{"type":"Feature","geometry":{"type":"Point","coordinates":[3.7024000,36.7048000]},"properties":{"id":1200,"post_code":"35004","name":"Afir","name_ar":"أفير","daira":"Dellys","daira_ar":"دلس","wilaya_code":35}},
{"type":"Feature","geometry":{"type":"Point","coordinates":[3.7244000,36.6783000]},"properties":{"id":1201,"post_code":"35005","name":"Bordj Menaiel","name_ar":"برج منايل","daira":"Bordj Menaiel","daira_ar":"برج منايل","wilaya_code":35}},
{"type":"Feature","geometry":{"type":"Point","coordinates":[3.8617000,36.7532000]},"properties":{"id":1202,"post_code":"35006","name":"Baghlia","name_ar":"بغلية","daira":"Baghlia","daira_ar":"بغلية","wilaya_code":35}},
{"type":"Feature","geometry":{"type":"Point","coordinates":[3.8507000,36.7884000]},"properties":{"id":1203,"post_code":"35007","name":"Sidi Daoud","name_ar":"سيدي داود","daira":"Baghlia","daira_ar":"بغلية","wilaya_code":35}},
{"type":"Feature","geometry":{"type":"Point","coordinates":[3.8287000,36.6849000]},"properties":{"id":1204,"post_code":"35008","name":"Naciria","name_ar":"الناصرية","daira":"Naciria","daira_ar":"الناصرية","wilaya_code":35}},
{"type":"Feature","geometry":{"type":"Point","coordinates":[3.7244000,36.8148000]},"properties":{"id":1205,"post_code":"35009","name":"Djinet","name_ar":"جنات","daira":"Bordj Menaiel","daira_ar":"برج منايل","wilaya_code":35}},
{"type":"Feature","geometry":{"type":"Point","coordinates":[3.6667000,36.6607000]},"properties":{"id":1206,"post_code":"35010","name":"Isser","name_ar":"يسر","daira":"Isser","daira_ar":"يسر","wilaya_code":35}},
{"type":"Feature","geometry":{"type":"Point","coordinates":[3.6008000,36.7202000]},"properties":{"id":1207,"post_code":"35011","name":"Zemmouri","name_ar":"زموري","daira":"Bordj Menaiel","daira_ar":"برج منايل","wilaya_code":35}},
{"type":"Feature","geometry":{"type":"Point","coordinates":[3.6145000,36.6629000]},"properties":{"id":1208,"post_code":"35012","name":"Si Mustapha","name_ar":"سي مصطفى","daira":"Isser","daira_ar":"يسر","wilaya_code":35}},
{"type":"Feature","geometry":{"type":"Point","coordinates":[3.4964000,36.6651000]},"properties":{"id":1209,"post_code":"35013","name":"Tidjelabine","name_ar":"تيجلابين","daira":"Boumerdes","daira_ar":"بومرداس","wilaya_code":35}},
{"type":"Feature","geometry":{"type":"Point","coordinates":[3.6996000,36.5703000]},"properties":{"id":1210,"post_code":"35014","name":"Chabet El Ameur","name_ar":"شعبة العامر","daira":"Isser","daira_ar":"يسر","wilaya_code":35}},
{"type":"Feature","geometry":{"type":"Point","coordinates":[3.5541000,36.6651000]},"properties":{"id":1211,"post_code":"35015","name":"Thenia","name_ar":"الثنية","daira":"Thenia","daira_ar":"الثنية","wilaya_code":35}},
{"type":"Feature","geometry":{"type":"Point","coordinates":[3.8068000,36.6100000]},"properties":{"id":1212,"post_code":"35018","name":"Timezrit","name_ar":"تمزريت","daira":"Isser","daira_ar":"يسر","wilaya_code":35}},
{"type":"Feature","geometry":{"type":"Point","coordinates":[3.4332000,36.6937000]},"properties":{"id":1213,"post_code":"35019","name":"Corso","name_ar":"قورصو","daira":"Boumerdes","daira_ar":"بومرداس","wilaya_code":35}},
{"type":"Feature","geometry":{"type":"Point","coordinates":[3.3673000,36.6210000]},"properties":{"id":1214,"post_code":"35020","name":"Ouled Moussa","name_ar":"أولاد موسى","daira":"Khemis El Khechna","daira_ar":"خميس الخشنة","wilaya_code":35}},
{"type":"Feature","geometry":{"type":"Point","coordinates":[3.3728000,36.5725000]},"properties":{"id":1215,"post_code":"35021","name":"Larbatache","name_ar":"الأربعطاش","daira":"Khemis El Khechna","daira_ar":"خميس الخشنة","wilaya_code":35}},
{"type":"Feature","geometry":{"type":"Point","coordinates":[3.4799000,36.5615000]},"properties":{"id":1216,"post_code":"35022","name":"Bouzegza Keddara","name_ar":"بوزقزة قدارة","daira":"Boudouaou","daira_ar":"بودواو","wilaya_code":35}},
{"type":"Feature","geometry":{"type":"Point","coordinates":[3.9468000,36.7312000]},"properties":{"id":1217,"post_code":"35025","name":"Taourga","name_ar":"تورقة","daira":"Baghlia","daira_ar":"بغلية","wilaya_code":35}},
{"type":"Feature","geometry":{"type":"Point","coordinates":[3.8150000,36.7444000]},"properties":{"id":1218,"post_code":"35026","name":"Ouled Aissa","name_ar":"أولاد عيسى","daira":"Naciria","daira_ar":"الناصرية","wilaya_code":35}},
{"type":"Feature","geometry":{"type":"Point","coordinates":[3.8809000,36.7994000]},"properties":{"id":1219,"post_code":"35027","name":"Ben Choud","name_ar":"بن شود","daira":"Dellys","daira_ar":"دلس","wilaya_code":35}},
{"type":"Feature","geometry":{"type":"Point","coordinates":[3.9139000,36.8500000]},"properties":{"id":1220,"post_code":"35028","name":"Dellys","name_ar":"دلس","daira":"Dellys","daira_ar":"دلس","wilaya_code":35}},
{"type":"Feature","geometry":{"type":"Point","coordinates":[3.5898000,36.5725000]},"properties":{"id":1221,"post_code":"35029","name":"Ammal","name_ar":"عمال","daira":"Thenia","daira_ar":"الثنية","wilaya_code":35}},
{"type":"Feature","geometry":{"type":"Point","coordinates":[3.5925000,36.6056000]},"properties":{"id":1222,"post_code":"35030","name":"Beni Amrane","name_ar":"بنى عمران","daira":"Thenia","daira_ar":"الثنية","wilaya_code":35}},
{"type":"Feature","geometry":{"type":"Point","coordinates":[3.5898000,36.6277000]},"properties":{"id":1223,"post_code":"35031","name":"Souk El Had","name_ar":"سوق الحد","daira":"Thenia","daira_ar":"الثنية","wilaya_code":35}},
{"type":"Feature","geometry":{"type":"Point","coordinates":[3.3865000,36.7114000]},"properties":{"id":1224,"post_code":"35032","name":"Boudouaou El Bahri","name_ar":"بودواو البحرى","daira":"Boudouaou","daira_ar":"بودواو","wilaya_code":35}},
{"type":"Feature","geometry":{"type":"Point","coordinates":[3.3508000,36.6563000]},"properties":{"id":1225,"post_code":"35033","name":"Ouled Hedadj","name_ar":"أولاد ھداج","daira":"Boudouaou","daira_ar":"بودواو","wilaya_code":35}},
{"type":"Feature","geometry":{"type":"Point","coordinates":[3.6832000,36.6871000]},"properties":{"id":1226,"post_code":"35035","name":"Laghata","name_ar":"لقاطة","daira":"Bordj Menaiel","daira_ar":"برج منايل","wilaya_code":35}},
{"type":"Feature","geometry":{"type":"Point","coordinates":[3.2684000,36.6144000]},"properties":{"id":1227,"post_code":"35036","name":"Hammedi","name_ar":"حمادى","daira":"Khemis El Khechna","daira_ar":"خميس الخشنة","wilaya_code":35}},
{"type":"Feature","geometry":{"type":"Point","coordinates":[3.3289000,36.5858000]},"properties":{"id":1228,"post_code":"35037","name":"Khemis El Khechna","name_ar":"خميس الخشنة","daira":"Khemis El Khechna","daira_ar":"خميس الخشنة","wilaya_code":35}},
{"type":"Feature","geometry":{"type":"Point","coordinates":[3.4058000,36.5946000]},"properties":{"id":1229,"post_code":"35038","name":"El Kharrouba","name_ar":"الخروبة","daira":"Boudouaou","daira_ar":"بودواو","wilaya_code":35}},
{"type":"Feature","geometry":{"type":"Point","coordinates":[8.3139000,36.7048000]},"properties":{"id":1230,"post_code":"36001","name":"El Tarf","name_ar":"الطارف","daira":"El Tarf","daira_ar":"الطارف","wilaya_code":36}},
{"type":"Feature","geometry":{"type":"Point","coordinates":[8.1052000,36.4401000]},"properties":{"id":1231,"post_code":"36002","name":"Bouhadjar","name_ar":"بوحجار","daira":"Bouhadjar","daira_ar":"بوحجار","wilaya_code":36}},
{"type":"Feature","geometry":{"type":"Point","coordinates":[7.9047000,36.7092000]},"properties":{"id":1232,"post_code":"36003","name":"Ben Mhidi","name_ar":"بن مهيدى","daira":"Ben M'hidi","daira_ar":"بن مهيدي","wilaya_code":36}},
{"type":"Feature","geometry":{"type":"Point","coordinates":[8.3688000,36.5968000]},"properties":{"id":1233,"post_code":"36004","name":"Bougous","name_ar":"بوقوس","daira":"El Tarf","daira_ar":"الطارف","wilaya_code":36}},
{"type":"Feature","geometry":{"type":"Point","coordinates":[8.4430000,36.8324000]},"properties":{"id":1234,"post_code":"36005","name":"El Kala","name_ar":"القالة","daira":"El Kala","daira_ar":"القالة","wilaya_code":36}},
{"type":"Feature","geometry":{"type":"Point","coordinates":[8.3826000,36.7246000]},"properties":{"id":1235,"post_code":"36006","name":"Ain El Assel","name_ar":"عين العسل","daira":"El Tarf","daira_ar":"الطارف","wilaya_code":36}},
{"type":"Feature","geometry":{"type":"Point","coordinates":[8.5968000,36.8082000]},"properties":{"id":1236,"post_code":"36007","name":"El Aioun","name_ar":"العيون","daira":"El Kala","daira_ar":"القالة","wilaya_code":36}},
{"type":"Feature","geometry":{"type":"Point","coordinates":[8.1052000,36.4401000]},"properties":{"id":1237,"post_code":"36008","name":"Bouteldja","name_ar":"بوثلجة","daira":"Bouteldja","daira_ar":"بوثلجة","wilaya_code":36}},
{"type":"Feature","geometry":{"type":"Point","coordinates":[8.5638000,36.8192000]},"properties":{"id":1238,"post_code":"36009","name":"Souarekh","name_ar":"السوارخ","daira":"El Kala","daira_ar":"القالة","wilaya_code":36}},
{"type":"Feature","geometry":{"type":"Point","coordinates":[8.1244000,36.7752000]},"properties":{"id":1239,"post_code":"36010","name":"Berrihane","name_ar":"برحان","daira":"Ben M'hidi","daira_ar":"بن مهيدي","wilaya_code":36}},
{"type":"Feature","geometry":{"type":"Point","coordinates":[8.1189000,36.7136000]},"properties":{"id":1240,"post_code":"36011","name":"Lac Des Oiseaux","name_ar":"بحيرة الطيور","daira":"Bouteldja","daira_ar":"بوثلجة","wilaya_code":36}},
{"type":"Feature","geometry":{"type":"Point","coordinates":[8.0392000,36.5483000]},"properties":{"id":1241,"post_code":"36012","name":"Chefia","name_ar":"الشافية","daira":"Bouteldja","daira_ar":"بوثلجة","wilaya_code":36}},
{"type":"Feature","geometry":{"type":"Point","coordinates":[7.7509000,36.6210000]},"properties":{"id":1242,"post_code":"36013","name":"Drean","name_ar":"الذرعان","daira":"Drean","daira_ar":"الذرعان","wilaya_code":36}},
{"type":"Feature","geometry":{"type":"Point","coordinates":[7.7756000,36.5836000]},"properties":{"id":1243,"post_code":"36014","name":"Chihani","name_ar":"شهانى","daira":"Drean","daira_ar":"الذرعان","wilaya_code":36}},
{"type":"Feature","geometry":{"type":"Point","coordinates":[7.7426000,36.6937000]},"properties":{"id":1244,"post_code":"36015","name":"Chebaita Mokhtar","name_ar":"شبيطة مختار","daira":"Drean","daira_ar":"الذرعان","wilaya_code":36}},
{"type":"Feature","geometry":{"type":"Point","coordinates":[7.8470000,36.6387000]},"properties":{"id":1245,"post_code":"36016","name":"Besbes","name_ar":"البسباس","daira":"Besbes","daira_ar":"البسباس","wilaya_code":36}},
{"type":"Feature","geometry":{"type":"Point","coordinates":[7.9761000,36.6122000]},"properties":{"id":1246,"post_code":"36017","name":"Asfour","name_ar":"عصفور","daira":"Besbes","daira_ar":"البسباس","wilaya_code":36}},
{"type":"Feature","geometry":{"type":"Point","coordinates":[7.8745000,36.7664000]},"properties":{"id":1247,"post_code":"36018","name":"Echatt","name_ar":"الشط","daira":"Ben M'hidi","daira_ar":"بن مهيدي","wilaya_code":36}},
{"type":"Feature","geometry":{"type":"Point","coordinates":[7.8937000,36.6651000]},"properties":{"id":1248,"post_code":"36019","name":"Zerizer","name_ar":"زريزر","daira":"Besbes","daira_ar":"البسباس","wilaya_code":36}},
{"type":"Feature","geometry":{"type":"Point","coordinates":[8.2343000,36.6056000]},"properties":{"id":1249,"post_code":"36020","name":"Zitouna","name_ar":"الزيتونة","daira":"El Tarf","daira_ar":"الطارف","wilaya_code":36}},
{"type":"Feature","geometry":{"type":"Point","coordinates":[8.2013000,36.5306000]},"properties":{"id":1250,"post_code":"36021","name":"Ain Kerma","name_ar":"عين الكرمة","daira":"Bouhadjar","daira_ar":"بوحجار","wilaya_code":36}},
{"type":"Feature","geometry":{"type":"Point","coordinates":[8.0585000,36.4025000]},"properties":{"id":1251,"post_code":"36022","name":"Oued Zitoun","name_ar":"وادى الزيتون","daira":"Bouhadjar","daira_ar":"بوحجار","wilaya_code":36}},
{"type":"Feature","geometry":{"type":"Point","coordinates":[8.0338000,36.4577000]},"properties":{"id":1252,"post_code":"36023","name":"Hammam Beni Salah","name_ar":"حمام بنى صالح","daira":"Bouhadjar","daira_ar":"بوحجار","wilaya_code":36}},
{"type":"Feature","geometry":{"type":"Point","coordinates":[8.5364000,36.7224000]},"properties":{"id":1253,"post_code":"36024","name":"Raml Souk","name_ar":"رمل سوق","daira":"El Kala","daira_ar":"القالة","wilaya_code":36}},
{"type":"Feature","geometry":{"type":"Point","coordinates":[-8.1491000,27.5972000]},"properties":{"id":1254,"post_code":"37001","name":"Tindouf","name_ar":"تندوف","daira":"Tindouf","daira_ar":"تندوف","wilaya_code":37}},
{"type":"Feature","geometry":{"type":"Point","coordinates":[-6.5341000,28.2983000]},"properties":{"id":1255,"post_code":"37002","name":"Oum El Assel","name_ar":"أم العسل","daira":"Tindouf","daira_ar":"تندوف","wilaya_code":37}},
{"type":"Feature","geometry":{"type":"Point","coordinates":[1.8127000,35.5445000]},"properties":{"id":1256,"post_code":"38001","name":"Tissemsilt","name_ar":"تـيـسـمـسـيـلـت","daira":"Tissemsilt","daira_ar":"تيسمسيلت","wilaya_code":38}},
{"type":"Feature","geometry":{"type":"Point","coordinates":[1.6177000,35.7855000]},"properties":{"id":1257,"post_code":"38002","name":"Bordj Bou Naama","name_ar":"برج بونعامة","daira":"Bordj Bounaama","daira_ar":"برج بونعامة","wilaya_code":38}},
{"type":"Feature","geometry":{"type":"Point","coordinates":[2.0297000,35.8078000]},"properties":{"id":1258,"post_code":"38003","name":"Theniet El Had","name_ar":"ثنية الاحد","daira":"Theniet El Had","daira_ar":"ثنية الاحد","wilaya_code":38}},
{"type":"Feature","geometry":{"type":"Point","coordinates":[1.5601000,35.8746000]},"properties":{"id":1259,"post_code":"38004","name":"Lazharia","name_ar":"الازھرية","daira":"Lazharia","daira_ar":"الأزهرية","wilaya_code":38}},
{"type":"Feature","geometry":{"type":"Point","coordinates":[1.7990000,35.7565000]},"properties":{"id":1260,"post_code":"38005","name":"Beni Chaib","name_ar":"بنى شعيب","daira":"Bordj Bounaama","daira_ar":"برج بونعامة","wilaya_code":38}},
{"type":"Feature","geometry":{"type":"Point","coordinates":[1.5491000,35.6852000]},"properties":{"id":1261,"post_code":"38006","name":"Lardjem","name_ar":"لارجم","daira":"Lardjem","daira_ar":"لرجام","wilaya_code":38}},
{"type":"Feature","geometry":{"type":"Point","coordinates":[1.3321000,35.6517000]},"properties":{"id":1262,"post_code":"38007","name":"Melaab","name_ar":"ملعب","daira":"Lardjem","daira_ar":"لرجام","wilaya_code":38}},
{"type":"Feature","geometry":{"type":"Point","coordinates":[1.4035000,35.6383000]},"properties":{"id":1263,"post_code":"38008","name":"Sidi Lantri","name_ar":"سيدي العنترى","daira":"Lardjem","daira_ar":"لرجام","wilaya_code":38}},
{"type":"Feature","geometry":{"type":"Point","coordinates":[2.2714000,35.8523000]},"properties":{"id":1264,"post_code":"38009","name":"Bordj El Emir Abdelkader","name_ar":"برج الامير عبد القادر","daira":"Bordj Emir Abdelkader","daira_ar":"برج الأمير عبد القادر","wilaya_code":38}},
{"type":"Feature","geometry":{"type":"Point","coordinates":[1.9995000,35.6316000]},"properties":{"id":1265,"post_code":"38010","name":"Layoune","name_ar":"العيون","daira":"Khemisti","daira_ar":"خميستي","wilaya_code":38}},
{"type":"Feature","geometry":{"type":"Point","coordinates":[1.9501000,35.6026000]},"properties":{"id":1266,"post_code":"38011","name":"Khemisti","name_ar":"خميستى","daira":"Khemisti","daira_ar":"خميستي","wilaya_code":38}},
{"type":"Feature","geometry":{"type":"Point","coordinates":[1.8649000,35.6227000]},"properties":{"id":1267,"post_code":"38012","name":"Ouled Bessem","name_ar":"أولاد بسام","daira":"Tissemsilt","daira_ar":"تيسمسيلت","wilaya_code":38}},
{"type":"Feature","geometry":{"type":"Point","coordinates":[1.6617000,35.5132000]},"properties":{"id":1268,"post_code":"38013","name":"Ammari","name_ar":"عمارى","daira":"Ammari","daira_ar":"عماري","wilaya_code":38}},
{"type":"Feature","geometry":{"type":"Point","coordinates":[2.1121000,35.8857000]},"properties":{"id":1269,"post_code":"38014","name":"Youssoufia","name_ar":"اليوسفية","daira":"Bordj Emir Abdelkader","daira_ar":"برج الأمير عبد القادر","wilaya_code":38}},
{"type":"Feature","geometry":{"type":"Point","coordinates":[1.9501000,35.7610000]},"properties":{"id":1270,"post_code":"38015","name":"Sidi Boutouchent","name_ar":"سيدي بوتوشنت","daira":"Theniet El Had","daira_ar":"ثنية الاحد","wilaya_code":38}},
{"type":"Feature","geometry":{"type":"Point","coordinates":[1.4749000,35.8501000]},"properties":{"id":1271,"post_code":"38016","name":"Larbaa","name_ar":"الاربعاء","daira":"Lazharia","daira_ar":"الأزهرية","wilaya_code":38}},
{"type":"Feature","geometry":{"type":"Point","coordinates":[1.5546000,35.5959000]},"properties":{"id":1272,"post_code":"38017","name":"Maasem","name_ar":"المعاصم","daira":"Ammari","daira_ar":"عماري","wilaya_code":38}},
{"type":"Feature","geometry":{"type":"Point","coordinates":[1.7056000,35.6807000]},"properties":{"id":1273,"post_code":"38018","name":"Sidi Abed","name_ar":"سيدي عابد","daira":"Ammari","daira_ar":"عماري","wilaya_code":38}},
{"type":"Feature","geometry":{"type":"Point","coordinates":[1.6232000,35.7499000]},"properties":{"id":1274,"post_code":"38019","name":"Tamalaht","name_ar":"تاملاحت","daira":"Lardjem","daira_ar":"لرجام","wilaya_code":38}},
{"type":"Feature","geometry":{"type":"Point","coordinates":[1.6809000,35.7967000]},"properties":{"id":1275,"post_code":"38020","name":"Sidi Slimane","name_ar":"سيدي سليمان","daira":"Bordj Bounaama","daira_ar":"برج بونعامة","wilaya_code":38}},
{"type":"Feature","geometry":{"type":"Point","coordinates":[1.6205000,35.8278000]},"properties":{"id":1276,"post_code":"38021","name":"Boucaid","name_ar":"بوقايد","daira":"Lazharia","daira_ar":"الأزهرية","wilaya_code":38}},
{"type":"Feature","geometry":{"type":"Point","coordinates":[1.6891000,35.7499000]},"properties":{"id":1277,"post_code":"38022","name":"Beni Lahcene","name_ar":"بنى لحسن","daira":"Bordj Bounaama","daira_ar":"برج بونعامة","wilaya_code":38}},
{"type":"Feature","geometry":{"type":"Point","coordinates":[6.8665000,33.3018000]},"properties":{"id":1278,"post_code":"39001","name":"El Oued","name_ar":"الوادي","daira":"El Oued","daira_ar":"الوادي","wilaya_code":39}},
{"type":"Feature","geometry":{"type":"Point","coordinates":[6.9104000,33.2146000]},"properties":{"id":1279,"post_code":"39002","name":"Robbah","name_ar":"رباح","daira":"Robbah","daira_ar":"الرباح","wilaya_code":39}},
{"type":"Feature","geometry":{"type":"Point","coordinates":[6.7566000,33.1640000]},"properties":{"id":1280,"post_code":"39003","name":"Oued El Alenda","name_ar":"وادى العلندة","daira":"Mih Ouensa","daira_ar":"اميه وانسة","wilaya_code":39}},
{"type":"Feature","geometry":{"type":"Point","coordinates":[6.9159000,33.2697000]},"properties":{"id":1281,"post_code":"39004","name":"Bayadha","name_ar":"البياضة","daira":"Bayadha","daira_ar":"البياضة","wilaya_code":39}},
{"type":"Feature","geometry":{"type":"Point","coordinates":[6.9516000,33.2123000]},"properties":{"id":1282,"post_code":"39005","name":"Nakhla","name_ar":"النخلة","daira":"Robbah","daira_ar":"الرباح","wilaya_code":39}},
{"type":"Feature","geometry":{"type":"Point","coordinates":[6.7978000,33.4280000]},"properties":{"id":1283,"post_code":"39006","name":"Guemar","name_ar":"ڨمار","daira":"Guemar","daira_ar":"قمار","wilaya_code":39}},
{"type":"Feature","geometry":{"type":"Point","coordinates":[6.8253000,33.3386000]},"properties":{"id":1284,"post_code":"39007","name":"Kouinine","name_ar":"كوينين","daira":"El Oued","daira_ar":"الوادي","wilaya_code":39}},
{"type":"Feature","geometry":{"type":"Point","coordinates":[6.7126000,33.4990000]},"properties":{"id":1285,"post_code":"39008","name":"Reguiba","name_ar":"الرڨيبة","daira":"Reguiba","daira_ar":"الرقيبة","wilaya_code":39}},
{"type":"Feature","geometry":{"type":"Point","coordinates":[6.2292000,34.0470000]},"properties":{"id":1286,"post_code":"39009","name":"Hamraia","name_ar":"الحمراية","daira":"Reguiba","daira_ar":"الرقيبة","wilaya_code":39}},
{"type":"Feature","geometry":{"type":"Point","coordinates":[6.7950000,33.4097000]},"properties":{"id":1287,"post_code":"39010","name":"Taghzout","name_ar":"تغزوت","daira":"Guemar","daira_ar":"قمار","wilaya_code":39}},
{"type":"Feature","geometry":{"type":"Point","coordinates":[6.9379000,33.4418000]},"properties":{"id":1288,"post_code":"39011","name":"Debila","name_ar":"الدبيلة","daira":"Debila","daira_ar":"الدبيلة","wilaya_code":39}},
{"type":"Feature","geometry":{"type":"Point","coordinates":[6.8939000,33.4120000]},"properties":{"id":1289,"post_code":"39012","name":"Hassani Abdelkrim","name_ar":"بلدية حساني عبد الكريم","daira":"Debila","daira_ar":"الدبيلة","wilaya_code":39}},
{"type":"Feature","geometry":{"type":"Point","coordinates":[7.0285000,33.5357000]},"properties":{"id":1290,"post_code":"39013","name":"Hassi Khelifa","name_ar":"حاسى خليفة","daira":"Hassi Khalifa","daira_ar":"حاسي خليفة","wilaya_code":39}},
{"type":"Feature","geometry":{"type":"Point","coordinates":[7.5174000,33.6615000]},"properties":{"id":1291,"post_code":"39014","name":"Taleb Larbi","name_ar":"طالب العربي","daira":"Taleb Larbi","daira_ar":"الطالب العربي","wilaya_code":39}},
{"type":"Feature","geometry":{"type":"Point","coordinates":[7.3746000,33.1962000]},"properties":{"id":1292,"post_code":"39015","name":"Douar El Ma","name_ar":"دوار الماء","daira":"Taleb Larbi","daira_ar":"الطالب العربي","wilaya_code":39}},
{"type":"Feature","geometry":{"type":"Point","coordinates":[6.9022000,33.4761000]},"properties":{"id":1293,"post_code":"39016","name":"Sidi Aoun","name_ar":"سيدي عون","daira":"Magrane","daira_ar":"المقرن","wilaya_code":39}},
{"type":"Feature","geometry":{"type":"Point","coordinates":[6.9351000,33.3569000]},"properties":{"id":1294,"post_code":"39017","name":"Trifaoui","name_ar":"تريفاوى","daira":"Hassi Khalifa","daira_ar":"حاسي خليفة","wilaya_code":39}},
{"type":"Feature","geometry":{"type":"Point","coordinates":[6.9489000,33.5174000]},"properties":{"id":1295,"post_code":"39018","name":"Magrane","name_ar":"المڨرن","daira":"Magrane","daira_ar":"المقرن","wilaya_code":39}},
{"type":"Feature","geometry":{"type":"Point","coordinates":[7.3361000,33.9331000]},"properties":{"id":1296,"post_code":"39019","name":"Beni Guecha","name_ar":"بن ڨشة","daira":"Taleb Larbi","daira_ar":"الطالب العربي","wilaya_code":39}},
{"type":"Feature","geometry":{"type":"Point","coordinates":[6.7813000,33.3477000]},"properties":{"id":1297,"post_code":"39020","name":"Ourmas","name_ar":"أورماس","daira":"Guemar","daira_ar":"قمار","wilaya_code":39}},
{"type":"Feature","geometry":{"type":"Point","coordinates":[5.9134000,34.1948000]},"properties":{"id":1298,"post_code":"57021","name":"Still","name_ar":"سطيل","daira":"El Meghaier","daira_ar":"المغير","wilaya_code":57}},
{"type":"Feature","geometry":{"type":"Point","coordinates":[5.2872000,33.5883000]},"properties":{"id":1299,"post_code":"39022","name":"Mrara","name_ar":"مرارة","daira":"Djamaa","daira_ar":"جامعة","wilaya_code":57}},
{"type":"Feature","geometry":{"type":"Point","coordinates":[5.9601000,33.7734000]},"properties":{"id":1300,"post_code":"39023","name":"Sidi Khellil","name_ar":"سيدي خليل","daira":"El Meghaier","daira_ar":"المغير","wilaya_code":57}},
{"type":"Feature","geometry":{"type":"Point","coordinates":[6.0342000,33.6112000]},"properties":{"id":1301,"post_code":"57024","name":"Tendla","name_ar":"تندلة","daira":"Djamaa","daira_ar":"جامعة","wilaya_code":57}},
{"type":"Feature","geometry":{"type":"Point","coordinates":[6.9461000,33.1801000]},"properties":{"id":1302,"post_code":"39025","name":"El Ogla","name_ar":"العقلة","daira":"Robbah","daira_ar":"الرباح","wilaya_code":39}},
{"type":"Feature","geometry":{"type":"Point","coordinates":[6.7044000,33.1318000]},"properties":{"id":1303,"post_code":"39026","name":"Mih Ouansa","name_ar":"مية ونسة","daira":"Mih Ouensa","daira_ar":"اميه وانسة","wilaya_code":39}},
{"type":"Feature","geometry":{"type":"Point","coordinates":[5.9244000,33.8852000]},"properties":{"id":1304,"post_code":"39027","name":"El Mghair","name_ar":"المغير","daira":"El Meghaier","daira_ar":"المغير","wilaya_code":57}},
{"type":"Feature","geometry":{"type":"Point","coordinates":[5.9903000,33.4670000]},"properties":{"id":1305,"post_code":"57028","name":"Djamaa","name_ar":"جامعة","daira":"Djamaa","daira_ar":"جامعة","wilaya_code":57}},
{"type":"Feature","geometry":{"type":"Point","coordinates":[5.8337000,34.0879000]},"properties":{"id":1306,"post_code":"57029","name":"Oum Touyour","name_ar":"أم الطيور","daira":"El Meghaier","daira_ar":"المغير","wilaya_code":57}},
{"type":"Feature","geometry":{"type":"Point","coordinates":[6.0123000,33.4303000]},"properties":{"id":1307,"post_code":"57030","name":"Sidi Amrane","name_ar":"سيدي عمران","daira":"Djamaa","daira_ar":"جامعة","wilaya_code":57}},
{"type":"Feature","geometry":{"type":"Point","coordinates":[7.1439000,35.3678000]},"properties":{"id":1308,"post_code":"40001","name":"Khenchela","name_ar":"خنشلة","daira":"Khenchela","daira_ar":"خنشلة","wilaya_code":40}},
{"type":"Feature","geometry":{"type":"Point","coordinates":[7.2455000,35.5356000]},"properties":{"id":1309,"post_code":"40002","name":"Mtoussa","name_ar":"متوسة","daira":"Ain Touila","daira_ar":"عين الطويلة","wilaya_code":40}},
{"type":"Feature","geometry":{"type":"Point","coordinates":[6.9241000,35.4305000]},"properties":{"id":1310,"post_code":"40003","name":"Kais","name_ar":"قايس","daira":"Kais","daira_ar":"قايس","wilaya_code":40}},
{"type":"Feature","geometry":{"type":"Point","coordinates":[7.1136000,35.4573000]},"properties":{"id":1311,"post_code":"40004","name":"Baghai","name_ar":"بغاي","daira":"El Hamma","daira_ar":"الحامة","wilaya_code":40}},
{"type":"Feature","geometry":{"type":"Point","coordinates":[7.0834000,35.3991000]},"properties":{"id":1312,"post_code":"40005","name":"El Hamma","name_ar":"الحامة","daira":"El Hamma","daira_ar":"الحامة","wilaya_code":40}},
{"type":"Feature","geometry":{"type":"Point","coordinates":[7.3526000,35.3723000]},"properties":{"id":1313,"post_code":"40006","name":"Ain Touila","name_ar":"عين الطويلة","daira":"Ain Touila","daira_ar":"عين الطويلة","wilaya_code":40}},
{"type":"Feature","geometry":{"type":"Point","coordinates":[6.7538000,35.4506000]},"properties":{"id":1314,"post_code":"40007","name":"Taouzianat","name_ar":"تاوزيانت","daira":"Kais","daira_ar":"قايس","wilaya_code":40}},
{"type":"Feature","geometry":{"type":"Point","coordinates":[6.7456000,35.2557000]},"properties":{"id":1315,"post_code":"40008","name":"Bouhmama","name_ar":"بوحمامة","daira":"Bouhmama","daira_ar":"بوحمامة","wilaya_code":40}},
{"type":"Feature","geometry":{"type":"Point","coordinates":[6.6797000,34.8510000]},"properties":{"id":1316,"post_code":"40009","name":"El Oueldja","name_ar":"الولجة","daira":"Chechar","daira_ar":"ششار","wilaya_code":40}},
{"type":"Feature","geometry":{"type":"Point","coordinates":[6.9351000,35.5065000]},"properties":{"id":1317,"post_code":"40010","name":"Remila","name_ar":"الرميلة","daira":"Kais","daira_ar":"قايس","wilaya_code":40}},
{"type":"Feature","geometry":{"type":"Point","coordinates":[7.0038000,34.9749000]},"properties":{"id":1318,"post_code":"40011","name":"Cherchar","name_ar":"ششار","daira":"Chechar","daira_ar":"ششار","wilaya_code":40}},
{"type":"Feature","geometry":{"type":"Point","coordinates":[6.8994000,34.8533000]},"properties":{"id":1319,"post_code":"40012","name":"Djellal","name_ar":"جلال","daira":"Chechar","daira_ar":"ششار","wilaya_code":40}},
{"type":"Feature","geometry":{"type":"Point","coordinates":[7.0999000,35.1053000]},"properties":{"id":1320,"post_code":"40013","name":"Babar","name_ar":"بابار","daira":"Babar","daira_ar":"بابار","wilaya_code":40}},
{"type":"Feature","geometry":{"type":"Point","coordinates":[6.8335000,35.2535000]},"properties":{"id":1321,"post_code":"40014","name":"Tamza","name_ar":"تامزة","daira":"El Hamma","daira_ar":"الحامة","wilaya_code":40}},
{"type":"Feature","geometry":{"type":"Point","coordinates":[7.1439000,35.3342000]},"properties":{"id":1322,"post_code":"40015","name":"Ensigha","name_ar":"انسيغة","daira":"El Hamma","daira_ar":"الحامة","wilaya_code":40}},
{"type":"Feature","geometry":{"type":"Point","coordinates":[7.3526000,35.2333000]},"properties":{"id":1323,"post_code":"40016","name":"Ouled Rechache","name_ar":"أولاد رشاش","daira":"Ouled Rechache","daira_ar":"أولاد رشاش","wilaya_code":40}},
{"type":"Feature","geometry":{"type":"Point","coordinates":[7.2125000,35.3095000]},"properties":{"id":1324,"post_code":"40017","name":"El Mahmal","name_ar":"المحمل","daira":"Ouled Rechache","daira_ar":"أولاد رشاش","wilaya_code":40}},
{"type":"Feature","geometry":{"type":"Point","coordinates":[6.5726000,35.1749000]},"properties":{"id":1325,"post_code":"40018","name":"Msara","name_ar":"أمصارة","daira":"Bouhmama","daira_ar":"بوحمامة","wilaya_code":40}},
{"type":"Feature","geometry":{"type":"Point","coordinates":[6.6412000,35.3454000]},"properties":{"id":1326,"post_code":"40019","name":"Yabous","name_ar":"يابوس","daira":"Bouhmama","daira_ar":"بوحمامة","wilaya_code":40}},
{"type":"Feature","geometry":{"type":"Point","coordinates":[6.7593000,34.9344000]},"properties":{"id":1327,"post_code":"40020","name":"Khirane","name_ar":"خيران","daira":"Chechar","daira_ar":"ششار","wilaya_code":40}},
{"type":"Feature","geometry":{"type":"Point","coordinates":[6.7786000,35.3006000]},"properties":{"id":1328,"post_code":"40021","name":"Chelia","name_ar":"شلية","daira":"Bouhmama","daira_ar":"بوحمامة","wilaya_code":40}},
{"type":"Feature","geometry":{"type":"Point","coordinates":[7.9541000,36.2232000]},"properties":{"id":1329,"post_code":"41001","name":"Souk Ahras","name_ar":"سوق أهراس","daira":"Souk Ahras","daira_ar":"سوق أهراس","wilaya_code":41}},
{"type":"Feature","geometry":{"type":"Point","coordinates":[7.5311000,36.0658000]},"properties":{"id":1330,"post_code":"41002","name":"Sedrata","name_ar":"سدراتة","daira":"Sedrata","daira_ar":"سدراتة","wilaya_code":41}},
{"type":"Feature","geometry":{"type":"Point","coordinates":[7.8333000,36.1545000]},"properties":{"id":1331,"post_code":"41003","name":"Hanancha","name_ar":"الحنانشة","daira":"Mechroha","daira_ar":"المشروحة","wilaya_code":41}},
{"type":"Feature","geometry":{"type":"Point","coordinates":[7.8360000,36.2941000]},"properties":{"id":1332,"post_code":"41004","name":"Mechroha","name_ar":"المشروحة","daira":"Mechroha","daira_ar":"المشروحة","wilaya_code":41}},
{"type":"Feature","geometry":{"type":"Point","coordinates":[8.0173000,36.2875000]},"properties":{"id":1333,"post_code":"41005","name":"Ouled Driss","name_ar":"أولاد ادريس","daira":"Ouled Driss","daira_ar":"أولاد إدريس","wilaya_code":41}},
{"type":"Feature","geometry":{"type":"Point","coordinates":[7.6987000,36.0924000]},"properties":{"id":1334,"post_code":"41006","name":"Tiffech","name_ar":"تيفاش","daira":"M'daourouche","daira_ar":"مداوروش","wilaya_code":41}},
{"type":"Feature","geometry":{"type":"Point","coordinates":[7.9568000,36.1634000]},"properties":{"id":1335,"post_code":"41007","name":"Zaarouria","name_ar":"الزعرورية","daira":"Taoura","daira_ar":"تاورة","wilaya_code":41}},
{"type":"Feature","geometry":{"type":"Point","coordinates":[8.0420000,36.1057000]},"properties":{"id":1336,"post_code":"41008","name":"Taoura","name_ar":"تاورة","daira":"Taoura","daira_ar":"تاورة","wilaya_code":41}},
{"type":"Feature","geometry":{"type":"Point","coordinates":[7.8827000,36.0524000]},"properties":{"id":1337,"post_code":"41009","name":"Drea","name_ar":"الدريعة","daira":"Taoura","daira_ar":"تاورة","wilaya_code":41}},
{"type":"Feature","geometry":{"type":"Point","coordinates":[8.3386000,36.1678000]},"properties":{"id":1338,"post_code":"41010","name":"Haddada","name_ar":"الحدادة","daira":"Haddada","daira_ar":"الحدادة","wilaya_code":41}},
{"type":"Feature","geometry":{"type":"Point","coordinates":[8.3167000,36.2210000]},"properties":{"id":1339,"post_code":"41011","name":"Khedara","name_ar":"لخضارة","daira":"Haddada","daira_ar":"الحدادة","wilaya_code":41}},
{"type":"Feature","geometry":{"type":"Point","coordinates":[8.1738000,36.1345000]},"properties":{"id":1340,"post_code":"41012","name":"Merahna","name_ar":"المراهنة","daira":"Merahna","daira_ar":"المراهنة","wilaya_code":41}},
{"type":"Feature","geometry":{"type":"Point","coordinates":[8.3990000,36.3472000]},"properties":{"id":1341,"post_code":"41013","name":"Ouled Moumen","name_ar":"أولاد مؤمن","daira":"Haddada","daira_ar":"الحدادة","wilaya_code":41}},
{"type":"Feature","geometry":{"type":"Point","coordinates":[7.4680000,35.9858000]},"properties":{"id":1342,"post_code":"41014","name":"Bir Bouhouche","name_ar":"بئر بوحوش","daira":"Bir Bouhouche","daira_ar":"بئر بوحوش","wilaya_code":41}},
{"type":"Feature","geometry":{"type":"Point","coordinates":[7.8195000,36.0124000]},"properties":{"id":1343,"post_code":"41015","name":"Mdaourouche","name_ar":"مداوروش","daira":"M'daourouche","daira_ar":"مداوروش","wilaya_code":41}},
{"type":"Feature","geometry":{"type":"Point","coordinates":[7.6025000,35.9702000]},"properties":{"id":1344,"post_code":"41016","name":"Oum El Adhaim","name_ar":"أم العظائم","daira":"Oum El Adhaim","daira_ar":"أم العظايم","wilaya_code":41}},
{"type":"Feature","geometry":{"type":"Point","coordinates":[8.1903000,36.3384000]},"properties":{"id":1345,"post_code":"41017","name":"Ain Zana","name_ar":"عين الزانة","daira":"Ouled Driss","daira_ar":"أولاد إدريس","wilaya_code":41}},
{"type":"Feature","geometry":{"type":"Point","coordinates":[7.3691000,36.1146000]},"properties":{"id":1346,"post_code":"41018","name":"Ain Soltane","name_ar":"عين السلطان","daira":"Sedrata","daira_ar":"سدراتة","wilaya_code":41}},
{"type":"Feature","geometry":{"type":"Point","coordinates":[8.1216000,36.2653000]},"properties":{"id":1347,"post_code":"41019","name":"Quillen","name_ar":"ويلان","daira":"Merahna","daira_ar":"المراهنة","wilaya_code":41}},
{"type":"Feature","geometry":{"type":"Point","coordinates":[8.1958000,36.0902000]},"properties":{"id":1348,"post_code":"41020","name":"Sidi Fredj","name_ar":"سيدي فرج","daira":"Merahna","daira_ar":"المراهنة","wilaya_code":41}},
{"type":"Feature","geometry":{"type":"Point","coordinates":[7.4625000,35.9213000]},"properties":{"id":1349,"post_code":"41021","name":"Safel El Ouiden","name_ar":"سافل الويدان","daira":"Bir Bouhouche","daira_ar":"بئر بوحوش","wilaya_code":41}},
{"type":"Feature","geometry":{"type":"Point","coordinates":[7.7179000,36.0191000]},"properties":{"id":1350,"post_code":"41022","name":"Ragouba","name_ar":"الرقوبة","daira":"M'daourouche","daira_ar":"مداوروش","wilaya_code":41}},
{"type":"Feature","geometry":{"type":"Point","coordinates":[7.6602000,36.1257000]},"properties":{"id":1351,"post_code":"41023","name":"Khemissa","name_ar":"خميسة","daira":"Sedrata","daira_ar":"سدراتة","wilaya_code":41}},
{"type":"Feature","geometry":{"type":"Point","coordinates":[7.9156000,35.8701000]},"properties":{"id":1352,"post_code":"41024","name":"Oued Keberit","name_ar":"وادى الكبريت","daira":"Oum El Adhaim","daira_ar":"أم العظايم","wilaya_code":41}},
{"type":"Feature","geometry":{"type":"Point","coordinates":[7.5613000,35.8390000]},"properties":{"id":1353,"post_code":"41025","name":"Terraguelt","name_ar":"ترقالت","daira":"Oum El Adhaim","daira_ar":"أم العظايم","wilaya_code":41}},
{"type":"Feature","geometry":{"type":"Point","coordinates":[7.4432000,36.0524000]},"properties":{"id":1354,"post_code":"41026","name":"Zouabi","name_ar":"الزوابى","daira":"Bir Bouhouche","daira_ar":"بئر بوحوش","wilaya_code":41}},
{"type":"Feature","geometry":{"type":"Point","coordinates":[2.4500000,36.5284000]},"properties":{"id":1355,"post_code":"42001","name":"Tipaza","name_ar":"تيبازة","daira":"Tipaza","daira_ar":"تيبازة","wilaya_code":42}},
{"type":"Feature","geometry":{"type":"Point","coordinates":[2.2412000,36.4312000]},"properties":{"id":1356,"post_code":"42002","name":"Menaceur","name_ar":"مناصر","daira":"Sidi Amar","daira_ar":"سيدي أعمر","wilaya_code":42}},
{"type":"Feature","geometry":{"type":"Point","coordinates":[1.8018000,36.4953000]},"properties":{"id":1357,"post_code":"42003","name":"Larhat","name_ar":"الأرهاط","daira":"Damous","daira_ar":"الداموس","wilaya_code":42}},
{"type":"Feature","geometry":{"type":"Point","coordinates":[2.7823000,36.6034000]},"properties":{"id":1358,"post_code":"42004","name":"Douaouda","name_ar":"دواودة","daira":"Fouka","daira_ar":"فوكة","wilaya_code":42}},
{"type":"Feature","geometry":{"type":"Point","coordinates":[2.4747000,36.4312000]},"properties":{"id":1359,"post_code":"42005","name":"Bourkika","name_ar":"بورقيقة","daira":"Ahmar El Ain","daira_ar":"أحمر العين","wilaya_code":42}},
{"type":"Feature","geometry":{"type":"Point","coordinates":[2.6807000,36.5637000]},"properties":{"id":1360,"post_code":"42006","name":"Khemisti","name_ar":"خميستي","daira":"Bou Ismail","daira_ar":"بواسماعيل","wilaya_code":42}},
{"type":"Feature","geometry":{"type":"Point","coordinates":[1.8402000,36.4290000]},"properties":{"id":1361,"post_code":"42010","name":"Aghbal","name_ar":"أغبال","daira":"Gouraya","daira_ar":"قوراية","wilaya_code":42}},
{"type":"Feature","geometry":{"type":"Point","coordinates":[2.4142000,36.4489000]},"properties":{"id":1362,"post_code":"42012","name":"Hadjout","name_ar":"حجوط","daira":"Hadjout","daira_ar":"حجوط","wilaya_code":42}},
{"type":"Feature","geometry":{"type":"Point","coordinates":[2.3071000,36.4798000]},"properties":{"id":1363,"post_code":"42013","name":"Sidi Amar","name_ar":"سيدي عمر","daira":"Sidi Amar","daira_ar":"سيدي أعمر","wilaya_code":42}},
{"type":"Feature","geometry":{"type":"Point","coordinates":[1.9061000,36.5041000]},"properties":{"id":1364,"post_code":"42014","name":"Gouraya","name_ar":"ڨوراية","daira":"Gouraya","daira_ar":"قوراية","wilaya_code":42}},
{"type":"Feature","geometry":{"type":"Point","coordinates":[2.3923000,36.5063000]},"properties":{"id":1365,"post_code":"42015","name":"Nodor","name_ar":"الناظور","daira":"Sidi Amar","daira_ar":"سيدي أعمر","wilaya_code":42}},
{"type":"Feature","geometry":{"type":"Point","coordinates":[2.7301000,36.5615000]},"properties":{"id":1366,"post_code":"42016","name":"Chaiba","name_ar":"الشعيبة","daira":"Kolea","daira_ar":"القليعة","wilaya_code":42}},
{"type":"Feature","geometry":{"type":"Point","coordinates":[2.6093000,36.5416000]},"properties":{"id":1367,"post_code":"42017","name":"Ain Tagourait","name_ar":"عين تڨورايت","daira":"Bou Ismail","daira_ar":"بواسماعيل","wilaya_code":42}},
{"type":"Feature","geometry":{"type":"Point","coordinates":[2.1973000,36.5461000]},"properties":{"id":1368,"post_code":"42022","name":"Cherchel","name_ar":"شرشال","daira":"Cherchell","daira_ar":"شرشال","wilaya_code":42}},
{"type":"Feature","geometry":{"type":"Point","coordinates":[1.7056000,36.4865000]},"properties":{"id":1369,"post_code":"42023","name":"Damous","name_ar":"الداموس","daira":"Damous","daira_ar":"الداموس","wilaya_code":42}},
{"type":"Feature","geometry":{"type":"Point","coordinates":[2.4280000,36.4135000]},"properties":{"id":1370,"post_code":"42024","name":"Meurad","name_ar":"مراد","daira":"Hadjout","daira_ar":"حجوط","wilaya_code":42}},
{"type":"Feature","geometry":{"type":"Point","coordinates":[2.7493000,36.6034000]},"properties":{"id":1371,"post_code":"42025","name":"Fouka","name_ar":"فوكة","daira":"Fouka","daira_ar":"فوكة","wilaya_code":42}},
{"type":"Feature","geometry":{"type":"Point","coordinates":[2.6889000,36.5791000]},"properties":{"id":1372,"post_code":"42026","name":"Bou Ismail","name_ar":"بو اسماعيل","daira":"Bou Ismail","daira_ar":"بواسماعيل","wilaya_code":42}},
{"type":"Feature","geometry":{"type":"Point","coordinates":[2.5626000,36.4158000]},"properties":{"id":1373,"post_code":"42027","name":"Ahmer El Ain","name_ar":"أحمر العين","daira":"Ahmar El Ain","daira_ar":"أحمر العين","wilaya_code":42}},
{"type":"Feature","geometry":{"type":"Point","coordinates":[2.6559000,36.5615000]},"properties":{"id":1374,"post_code":"42030","name":"Bou Haroun","name_ar":"بوهارون","daira":"Bou Ismail","daira_ar":"بواسماعيل","wilaya_code":42}},
{"type":"Feature","geometry":{"type":"Point","coordinates":[2.1231000,36.5196000]},"properties":{"id":1375,"post_code":"42032","name":"Sidi Ghiles","name_ar":"سيدي غيلاس","daira":"Cherchell","daira_ar":"شرشال","wilaya_code":42}},
{"type":"Feature","geometry":{"type":"Point","coordinates":[2.0023000,36.4997000]},"properties":{"id":1376,"post_code":"42033","name":"Messelmoun","name_ar":"مسلمون","daira":"Gouraya","daira_ar":"قوراية","wilaya_code":42}},
{"type":"Feature","geometry":{"type":"Point","coordinates":[2.5323000,36.4997000]},"properties":{"id":1377,"post_code":"42034","name":"Sidi Rached","name_ar":"سيدي راشد","daira":"Ahmar El Ain","daira_ar":"أحمر العين","wilaya_code":42}},
{"type":"Feature","geometry":{"type":"Point","coordinates":[2.7658000,36.5769000]},"properties":{"id":1378,"post_code":"42035","name":"Kolea","name_ar":"القليعة","daira":"Kolea","daira_ar":"القليعة","wilaya_code":42}},
{"type":"Feature","geometry":{"type":"Point","coordinates":[2.6752000,36.5107000]},"properties":{"id":1379,"post_code":"42036","name":"Attatba","name_ar":"الحطاطبة","daira":"Kolea","daira_ar":"القليعة","wilaya_code":42}},
{"type":"Feature","geometry":{"type":"Point","coordinates":[2.0984000,36.4401000]},"properties":{"id":1380,"post_code":"42040","name":"Sidi Semiane","name_ar":"سيدي سميان","daira":"Cherchell","daira_ar":"شرشال","wilaya_code":42}},
{"type":"Feature","geometry":{"type":"Point","coordinates":[1.7496000,36.3538000]},"properties":{"id":1381,"post_code":"42041","name":"Beni Milleuk","name_ar":"بني ميلك","daira":"Damous","daira_ar":"الداموس","wilaya_code":42}},
{"type":"Feature","geometry":{"type":"Point","coordinates":[2.0517000,36.5107000]},"properties":{"id":1382,"post_code":"42042","name":"Hadjerat Ennous","name_ar":"حجرة النص","daira":"Cherchell","daira_ar":"شرشال","wilaya_code":42}},
{"type":"Feature","geometry":{"type":"Point","coordinates":[6.2677000,36.3870000]},"properties":{"id":1383,"post_code":"43001","name":"Mila","name_ar":"ميلة","daira":"Mila","daira_ar":"ميلة","wilaya_code":43}},
{"type":"Feature","geometry":{"type":"Point","coordinates":[5.9464000,36.3450000]},"properties":{"id":1384,"post_code":"43002","name":"Ferdjioua","name_ar":"فرجيوة","daira":"Ferdjioua","daira_ar":"فرجيوة","wilaya_code":43}},
{"type":"Feature","geometry":{"type":"Point","coordinates":[6.1661000,36.1035000]},"properties":{"id":1385,"post_code":"43003","name":"Chelghoum Laid","name_ar":"شلغوم العيد","daira":"Chelghoum Laid","daira_ar":"شلغوم العيد","wilaya_code":43}},
{"type":"Feature","geometry":{"type":"Point","coordinates":[6.2869000,36.1856000]},"properties":{"id":1386,"post_code":"43004","name":"Oued Athmenia","name_ar":"وادي العثمانية","daira":"Chelghoum Laid","daira_ar":"شلغوم العيد","wilaya_code":43}},
{"type":"Feature","geometry":{"type":"Point","coordinates":[6.1771000,36.2121000]},"properties":{"id":1387,"post_code":"43005","name":"Ain Mellouk","name_ar":"عين ملوك","daira":"Chelghoum Laid","daira_ar":"شلغوم العيد","wilaya_code":43}},
{"type":"Feature","geometry":{"type":"Point","coordinates":[6.3638000,36.0524000]},"properties":{"id":1388,"post_code":"43006","name":"Telerghma","name_ar":"تلاغمة","daira":"Teleghma","daira_ar":"التلاغمة","wilaya_code":43}},
{"type":"Feature","geometry":{"type":"Point","coordinates":[6.4188000,36.1079000]},"properties":{"id":1389,"post_code":"43007","name":"Oued Seguen","name_ar":"وادى سقان","daira":"Teleghma","daira_ar":"التلاغمة","wilaya_code":43}},
{"type":"Feature","geometry":{"type":"Point","coordinates":[6.0013000,36.0524000]},"properties":{"id":1390,"post_code":"43008","name":"Tadjenanet","name_ar":"تاجنانت","daira":"Tadjenanet","daira_ar":"تاجنانت","wilaya_code":43}},
{"type":"Feature","geometry":{"type":"Point","coordinates":[6.0123000,36.1700000]},"properties":{"id":1391,"post_code":"43009","name":"Benyahia Abderrahmane","name_ar":"بن يحيى عبد الرحمان","daira":"Tadjenanet","daira_ar":"تاجنانت","wilaya_code":43}},
{"type":"Feature","geometry":{"type":"Point","coordinates":[6.1221000,36.3671000]},"properties":{"id":1392,"post_code":"43010","name":"Oued Endja","name_ar":"وادى النجاء","daira":"Oued Endja","daira_ar":"وادي النجاء","wilaya_code":43}},
{"type":"Feature","geometry":{"type":"Point","coordinates":[6.1249000,36.3273000]},"properties":{"id":1393,"post_code":"43011","name":"Ahmed Rachedi","name_ar":"أحمد راشدي","daira":"Oued Endja","daira_ar":"وادي النجاء","wilaya_code":43}},
{"type":"Feature","geometry":{"type":"Point","coordinates":[6.1386000,35.9947000]},"properties":{"id":1394,"post_code":"43012","name":"Ouled Khalouf","name_ar":"أولاد خلوف","daira":"Tadjenanet","daira_ar":"تاجنانت","wilaya_code":43}},
{"type":"Feature","geometry":{"type":"Point","coordinates":[6.0397000,36.3472000]},"properties":{"id":1395,"post_code":"43013","name":"Tiberguent","name_ar":"تيبرقنت","daira":"Rouached","daira_ar":"الرواشد","wilaya_code":43}},
{"type":"Feature","geometry":{"type":"Point","coordinates":[6.0150000,36.2410000]},"properties":{"id":1396,"post_code":"43014","name":"Bouhatem","name_ar":"بوحاتم","daira":"Bouhatem","daira_ar":"بوحاتم","wilaya_code":43}},
{"type":"Feature","geometry":{"type":"Point","coordinates":[6.2677000,36.2121000]},"properties":{"id":1397,"post_code":"43015","name":"Rouached","name_ar":"رواشد","daira":"Rouached","daira_ar":"الرواشد","wilaya_code":43}},
{"type":"Feature","geometry":{"type":"Point","coordinates":[5.5893000,36.2786000]},"properties":{"id":1398,"post_code":"43016","name":"Tessala Lamatai","name_ar":"تسالة لمطاي","daira":"Terrai Bainen","daira_ar":"ترعي باينان","wilaya_code":43}},
{"type":"Feature","geometry":{"type":"Point","coordinates":[6.3336000,36.4533000]},"properties":{"id":1399,"post_code":"43017","name":"Grarem Gouga","name_ar":"القرارم قوقة","daira":"Grarem Gouga","daira_ar":"القرارم قوقة","wilaya_code":43}},
{"type":"Feature","geometry":{"type":"Point","coordinates":[6.2622000,36.4577000]},"properties":{"id":1400,"post_code":"43018","name":"Sidi Merouane","name_ar":"سيدي مروان","daira":"Sidi Merouane","daira_ar":"سيدي مروان","wilaya_code":43}},
{"type":"Feature","geometry":{"type":"Point","coordinates":[5.9464000,36.3450000]},"properties":{"id":1401,"post_code":"43019","name":"Tassadane Haddada","name_ar":"تسدان حدادة","daira":"Tassadane Haddada","daira_ar":"تسدان حدادة","wilaya_code":43}},
{"type":"Feature","geometry":{"type":"Point","coordinates":[5.9573000,36.2764000]},"properties":{"id":1402,"post_code":"43020","name":"Derradji Bousselah","name_ar":"دراحي بوصلاح","daira":"Bouhatem","daira_ar":"بوحاتم","wilaya_code":43}},
{"type":"Feature","geometry":{"type":"Point","coordinates":[5.5399000,36.2542000]},"properties":{"id":1403,"post_code":"43021","name":"Minar Zarza","name_ar":"مينار زرزة","daira":"Tassadane Haddada","daira_ar":"تسدان حدادة","wilaya_code":43}},
{"type":"Feature","geometry":{"type":"Point","coordinates":[6.3968000,36.2587000]},"properties":{"id":1404,"post_code":"43022","name":"Amira Arras","name_ar":"عميرة أراس","daira":"Terrai Bainen","daira_ar":"ترعي باينان","wilaya_code":43}},
{"type":"Feature","geometry":{"type":"Point","coordinates":[6.1221000,36.4688000]},"properties":{"id":1405,"post_code":"43023","name":"Terrai Bainen","name_ar":"ترعى بينان","daira":"Terrai Bainen","daira_ar":"ترعي باينان","wilaya_code":43}},
{"type":"Feature","geometry":{"type":"Point","coordinates":[6.3391000,36.5085000]},"properties":{"id":1406,"post_code":"43024","name":"Hamala","name_ar":"حمالة","daira":"Grarem Gouga","daira_ar":"القرارم قوقة","wilaya_code":43}},
{"type":"Feature","geometry":{"type":"Point","coordinates":[6.3254000,36.3339000]},"properties":{"id":1407,"post_code":"43025","name":"Ain Tine","name_ar":"عين التين","daira":"Mila","daira_ar":"ميلة","wilaya_code":43}},
{"type":"Feature","geometry":{"type":"Point","coordinates":[6.2320000,35.9480000]},"properties":{"id":1408,"post_code":"43026","name":"El Mechira","name_ar":"المشيرة","daira":"Teleghma","daira_ar":"التلاغمة","wilaya_code":43}},
{"type":"Feature","geometry":{"type":"Point","coordinates":[6.3007000,36.2875000]},"properties":{"id":1409,"post_code":"43027","name":"Sidi Khelifa","name_ar":"سيدي خليفة","daira":"Mila","daira_ar":"ميلة","wilaya_code":43}},
{"type":"Feature","geometry":{"type":"Point","coordinates":[6.1716000,36.4047000]},"properties":{"id":1410,"post_code":"43028","name":"Zeghaia","name_ar":"زغاية","daira":"Oued Endja","daira_ar":"وادي النجاء","wilaya_code":43}},
{"type":"Feature","geometry":{"type":"Point","coordinates":[5.8804000,36.3782000]},"properties":{"id":1411,"post_code":"43029","name":"Elayadi Barbes","name_ar":"العياضى برباس","daira":"Ain Beida Harriche","daira_ar":"عين البيضاء أحريش","wilaya_code":43}},
{"type":"Feature","geometry":{"type":"Point","coordinates":[5.8997000,36.3361000]},"properties":{"id":1412,"post_code":"43030","name":"Ain Beida Harriche","name_ar":"عين البيضاء حريش","daira":"Ain Beida Harriche","daira_ar":"عين البيضاء أحريش","wilaya_code":43}},
{"type":"Feature","geometry":{"type":"Point","coordinates":[5.5920000,36.1722000]},"properties":{"id":1413,"post_code":"43031","name":"Yahia Beniguecha","name_ar":"يحيى بنى قشة","daira":"Ferdjioua","daira_ar":"فرجيوة","wilaya_code":43}},
{"type":"Feature","geometry":{"type":"Point","coordinates":[6.2210000,36.4975000]},"properties":{"id":1414,"post_code":"43032","name":"Chigara","name_ar":"الشيقارة","daira":"Sidi Merouane","daira_ar":"سيدي مروان","wilaya_code":43}},
{"type":"Feature","geometry":{"type":"Point","coordinates":[1.9693000,36.2000000]},"properties":{"id":1415,"post_code":"44001","name":"Ain Defla","name_ar":"عين دفلة - عين الدفلى","daira":"Ain Defla","daira_ar":"عين الدفلى","wilaya_code":44}},
{"type":"Feature","geometry":{"type":"Point","coordinates":[2.2110000,36.2266000]},"properties":{"id":1416,"post_code":"44002","name":"Miliana","name_ar":"مليانة","daira":"Miliana","daira_ar":"مليانة","wilaya_code":44}},
{"type":"Feature","geometry":{"type":"Point","coordinates":[2.4774000,36.3063000]},"properties":{"id":1417,"post_code":"44003","name":"Boumedfaa","name_ar":"بومدفع","daira":"Boumedfaa","daira_ar":"بومدفع","wilaya_code":44}},
{"type":"Feature","geometry":{"type":"Point","coordinates":[2.2000000,36.1955000]},"properties":{"id":1418,"post_code":"44004","name":"Khemis Miliana","name_ar":"خميس مليانة","daira":"Khemis","daira_ar":"خميس","wilaya_code":44}},
{"type":"Feature","geometry":{"type":"Point","coordinates":[2.4005000,36.3196000]},"properties":{"id":1419,"post_code":"44005","name":"Hammam Righa","name_ar":"حمام ريغة","daira":"Hammam Righa","daira_ar":"حمام ريغة","wilaya_code":44}},
{"type":"Feature","geometry":{"type":"Point","coordinates":[2.0654000,36.2199000]},"properties":{"id":1420,"post_code":"44006","name":"Arib","name_ar":"عريب","daira":"El Amra","daira_ar":"العامرة","wilaya_code":44}},
{"type":"Feature","geometry":{"type":"Point","coordinates":[2.0847000,36.1357000]},"properties":{"id":1421,"post_code":"44007","name":"Djelida","name_ar":"جليدة","daira":"Djelida","daira_ar":"جليدة","wilaya_code":44}},
{"type":"Feature","geometry":{"type":"Point","coordinates":[1.8457000,36.2398000]},"properties":{"id":1422,"post_code":"44008","name":"El Amra","name_ar":"العامرة","daira":"El Amra","daira_ar":"العامرة","wilaya_code":44}},
{"type":"Feature","geometry":{"type":"Point","coordinates":[1.9281000,36.1046000]},"properties":{"id":1423,"post_code":"44009","name":"Bourached","name_ar":"بوراشد","daira":"Djelida","daira_ar":"جليدة","wilaya_code":44}},
{"type":"Feature","geometry":{"type":"Point","coordinates":[1.6699000,36.1578000]},"properties":{"id":1424,"post_code":"44010","name":"El Attaf","name_ar":"العطاف","daira":"El Attaf","daira_ar":"العطاف","wilaya_code":44}},
{"type":"Feature","geometry":{"type":"Point","coordinates":[1.6837000,36.2044000]},"properties":{"id":1425,"post_code":"44011","name":"El Abadia","name_ar":"العبادية","daira":"El Abadia","daira_ar":"العبادية","wilaya_code":44}},
{"type":"Feature","geometry":{"type":"Point","coordinates":[2.4088000,36.1534000]},"properties":{"id":1426,"post_code":"44012","name":"Djendel","name_ar":"جندل","daira":"Djendel","daira_ar":"جندل","wilaya_code":44}},
{"type":"Feature","geometry":{"type":"Point","coordinates":[2.5159000,36.1357000]},"properties":{"id":1427,"post_code":"44013","name":"Oued Chorfa","name_ar":"وادى الشرفاء","daira":"Djendel","daira_ar":"جندل","wilaya_code":44}},
{"type":"Feature","geometry":{"type":"Point","coordinates":[2.4033000,36.0935000]},"properties":{"id":1428,"post_code":"44014","name":"Ain Lechiakh","name_ar":"عين االشياخ","daira":"Ain Lechiakh","daira_ar":"عين الاشياخ","wilaya_code":44}},
{"type":"Feature","geometry":{"type":"Point","coordinates":[0.6839000,35.7354000]},"properties":{"id":1429,"post_code":"44015","name":"Oued Djemaa","name_ar":"وادى جمعة","daira":"Ain Lechiakh","daira_ar":"عين الاشياخ","wilaya_code":44}},
{"type":"Feature","geometry":{"type":"Point","coordinates":[1.8155000,36.1867000]},"properties":{"id":1430,"post_code":"44016","name":"Rouina","name_ar":"روينة","daira":"Rouina","daira_ar":"الروينة","wilaya_code":44}},
{"type":"Feature","geometry":{"type":"Point","coordinates":[1.8512000,36.1024000]},"properties":{"id":1431,"post_code":"44017","name":"Zeddine","name_ar":"زدين","daira":"Rouina","daira_ar":"الروينة","wilaya_code":44}},
{"type":"Feature","geometry":{"type":"Point","coordinates":[1.9171000,35.8824000]},"properties":{"id":1432,"post_code":"44018","name":"El Hassania","name_ar":"الحسنية","daira":"Bathia","daira_ar":"بطحية","wilaya_code":44}},
{"type":"Feature","geometry":{"type":"Point","coordinates":[2.2330000,36.1179000]},"properties":{"id":1433,"post_code":"44019","name":"Bir Ouled Khelifa","name_ar":"بئر ولد خليفة","daira":"Bordj El Emir Khaled","daira_ar":"برج الأمير خالد","wilaya_code":44}},
{"type":"Feature","geometry":{"type":"Point","coordinates":[2.2961000,36.1822000]},"properties":{"id":1434,"post_code":"44020","name":"Ain Soltane","name_ar":"عين السلطان","daira":"Ain Lechiakh","daira_ar":"عين الاشياخ","wilaya_code":44}},
{"type":"Feature","geometry":{"type":"Point","coordinates":[2.1506000,35.9358000]},"properties":{"id":1435,"post_code":"44021","name":"Tarik Ibn Ziad","name_ar":"طارق بن زياد","daira":"Bordj El Emir Khaled","daira_ar":"برج الأمير خالد","wilaya_code":44}},
{"type":"Feature","geometry":{"type":"Point","coordinates":[2.2055000,36.0580000]},"properties":{"id":1436,"post_code":"44022","name":"Bordj Emir Khaled","name_ar":"برج الأمير خالد","daira":"Bordj El Emir Khaled","daira_ar":"برج الأمير خالد","wilaya_code":44}},
{"type":"Feature","geometry":{"type":"Point","coordinates":[2.3016000,36.2686000]},"properties":{"id":1437,"post_code":"44023","name":"Ain Torki","name_ar":"عين التركى","daira":"Hammam Righa","daira_ar":"حمام ريغة","wilaya_code":44}},
{"type":"Feature","geometry":{"type":"Point","coordinates":[2.1616000,36.2022000]},"properties":{"id":1438,"post_code":"44024","name":"Sidi Lakhdar","name_ar":"سيدي لخضر","daira":"Khemis","daira_ar":"خميس","wilaya_code":44}},
{"type":"Feature","geometry":{"type":"Point","coordinates":[2.1588000,36.2465000]},"properties":{"id":1439,"post_code":"44025","name":"Ben Allal","name_ar":"بن علال","daira":"Miliana","daira_ar":"مليانة","wilaya_code":44}},
{"type":"Feature","geometry":{"type":"Point","coordinates":[2.4720000,36.2910000]},"properties":{"id":1440,"post_code":"44026","name":"Ain Benian","name_ar":"عين البنيان","daira":"Hammam Righa","daira_ar":"حمام ريغة","wilaya_code":44}},
{"type":"Feature","geometry":{"type":"Point","coordinates":[2.4005000,36.2531000]},"properties":{"id":1441,"post_code":"44027","name":"Hoceinia","name_ar":"حسينية","daira":"Boumedfaa","daira_ar":"بومدفع","wilaya_code":44}},
{"type":"Feature","geometry":{"type":"Point","coordinates":[2.4829000,36.0358000]},"properties":{"id":1442,"post_code":"44028","name":"Barbouche","name_ar":"بربوش","daira":"Djendel","daira_ar":"جندل","wilaya_code":44}},
{"type":"Feature","geometry":{"type":"Point","coordinates":[2.0050000,36.0136000]},"properties":{"id":1443,"post_code":"44029","name":"Djemaa Ouled Chikh","name_ar":"جمعة أولاد الشيخ","daira":"Djelida","daira_ar":"جليدة","wilaya_code":44}},
{"type":"Feature","geometry":{"type":"Point","coordinates":[1.9611000,36.2376000]},"properties":{"id":1444,"post_code":"44030","name":"Mekhatria","name_ar":"المخاطرية","daira":"El Amra","daira_ar":"العامرة","wilaya_code":44}},
{"type":"Feature","geometry":{"type":"Point","coordinates":[1.8402000,35.8512000]},"properties":{"id":1445,"post_code":"44031","name":"Bathia","name_ar":"بطحية","daira":"Bathia","daira_ar":"بطحية","wilaya_code":44}},
{"type":"Feature","geometry":{"type":"Point","coordinates":[1.6507000,36.2863000]},"properties":{"id":1446,"post_code":"44032","name":"Tachta Zegagha","name_ar":"تاشتة زقاغة","daira":"El Abadia","daira_ar":"العبادية","wilaya_code":44}},
{"type":"Feature","geometry":{"type":"Point","coordinates":[1.7661000,36.2199000]},"properties":{"id":1447,"post_code":"44033","name":"Ain Bouyahia","name_ar":"عين بويحى","daira":"El Abadia","daira_ar":"العبادية","wilaya_code":44}},
{"type":"Feature","geometry":{"type":"Point","coordinates":[1.7578000,35.9869000]},"properties":{"id":1448,"post_code":"44034","name":"El Maine","name_ar":"الماين","daira":"Rouina","daira_ar":"الروينة","wilaya_code":44}},
{"type":"Feature","geometry":{"type":"Point","coordinates":[1.6342000,36.1024000]},"properties":{"id":1449,"post_code":"44035","name":"Tiberkanine","name_ar":"تبركانين","daira":"El Attaf","daira_ar":"العطاف","wilaya_code":44}},
{"type":"Feature","geometry":{"type":"Point","coordinates":[1.8512000,35.9180000]},"properties":{"id":1450,"post_code":"44036","name":"Belaas","name_ar":"بالعاص","daira":"Bathia","daira_ar":"بطحية","wilaya_code":44}},
{"type":"Feature","geometry":{"type":"Point","coordinates":[-0.3131000,33.1950000]},"properties":{"id":1451,"post_code":"45001","name":"Naama","name_ar":"النــعـامـة","daira":"Naama","daira_ar":"النعامة","wilaya_code":45}},
{"type":"Feature","geometry":{"type":"Point","coordinates":[-0.2829000,33.4841000]},"properties":{"id":1452,"post_code":"45002","name":"Mechria","name_ar":"مشرية","daira":"Mecheria","daira_ar":"المشرية","wilaya_code":45}},
{"type":"Feature","geometry":{"type":"Point","coordinates":[-0.5850000,32.6879000]},"properties":{"id":1453,"post_code":"45003","name":"Ain Sefra","name_ar":"عين الصفراء","daira":"Ain Sefra","daira_ar":"عين الصفراء","wilaya_code":45}},
{"type":"Feature","geometry":{"type":"Point","coordinates":[-0.4202000,32.7041000]},"properties":{"id":1454,"post_code":"45004","name":"Tiout","name_ar":"تيوت","daira":"Ain Sefra","daira_ar":"عين الصفراء","wilaya_code":45}},
{"type":"Feature","geometry":{"type":"Point","coordinates":[-0.8679000,32.6648000]},"properties":{"id":1455,"post_code":"45005","name":"Sfissifa","name_ar":"صفيصيفة","daira":"Sfissifa","daira_ar":"سفيسيفة","wilaya_code":45}},
{"type":"Feature","geometry":{"type":"Point","coordinates":[-0.5795000,32.4495000]},"properties":{"id":1456,"post_code":"45006","name":"Moghrar","name_ar":"مغرار","daira":"Moghrar","daira_ar":"مغرار","wilaya_code":45}},
{"type":"Feature","geometry":{"type":"Point","coordinates":[-0.0769000,32.9372000]},"properties":{"id":1457,"post_code":"45007","name":"Assela","name_ar":"عسلة","daira":"Asla","daira_ar":"عسلة","wilaya_code":45}},
{"type":"Feature","geometry":{"type":"Point","coordinates":[-0.8047000,32.3057000]},"properties":{"id":1458,"post_code":"45008","name":"Djeniane Bourzeg","name_ar":"جنين بورزق","daira":"Moghrar","daira_ar":"مغرار","wilaya_code":45}},
{"type":"Feature","geometry":{"type":"Point","coordinates":[-0.7635000,33.2226000]},"properties":{"id":1459,"post_code":"45009","name":"Ain Ben Khelil","name_ar":"عين بن خليل","daira":"Mecheria","daira_ar":"المشرية","wilaya_code":45}},
{"type":"Feature","geometry":{"type":"Point","coordinates":[-0.7278000,33.6512000]},"properties":{"id":1460,"post_code":"45010","name":"Makman Ben Amer","name_ar":"مكمن بن عمر","daira":"Mekmen Ben Amar","daira_ar":"مكمن بن عمار","wilaya_code":45}},
{"type":"Feature","geometry":{"type":"Point","coordinates":[-1.3596000,33.6443000]},"properties":{"id":1461,"post_code":"45011","name":"Kasdir","name_ar":"قصدير","daira":"Mekmen Ben Amar","daira_ar":"مكمن بن عمار","wilaya_code":45}},
{"type":"Feature","geometry":{"type":"Point","coordinates":[-0.1346000,33.6969000]},"properties":{"id":1462,"post_code":"45012","name":"El Biod","name_ar":"البيوض","daira":"Mecheria","daira_ar":"المشرية","wilaya_code":45}},
{"type":"Feature","geometry":{"type":"Point","coordinates":[-1.1398000,35.2254000]},"properties":{"id":1463,"post_code":"46001","name":"Ain Temouchent","name_ar":"عـيـن تـمـوشـنـت","daira":"Ain Temouchent","daira_ar":"عين تموشنت","wilaya_code":46}},
{"type":"Feature","geometry":{"type":"Point","coordinates":[-1.1014000,35.2703000]},"properties":{"id":1464,"post_code":"46002","name":"Chaabet El Ham","name_ar":"شعبة اللحم","daira":"El Maleh","daira_ar":"المالح","wilaya_code":46}},
{"type":"Feature","geometry":{"type":"Point","coordinates":[-1.1948000,35.1401000]},"properties":{"id":1465,"post_code":"46003","name":"Ain Kihal","name_ar":"عين الكيحل","daira":"Ain Kihel","daira_ar":"عين الكيحل","wilaya_code":46}},
{"type":"Feature","geometry":{"type":"Point","coordinates":[-0.9695000,35.3151000]},"properties":{"id":1466,"post_code":"46004","name":"Hammam Bouhadjar","name_ar":"حمام بو حجر","daira":"Hammam Bou Hadjar","daira_ar":"حمام بوحجر","wilaya_code":46}},
{"type":"Feature","geometry":{"type":"Point","coordinates":[-1.1673000,35.5099000]},"properties":{"id":1467,"post_code":"46005","name":"Bou Zedjar","name_ar":"بوزجار","daira":"El Amria","daira_ar":"العامرية","wilaya_code":46}},
{"type":"Feature","geometry":{"type":"Point","coordinates":[-0.9833000,35.1581000]},"properties":{"id":1468,"post_code":"46006","name":"Oued Berkeche","name_ar":"وادى برقش","daira":"Hammam Bou Hadjar","daira_ar":"حمام بوحجر","wilaya_code":46}},
{"type":"Feature","geometry":{"type":"Point","coordinates":[-1.0684000,35.1356000]},"properties":{"id":1469,"post_code":"46007","name":"Aghlal","name_ar":"أغلال","daira":"Ain Kihel","daira_ar":"عين الكيحل","wilaya_code":46}},
{"type":"Feature","geometry":{"type":"Point","coordinates":[-1.1783000,35.3532000]},"properties":{"id":1470,"post_code":"46008","name":"Terga","name_ar":"تارقة","daira":"El Maleh","daira_ar":"المالح","wilaya_code":46}},
{"type":"Feature","geometry":{"type":"Point","coordinates":[-0.8817000,35.3420000]},"properties":{"id":1471,"post_code":"46009","name":"Ain El Arbaa","name_ar":"عين الاربعاء","daira":"Ain Larbaa","daira_ar":"عين الأربعاء","wilaya_code":46}},
{"type":"Feature","geometry":{"type":"Point","coordinates":[-0.6564000,35.3443000]},"properties":{"id":1472,"post_code":"46010","name":"Tamzoura","name_ar":"تامزوغة","daira":"Ain Larbaa","daira_ar":"عين الأربعاء","wilaya_code":46}},
{"type":"Feature","geometry":{"type":"Point","coordinates":[-1.0300000,35.2389000]},"properties":{"id":1473,"post_code":"46011","name":"Chentouf","name_ar":"شنتوف","daira":"Hammam Bou Hadjar","daira_ar":"حمام بوحجر","wilaya_code":46}},
{"type":"Feature","geometry":{"type":"Point","coordinates":[-1.1810000,35.2411000]},"properties":{"id":1474,"post_code":"46012","name":"Sidi Ben Adda","name_ar":"سيدي بن عدة","daira":"Ain Temouchent","daira_ar":"عين تموشنت","wilaya_code":46}},
{"type":"Feature","geometry":{"type":"Point","coordinates":[-0.9915000,35.0705000]},"properties":{"id":1475,"post_code":"46013","name":"Aoubellil","name_ar":"عقب الليل","daira":"Ain Kihel","daira_ar":"عين الكيحل","wilaya_code":46}},
{"type":"Feature","geometry":{"type":"Point","coordinates":[-1.0931000,35.3286000]},"properties":{"id":1476,"post_code":"46014","name":"El Malah","name_ar":"المالح","daira":"El Maleh","daira_ar":"المالح","wilaya_code":46}},
{"type":"Feature","geometry":{"type":"Point","coordinates":[-0.8926000,35.2882000]},"properties":{"id":1477,"post_code":"46015","name":"Sidi Boumediene","name_ar":"سيدي بومدين","daira":"Ain Larbaa","daira_ar":"عين الأربعاء","wilaya_code":46}},
{"type":"Feature","geometry":{"type":"Point","coordinates":[-0.8102000,35.3084000]},"properties":{"id":1478,"post_code":"46016","name":"Oued Sabah","name_ar":"وادى الصباح","daira":"Ain Larbaa","daira_ar":"عين الأربعاء","wilaya_code":46}},
{"type":"Feature","geometry":{"type":"Point","coordinates":[-1.1920000,35.4092000]},"properties":{"id":1479,"post_code":"46017","name":"Ouled Boudjemaa","name_ar":"أولاد بوجمعة","daira":"El Amria","daira_ar":"العامرية","wilaya_code":46}},
{"type":"Feature","geometry":{"type":"Point","coordinates":[-1.2497000,35.1828000]},"properties":{"id":1480,"post_code":"46018","name":"Ain Tolba","name_ar":"عين الطلبة","daira":"Ain Kihel","daira_ar":"عين الكيحل","wilaya_code":46}},
{"type":"Feature","geometry":{"type":"Point","coordinates":[-1.0162000,35.4607000]},"properties":{"id":1481,"post_code":"46019","name":"El Amria","name_ar":"العامرية","daira":"El Amria","daira_ar":"العامرية","wilaya_code":46}},
{"type":"Feature","geometry":{"type":"Point","coordinates":[-1.0519000,35.3890000]},"properties":{"id":1482,"post_code":"46020","name":"Hassi El Ghella","name_ar":"حاسى الغلة","daira":"El Amria","daira_ar":"العامرية","wilaya_code":46}},
{"type":"Feature","geometry":{"type":"Point","coordinates":[-0.9860000,35.2075000]},"properties":{"id":1483,"post_code":"46021","name":"Hassasna","name_ar":"الحساسنة","daira":"Hammam Bou Hadjar","daira_ar":"حمام بوحجر","wilaya_code":46}},
{"type":"Feature","geometry":{"type":"Point","coordinates":[-1.2360000,35.3039000]},"properties":{"id":1484,"post_code":"46022","name":"Ouled Kihal","name_ar":"أولاد الكيحل","daira":"El Maleh","daira_ar":"المالح","wilaya_code":46}},
{"type":"Feature","geometry":{"type":"Point","coordinates":[-1.3843000,35.2366000]},"properties":{"id":1485,"post_code":"46023","name":"Beni Saf","name_ar":"بني صاف","daira":"Beni Saf","daira_ar":"بني صاف","wilaya_code":46}},
{"type":"Feature","geometry":{"type":"Point","coordinates":[-1.3129000,35.2165000]},"properties":{"id":1486,"post_code":"46024","name":"Sidi Safi","name_ar":"سيدي الصافي","daira":"Beni Saf","daira_ar":"بني صاف","wilaya_code":46}},
{"type":"Feature","geometry":{"type":"Point","coordinates":[-1.5051000,35.1671000]},"properties":{"id":1487,"post_code":"46025","name":"Oulhaca El Gheraba","name_ar":"ولهاصة الغرابة","daira":"Oulhassa Gheraba","daira_ar":"ولهاصة الغرابة","wilaya_code":46}},
{"type":"Feature","geometry":{"type":"Point","coordinates":[-1.5051000,35.1244000]},"properties":{"id":1488,"post_code":"46026","name":"Sidi Ouriache","name_ar":"سيدي وريلش","daira":"Oulhassa Gheraba","daira_ar":"ولهاصة الغرابة","wilaya_code":46}},
{"type":"Feature","geometry":{"type":"Point","coordinates":[-1.4035000,35.1603000]},"properties":{"id":1489,"post_code":"46027","name":"El Emir Abdelkader","name_ar":"الأمير عبد القادر","daira":"Beni Saf","daira_ar":"بني صاف","wilaya_code":46}},
{"type":"Feature","geometry":{"type":"Point","coordinates":[-1.1234000,35.4763000]},"properties":{"id":1490,"post_code":"46028","name":"El Messaid","name_ar":"المساعيد","daira":"El Amria","daira_ar":"العامرية","wilaya_code":46}},
{"type":"Feature","geometry":{"type":"Point","coordinates":[3.6832000,32.4171000]},"properties":{"id":1491,"post_code":"47001","name":"Ghardaia","name_ar":"غرداية","daira":"Ghardaia","daira_ar":"غرداية","wilaya_code":47}},
{"type":"Feature","geometry":{"type":"Point","coordinates":[2.8812000,30.5197000]},"properties":{"id":1492,"post_code":"47002","name":"El Meniaa","name_ar":"المنيعة","daira":"El Menia","daira_ar":"المنيعة","wilaya_code":58}},
{"type":"Feature","geometry":{"type":"Point","coordinates":[3.6063000,32.4704000]},"properties":{"id":1493,"post_code":"47003","name":"Dhayet Bendhahoua","name_ar":"ضاية بن ضحوة","daira":"Dhayet Ben Dhahoua","daira_ar":"ضاية بن ضحوة","wilaya_code":47}},
{"type":"Feature","geometry":{"type":"Point","coordinates":[3.7628000,32.7919000]},"properties":{"id":1494,"post_code":"47004","name":"Berriane","name_ar":"بريان","daira":"Berriane","daira_ar":"بريان","wilaya_code":47}},
{"type":"Feature","geometry":{"type":"Point","coordinates":[3.6282000,32.2058000]},"properties":{"id":1495,"post_code":"47005","name":"Metlili","name_ar":"متليلي الشعانبة","daira":"Metlili","daira_ar":"متليلي","wilaya_code":47}},
{"type":"Feature","geometry":{"type":"Point","coordinates":[4.4934000,32.7226000]},"properties":{"id":1496,"post_code":"47006","name":"El Guerrara","name_ar":"الڨرارة","daira":"El Guerrara","daira_ar":"القرارة","wilaya_code":47}},
{"type":"Feature","geometry":{"type":"Point","coordinates":[3.7491000,32.4101000]},"properties":{"id":1497,"post_code":"47007","name":"El Atteuf","name_ar":"العطف","daira":"Bounoura","daira_ar":"بونورة","wilaya_code":47}},
{"type":"Feature","geometry":{"type":"Point","coordinates":[3.3120000,32.6120000]},"properties":{"id":1498,"post_code":"47008","name":"Zelfana","name_ar":"زلفانة","daira":"Zelfana","daira_ar":"زلفانة","wilaya_code":47}},
{"type":"Feature","geometry":{"type":"Point","coordinates":[3.5898000,32.0965000]},"properties":{"id":1499,"post_code":"47009","name":"Sebseb","name_ar":"سبسب","daira":"Metlili","daira_ar":"متليلي","wilaya_code":47}},
{"type":"Feature","geometry":{"type":"Point","coordinates":[3.7079000,32.4194000]},"properties":{"id":1500,"post_code":"47010","name":"Bounoura","name_ar":"بونورة","daira":"Bounoura","daira_ar":"بونورة","wilaya_code":47}},
{"type":"Feature","geometry":{"type":"Point","coordinates":[3.6749000,31.5364000]},"properties":{"id":1501,"post_code":"58011","name":"Hassi Fehal","name_ar":"حاسي الفحل","daira":"Mansourah","daira_ar":"المنصورة","wilaya_code":58}},
{"type":"Feature","geometry":{"type":"Point","coordinates":[2.9141000,30.4842000]},"properties":{"id":1502,"post_code":"58012","name":"Hassi Gara","name_ar":"حاسي قارة","daira":"El Menia","daira_ar":"المنيعة","wilaya_code":58}},
{"type":"Feature","geometry":{"type":"Point","coordinates":[3.7463000,31.9125000]},"properties":{"id":1503,"post_code":"47013","name":"Mansoura","name_ar":"منصورة","daira":"Mansourah","daira_ar":"المنصورة","wilaya_code":47}},
{"type":"Feature","geometry":{"type":"Point","coordinates":[0.5493000,35.6696000]},"properties":{"id":1504,"post_code":"48001","name":"Relizane","name_ar":"غيليزان","daira":"Relizane","daira_ar":"غليزان","wilaya_code":48}},
{"type":"Feature","geometry":{"type":"Point","coordinates":[0.9174000,35.9035000]},"properties":{"id":1505,"post_code":"48002","name":"Oued Rhiou","name_ar":"وادي رهيو","daira":"Oued Rhiou","daira_ar":"وادي رهيو","wilaya_code":48}},
{"type":"Feature","geometry":{"type":"Point","coordinates":[0.4999000,35.7766000]},"properties":{"id":1506,"post_code":"48003","name":"Belaassel Bouzegza","name_ar":"بلعسل بوزقزة","daira":"El Matmar","daira_ar":"المطمر","wilaya_code":48}},
{"type":"Feature","geometry":{"type":"Point","coordinates":[0.2060000,35.6227000]},"properties":{"id":1507,"post_code":"48004","name":"Sidi Saada","name_ar":"سيدي سعادة","daira":"Yellel","daira_ar":"يلل","wilaya_code":48}},
{"type":"Feature","geometry":{"type":"Point","coordinates":[0.9998000,35.7788000]},"properties":{"id":1508,"post_code":"48005","name":"Ouled Aiche","name_ar":"أولاد يعيش","daira":"Ammi Moussa","daira_ar":"عمي موسى","wilaya_code":48}},
{"type":"Feature","geometry":{"type":"Point","coordinates":[0.7745000,35.5803000]},"properties":{"id":1509,"post_code":"48006","name":"Sidi Lazreg","name_ar":"سيدي لزرق","daira":"Mendes","daira_ar":"منداس","wilaya_code":48}},
{"type":"Feature","geometry":{"type":"Point","coordinates":[0.7498000,35.8367000]},"properties":{"id":1510,"post_code":"48007","name":"El Hamadna","name_ar":"الحمادنة","daira":"El H'madna","daira_ar":"الحمادنة","wilaya_code":48}},
{"type":"Feature","geometry":{"type":"Point","coordinates":[0.8432000,36.0791000]},"properties":{"id":1511,"post_code":"48008","name":"Sidi Mhamed Ben Ali","name_ar":"سيدي امحمد بن علي","daira":"Sidi M'hamed Ben Ali","daira_ar":"سيدي أمحمد بن علي","wilaya_code":48}},
{"type":"Feature","geometry":{"type":"Point","coordinates":[0.7498000,36.0524000]},"properties":{"id":1512,"post_code":"48009","name":"Mediouna","name_ar":"مديونة","daira":"Sidi M'hamed Ben Ali","daira_ar":"سيدي أمحمد بن علي","wilaya_code":48}},
{"type":"Feature","geometry":{"type":"Point","coordinates":[0.5109000,35.8479000]},"properties":{"id":1513,"post_code":"48010","name":"Sidi Khettab","name_ar":"سيدي خطاب","daira":"El Matmar","daira_ar":"المطمر","wilaya_code":48}},
{"type":"Feature","geometry":{"type":"Point","coordinates":[1.1179000,35.8033000]},"properties":{"id":1514,"post_code":"48011","name":"Ammi Moussa","name_ar":"عمي موسى","daira":"Ammi Moussa","daira_ar":"عمي موسى","wilaya_code":48}},
{"type":"Feature","geometry":{"type":"Point","coordinates":[0.7498000,35.6539000]},"properties":{"id":1515,"post_code":"48012","name":"Zemmoura","name_ar":"زمورة","daira":"Zemmoura","daira_ar":"زمورة","wilaya_code":48}},
{"type":"Feature","geometry":{"type":"Point","coordinates":[0.7993000,35.7164000]},"properties":{"id":1516,"post_code":"48013","name":"Beni Dergoun","name_ar":"بني درقن","daira":"Zemmoura","daira_ar":"زمورة","wilaya_code":48}},
{"type":"Feature","geometry":{"type":"Point","coordinates":[0.8295000,35.8657000]},"properties":{"id":1517,"post_code":"48014","name":"Djidiouia","name_ar":"جيديوة","daira":"Djidiouia","daira_ar":"جديوية","wilaya_code":48}},
{"type":"Feature","geometry":{"type":"Point","coordinates":[0.8157000,36.0236000]},"properties":{"id":1518,"post_code":"48015","name":"El Guettar","name_ar":"القطارة","daira":"Mazouna","daira_ar":"مازونة","wilaya_code":48}},
{"type":"Feature","geometry":{"type":"Point","coordinates":[-0.3790000,36.0420000]},"properties":{"id":1519,"post_code":"48016","name":"Hamri","name_ar":"الحمري","daira":"Djidiouia","daira_ar":"جديوية","wilaya_code":48}},
{"type":"Feature","geometry":{"type":"Point","coordinates":[0.4614000,35.6673000]},"properties":{"id":1520,"post_code":"48017","name":"El Matmar","name_ar":"المطمار","daira":"El Matmar","daira_ar":"المطمر","wilaya_code":48}},
{"type":"Feature","geometry":{"type":"Point","coordinates":[0.5878000,35.5400000]},"properties":{"id":1521,"post_code":"48018","name":"Sidi Mhamed Ben Aouda","name_ar":"سيدي بن عودة","daira":"El Matmar","daira_ar":"المطمر","wilaya_code":48}},
{"type":"Feature","geometry":{"type":"Point","coordinates":[1.1316000,35.7164000]},"properties":{"id":1522,"post_code":"48019","name":"Ain Tarek","name_ar":"عين طارق","daira":"Ain Tarek","daira_ar":"عين طارق","wilaya_code":48}},
{"type":"Feature","geometry":{"type":"Point","coordinates":[0.9256000,35.5155000]},"properties":{"id":1523,"post_code":"48020","name":"Oued Essalem","name_ar":"وادي السلام","daira":"Mendes","daira_ar":"منداس","wilaya_code":48}},
{"type":"Feature","geometry":{"type":"Point","coordinates":[0.8981000,35.9813000]},"properties":{"id":1524,"post_code":"48021","name":"Ouarizane","name_ar":"ﻭﺍﺭﻳﺯﺍﻥ","daira":"Oued Rhiou","daira_ar":"وادي رهيو","wilaya_code":48}},
{"type":"Feature","geometry":{"type":"Point","coordinates":[0.8762000,36.0635000]},"properties":{"id":1525,"post_code":"48022","name":"Mazouna","name_ar":"مازونة","daira":"Mazouna","daira_ar":"مازونة","wilaya_code":48}},
{"type":"Feature","geometry":{"type":"Point","coordinates":[0.3296000,35.5177000]},"properties":{"id":1526,"post_code":"48023","name":"Kalaa","name_ar":"قلعة","daira":"Yellel","daira_ar":"يلل","wilaya_code":48}},
{"type":"Feature","geometry":{"type":"Point","coordinates":[0.3928000,35.5602000]},"properties":{"id":1527,"post_code":"48024","name":"Ain Rahma","name_ar":"عين الرحمة","daira":"Yellel","daira_ar":"يلل","wilaya_code":48}},
{"type":"Feature","geometry":{"type":"Point","coordinates":[0.3543000,35.6584000]},"properties":{"id":1528,"post_code":"48025","name":"Yellel","name_ar":"يلل","daira":"Yellel","daira_ar":"يلل","wilaya_code":48}},
{"type":"Feature","geometry":{"type":"Point","coordinates":[0.6812000,35.7343000]},"properties":{"id":1529,"post_code":"48026","name":"Oued El Djemaa","name_ar":"وادى الجمعة","daira":"El H'madna","daira_ar":"الحمادنة","wilaya_code":48}},
{"type":"Feature","geometry":{"type":"Point","coordinates":[1.3321000,35.7922000]},"properties":{"id":1530,"post_code":"48027","name":"Ramka","name_ar":"رمكة","daira":"Ramka","daira_ar":"الرمكة","wilaya_code":48}},
{"type":"Feature","geometry":{"type":"Point","coordinates":[0.8624000,35.5870000]},"properties":{"id":1531,"post_code":"48028","name":"Mendes","name_ar":"مندس","daira":"Mendes","daira_ar":"منداس","wilaya_code":48}},
{"type":"Feature","geometry":{"type":"Point","coordinates":[0.9805000,35.8301000]},"properties":{"id":1532,"post_code":"48029","name":"Lahlef","name_ar":"لحلاف","daira":"Oued Rhiou","daira_ar":"وادي رهيو","wilaya_code":48}},
{"type":"Feature","geometry":{"type":"Point","coordinates":[0.6647000,36.0480000]},"properties":{"id":1533,"post_code":"48030","name":"Beni Zentis","name_ar":"بني زنتيس","daira":"Sidi M'hamed Ben Ali","daira_ar":"سيدي أمحمد بن علي","wilaya_code":48}},
{"type":"Feature","geometry":{"type":"Point","coordinates":[1.2469000,35.8924000]},"properties":{"id":1534,"post_code":"48031","name":"Souk El Haad","name_ar":"سوق الحد","daira":"Ramka","daira_ar":"الرمكة","wilaya_code":48}},
{"type":"Feature","geometry":{"type":"Point","coordinates":[0.6866000,35.6383000]},"properties":{"id":1535,"post_code":"48032","name":"Dar Ben Abdellah","name_ar":"دار بن عبد الله","daira":"Zemmoura","daira_ar":"زمورة","wilaya_code":48}},
{"type":"Feature","geometry":{"type":"Point","coordinates":[1.0547000,35.7075000]},"properties":{"id":1536,"post_code":"48033","name":"El Hassi","name_ar":"الحاسى","daira":"Ammi Moussa","daira_ar":"عمي موسى","wilaya_code":48}},
{"type":"Feature","geometry":{"type":"Point","coordinates":[1.1481000,35.6160000]},"properties":{"id":1537,"post_code":"48034","name":"Had Echkalla","name_ar":"حد الشقالة","daira":"Ain Tarek","daira_ar":"عين طارق","wilaya_code":48}},
{"type":"Feature","geometry":{"type":"Point","coordinates":[0.5191000,35.6562000]},"properties":{"id":1538,"post_code":"48035","name":"Bendaoud","name_ar":"بن داود","daira":"Relizane","daira_ar":"غليزان","wilaya_code":48}},
{"type":"Feature","geometry":{"type":"Point","coordinates":[1.1206000,35.8479000]},"properties":{"id":1539,"post_code":"48036","name":"El Ouldja","name_ar":"العلجة","daira":"Ammi Moussa","daira_ar":"عمي موسى","wilaya_code":48}},
{"type":"Feature","geometry":{"type":"Point","coordinates":[0.9897460,36.0138830]},"properties":{"id":1540,"post_code":"48037","name":"Merdja Sidi Abed","name_ar":"مرجة سيدي عابد","daira":"Oued Rhiou","daira_ar":"وادي رهيو","wilaya_code":48}},
{"type":"Feature","geometry":{"type":"Point","coordinates":[0.6916000,35.9752000]},"properties":{"id":1541,"post_code":"48038","name":"Ouled Sidi Mihoub","name_ar":"أولاد سيدي ميهوب","daira":"Djidiouia","daira_ar":"جديوية","wilaya_code":48}}
]}
