id,post_code,name,name_ar,daira,daira_ar,wilaya_code,latitude,longitude
1,01001,Adrar,أدرار,Adrar,أدرار,1,27.9763317,-0.4841573
2,01002,Tamest,تأماست,Fenoughil,فنوغيل,1,27.4257197,-0.2807673
3,49003,Charouine,شروين,Charouine,شروين,49,29.0189483,-0.2690792
4,01004,Reggane,رڨان,Reggane,رقان,1,25.4775826,-4.3665328
5,01005,In Zghmir,ان زغمير,Zaouiat Kounta,زاوية كنتة,1,25.8711501,-6.252223
6,01006,Tit,تــيـــت,Aoulef,أولف,1,26.9368382,1.481824
7,49007,Ksar Kaddour,قصر قدور,Tinerkouk,تنركوك,49,29.5798013,0.3643512
8,01008,Tsabit,تسابيت,Tsabit,تسابيت,1,28.3533514,-0.2255095
9,49009,Timimoun,تيميمون,Timimoun,تيميمون,49,29.2536341,0.218653
10,49010,Ouled Said,أولاد سعيد,Timimoun,تيميمون,49,29.4217292,0.2254341
11,01011,Zaouiet Kounta,زاوية كنتة,Zaouiat Kounta,زاوية كنتة,1,27.2293681,-0.2202846
12,01012,Aoulef,أولف,Aoulef,أولف,1,26.9710733,1.059451
13,01013,Timokten,تيمقتن,Aoulef,أولف,1,27.0221605,1.0255048
14,01014,Tamentit,تامنطيت,Fenoughil,فنوغيل,1,27.764557,-0.2722121
15,01015,Fenoughil,فنوغيل,Fenoughil,فنوغيل,1,27.6489014,-0.3155995
16,49016,Tinerkouk,زاوية دباغ,Tinerkouk,تنركوك,49,29.708777,0.6955288
17,49017,Deldoul,دﻟﺪول,Aougrout,أوقروت,49,34.2080511,3.2543828
18,01018,Sali,سالى,Reggane,رقان,1,26.7370315,-2.8517184
19,01019,Akabli,أقبلي,Aoulef,أولف,1,26.7057062,1.344838
20,49020,Metarfa,المطارفة,Aougrout,أوقروت,49,28.5978205,-0.1587011
21,01021,Ouled Ahmed Tammi,أولاد أحمد تيمى,Adrar,أدرار,1,27.9766155,-0.20396
22,01022,Bouda,بودة,Adrar,أدرار,1,27.9779233,-0.4533424
23,49023,Aougrout,أوقروت,Aougrout,أوقروت,49,28.7499992,0.2412452
24,49024,Talmine,طالمين,Charouine,شروين,49,27.9766155,-0.20396
25,50025,Bordj Badji Mokhtar,برج باجي مختار,Bordj Badji Mokhtar,برج باجي مختار,50,22.9676154,-3.946422
26,01026,Sbaa,السبع,Tsabit,تسابيت,1,28.2112372,-0.1862527
27,49027,Ouled Aissa,أولاد عيسى,Charouine,شروين,49,29.4201586,-0.104542
28,50028,Timiaouine,تيمياوين,Bordj Badji Mokhtar,برج باجي مختار,50,20.9259001,0.7958642
29,02001,Chlef,الشلف,Chlef,الشلف,2,36.1691042,1.2838598
30,02002,Tenes,تنس,Tenes,تنس,2,36.508324,1.2426542
31,02003,Benairia,بنايرية,Zeboudja,الزبوجة,2,36.3849733,1.3150523
32,02004,El Karimia,الكريمية,El Karimia,الكريمية,2,36.0774092,1.5112398
33,02005,Tadjna,تاجنة,Abou El Hassane,أبو الحسن,2,36.3240803,1.1303901
34,02006,Taougrite,تاوقريت,Taougrit,تاوقريت,2,36.2460876,0.8993445
35,02007,Beni Haoua,بني حواء,Beni Haoua,بني حواء,2,36.4938241,1.5198873
36,02008,Sobha,صبحة,Boukadir,بوقادير,2,36.1084781,1.1017012
37,02009,Harchoun,حرشون,El Karimia,الكريمية,2,36.1184786,1.4187143
38,02010,Ouled Fares,أولاد فارس,Ouled Fares,أولاد فارس,2,36.2302131,1.0951463
39,02011,Sidi Akacha,سيدي عكاشة,Tenes,تنس,2,36.4357802,1.2554858
40,02012,Boukadir,بوقدير,Boukadir,بوقادير,2,36.0617947,1.1083316
41,02013,Beni Rached,بني راشد,Oued Fodda,وادي الفضة,2,36.2930145,1.4611361
42,02014,Talassa,تلعصة,Abou El Hassane,أبو الحسن,2,36.4266341,1.0790634
43,02015,Herenfa,الهرنفة,Ain Merane,عين مران,2,36.2438569,1.0440444
44,02016,Oued Goussine,واد ڨوسين,Beni Haoua,بني حواء,2,36.4949721,1.3928579
45,02017,Dahra,الظهرة,Taougrit,تاوقريت,2,36.2551398,0.8432006
46,02018,Ouled Abbes,أولاد عباس,Oued Fodda,وادي الفضة,2,36.2139534,1.4578336
47,02019,Sendjas,سنجاس,Chlef,الشلف,2,36.0396831,1.2713566
48,02020,Zeboudja,الزبوجة,Zeboudja,الزبوجة,2,36.3910799,1.3907765
49,02021,Oued Sly,واد سلي,Boukadir,بوقادير,2,36.0806537,1.1443351
50,02022,Abou El Hassen,أبو الحسن,Abou El Hassane,أبو الحسن,2,36.407875,1.1184571
51,02023,El Marsa,المرصى,El Marsa,المرسى,2,36.2599947,0.722512
52,02024,Chettia,الشطية,Ouled Fares,أولاد فارس,2,36.1782742,1.1791394
53,02025,Sidi Abderrahmane,سيدي عبد الرحمان,Tenes,تنس,2,36.4236714,1.0492304
54,02026,Moussadek,مصدق,El Marsa,المرسى,2,36.3521334,1.0004317
55,02027,El Hadjadj,الحجاج,Ouled Ben Abdelkader,أولاد بن عبد القادر,2,35.6908338,1.538967
56,02028,Labiod Medjadja,الأبيض مجاجة,Ouled Fares,أولاد فارس,2,36.2682804,1.3325618
57,02029,Oued Fodda,واد الفضة,Oued Fodda,وادي الفضة,2,36.1995109,1.4672731
58,02030,Ouled Ben Abdelkader,أولاد بن عبد القادر,Ouled Ben Abdelkader,أولاد بن عبد القادر,2,35.9670371,1.192049
59,02031,Bouzghaia,بوزغاية,Zeboudja,الزبوجة,2,36.3604333,1.1871646
60,02032,Ain Merane,عين مران,Ain Merane,عين مران,2,36.1625642,0.9651016
61,02033,Oum Drou,أم الذروع,Chlef,الشلف,2,36.2034869,1.3460801
62,02034,Breira,بريرة,Beni Haoua,بني حواء,2,36.4476233,1.5221188
63,02035,Beni Bouateb,بني بوعتاب,El Karimia,الكريمية,2,35.9895844,1.5589402
64,03001,Laghouat,الأغواط,Laghouat,الأغواط,3,33.7939523,2.8368501
65,03002,Ksar El Hirane,قصر الحيران,Ksar El Hirane,قصر الحيران,3,33.7855481,3.119366
66,03003,Benacer Ben Chohra,بن ناصر بن شهرة,Ksar El Hirane,قصر الحيران,3,33.7522913,2.9939138
67,03004,Sidi Makhlouf,سيدي مخلوف,Sidi Makhlouf,سيدي مخلوف,3,34.1276242,3.0060262
68,03005,Hassi Delaa,حاسي دلاعة,Hassi R'mel,حاسي الرمل,3,33.4154299,3.5410309
69,03006,Hassi R'Mel,حاسي الرمل,Hassi R'mel,حاسي الرمل,3,32.9412958,3.2443135
70,03007,Ain Mahdi,عــيــن مـــاضــي,Ain Madhi,عين ماضي,3,33.7955179,2.2924947
71,03008,Tadjmout,تاجموت,Ain Madhi,عين ماضي,3,33.8376241,2.5234705
72,03009,El Kheneg,الخنق,Ain Madhi,عين ماضي,3,33.7441108,2.7841758
73,59010,Gueltat Sidi Saad,قلتة سيدي سعد,Gueltat Sidi Saad,قتلة سيدي سعيد,59,34.2983511,1.9323492
74,59011,Ain Sidi Ali,عين سيدي علي,Gueltat Sidi Saad,قتلة سيدي سعيد,59,34.1666661,1.5412452
75,59012,Beidha,بيضاء,,,59,33.7873735,2.8829115
76,59013,Brida,بريدة,Brida,بريدة,59,33.9495922,1.7465471
77,59014,El Ghicha,الغيشة,El Ghicha,الغيشة,59,33.9297719,2.1396303
78,03015,Hadj Mechri,الحاج المشري,Brida,بريدة,59,33.9572842,1.5908605
79,59016,Sebgag,سبقاق,Aflou,أفلو,59,34.0285379,1.9293458
80,03017,Taouiala,تاويالة,Brida,بريدة,59,33.8715595,1.8530845
81,03018,Tadjrouna,تاجرونة,Ain Madhi,عين ماضي,3,33.5036312,2.0924622
82,59019,Aflou,أفلو,Aflou,أفلو,59,34.1121156,2.0835167
83,03020,El Assafia,العسافية,Sidi Makhlouf,سيدي مخلوف,3,33.8269722,2.9816293
84,59021,Oued Morra,وادي مرة,Oued Morra,وادي مرة,59,34.1666661,2.3079121
85,03022,Oued M'Zi,وادي مزي,Oued Morra,وادي مرة,59,33.9410427,2.4231133
86,03023,El Haouaita,الهوارية,Ain Madhi,عين ماضي,3,37.0505755,10.9904863
87,59024,Sidi Bouzid,سيدي بوزيد,,,59,35.0363883,9.4595281
88,04001,Oum El Bouaghi,أم البواقي,Oum El Bouaghi,أم البواقي,4,35.8725963,7.0830052
89,04002,Ain Beida,عين البيضاء,Ain Beida,عين البيضاء,4,35.7948292,7.3338883
90,04003,Ain M'lila,عين مليلة,Ain M'lila,عين مليلة,4,36.0260869,6.4239017
91,04004,Behir Chergui,بحير الشرڨي,Meskiana,مسكيانة,4,35.7937891,7.7132713
92,04005,El Amiria,العامرية,Sigus,سيقوس,4,36.1101777,6.9026434
93,04006,Sigus,سيقوس,Sigus,سيقوس,4,36.1085199,6.603674
94,04007,El Belala,البلالة,Meskiana,مسكيانة,4,35.6660914,7.7837598
95,04008,Ain Babouche,عين بابوش,Ain Babouche,عين ببوش,4,35.9402286,7.1751022
96,04009,Berriche,بريش,Ain Beida,عين البيضاء,4,35.9155816,7.3676848
97,04010,Ouled Hamla,أولاد حملة,Ain M'lila,عين مليلة,4,36.0811426,6.3334038
98,04011,Dhala,الضلعة,Dhalaa,الضلعة,4,35.4610885,7.5379943
99,04012,Ain Kercha,عين كرشة,Ain Kercha,عين كرشة,4,35.9275632,6.6811426
100,04013,Hanchir Toumghani,هنشير تومغني,Ain Kercha,عين كرشة,4,35.9371712,6.7319584
101,04014,El Djazia,الجازيـــــــة,Dhalaa,الضلعة,4,35.663473,7.5030506
102,04015,Ain Diss,عين الديس,Ain Babouche,عين ببوش,4,35.8101391,7.2888545
103,04016,Fkirina,فكرينة,F'kirina,فكيرينة,4,35.6638941,7.2909736
104,04017,Souk Naamane,سوق نعمان,Souk Naamane,سوق نعمان,4,35.93924,6.2583772
105,04018,Zorg,الزرڨ,Ain Beida,عين البيضاء,4,35.8726014,7.1180248
106,04019,El Fedjoudj Boughrara Saoudi,الفجوج بوغرارة سعودى,Ain Fekroun,عين فكرون,4,35.709409,6.8162978
107,04020,Ouled Zouai,أولاد زواي,Souk Naamane,سوق نعمان,4,35.8556626,6.3821021
108,04021,Bir Chouhada,بئر الشهداء,Souk Naamane,سوق نعمان,4,35.9007146,6.1753867
109,04022,Ksar Sbahi,قصر صباحي,Ksar Sbahi,قصر الصباحي,4,36.0820976,7.250204
110,04023,Oued Nini,وادي نيني,F'kirina,فكيرينة,4,35.5716976,7.3377513
111,04024,Meskiana,مسكيانة,Meskiana,مسكيانة,4,35.6297416,7.6523636
112,04025,Ain Fekroune,عين فكرون,Ain Fekroun,عين فكرون,4,35.9745986,6.851982
113,04026,Rahia,الراحية,Meskiana,مسكيانة,4,35.7166662,7.6579122
114,04027,Ain Zitoun,عين الزيتون,Oum El Bouaghi,أم البواقي,4,35.6841587,6.9309782
115,04028,Ouled Gacem,أولاد ڨاسم,Ain M'lila,عين مليلة,4,36.0328844,6.6594743
116,04029,El Harmilia,الحرملية,Ain Kercha,عين كرشة,4,35.9257478,6.6176749
117,05001,Batna,باتنة,Batna,باتنة,5,35.5784266,6.1083422
118,05002,Ghassira,غسيرة,Tkout,تكوت,5,35.0629605,6.1563323
119,05003,Maafa,معافة,Ain Touta,عين التوتة,5,35.2770359,5.8156273
120,05004,Merouana,مروانة,Merouana,مروانة,5,35.6417881,5.8172903
121,05005,Seriana,سريانة,Seriana,سريانة,5,35.7161562,6.127064
122,05006,Menaa,منعة,Menaa,منعة,5,35.1373236,5.9981034
123,60007,El Madher,المعذر,El Madher,المعذر,5,35.6392974,6.3042185
124,05008,Tazoult,تازولت,Tazoult,تازولت,5,35.470362,6.1694644
125,05009,Ngaous,نڨاوس,N'gaous,نقاوس,5,35.5525842,5.5189965
126,05010,Guigba,قيقبة,Ras El Aioun,رأس العيون,5,35.7407753,5.5352956
127,05011,Inoughissen,إينوغيسن,Ichemoul,إشمول,5,35.2771231,6.4628765
128,05012,Ouyoun El Assafir,عيون العصافير,Tazoult,تازولت,5,35.5468473,6.2710449
129,60013,Djerma,جرمة,El Madher,المعذر,5,35.6853933,6.2267778
130,60014,Bitam,بيطام,Barika,بريكة,60,35.1772246,4.9980505
131,05015,Metkaouak,عزيل عبد القادر,,,60,35.323352,4.6952399
132,05016,Arris,اريس,Arris,أريس,5,35.3105194,6.2007524
133,05017,Kimmel,كيمل,Tkout,تكوت,5,34.9992137,6.2208802
134,05018,Tilatou,تيلاطو,Seggana,سقانة,60,35.3131323,5.4911366
135,05019,Ain Djasser,عين جاسر,Ain Djasser,عين جاسر,5,35.8311206,5.9331296
136,05020,Ouled Selam,أولاد سلام,Ras El Aioun,رأس العيون,5,35.8457485,5.7276937
137,05021,Tigherghar,تيغرغار,,,5,35.0765612,5.8212842
138,05022,Ain Yagout,عين ياقوت,El Madher,المعذر,5,35.7864482,6.2679257
139,05023,Fesdis,فسديس,Batna,باتنة,5,35.6179227,6.1696788
140,05024,Sefiane,سفيان,N'gaous,نقاوس,5,35.4280853,5.5186532
141,05025,Rahbat,الرحبات,Ras El Aioun,رأس العيون,5,35.7257797,5.5571911
142,05026,Tighanimine,تيغانمين,Arris,أريس,5,35.185829,6.2290737
143,05027,Lemsane,لمسان,,,5,35.6384911,5.7282516
144,05028,Ksar Belezma,قصر بلازمة,,,5,35.728729,5.8247576
145,60029,Seggana,سقانة,Seggana,سقانة,60,35.3380358,5.4071512
146,05030,Ichmoul,ايشمول,,,5,35.3059756,6.4186737
147,05031,Foum Toub,فم الطوب,Ichemoul,إشمول,5,35.3867728,6.4478348
148,05032,Beni Foudhala El Hakania,بنى فضالة الحقانية,Ain Touta,عين التوتة,5,35.3790646,5.9300746
149,05033,Oued El Ma,واد الماء,Merouana,مروانة,5,35.6696259,5.952935
150,05034,Talkhamt,تالخمت,Ras El Aioun,رأس العيون,5,35.722912,5.7070515
151,05035,Bouzina,بوزينة,Bouzina,بوزينة,5,35.2757765,5.9780111
152,05036,Chemora,الشمرة,Chemora,الشمرة,5,35.6301185,6.4747992
153,05037,Oued Chaaba,واد الشعبة,Batna,باتنة,5,35.5243377,6.011965
154,05038,Taxlent,تاكسلانت,Ouled Si Slimane,أولاد سي سليمان,5,35.5635407,5.7388089
155,05039,Gosbat,القصبات,Ras El Aioun,رأس العيون,5,35.6198308,5.3394309
156,05040,Ouled Aouf,أولاد عوف,Ain Touta,عين التوتة,5,35.4740373,5.7172224
157,05041,Boumagueur,بــومقر,N'gaous,نقاوس,5,35.4973671,5.5073234
158,60042,Barika,بريكة,Barika,بريكة,60,35.3698534,5.1424493
159,05043,Djezzar,الجزار,Djezzar,الجزار,60,35.5180608,5.1947203
160,05044,Tkout,تكوت,Tkout,تكوت,5,35.1533059,6.2237014
161,05045,Ain Touta,عين التوتة,Ain Touta,عين التوتة,5,35.3640241,5.7540788
162,05046,Hidoussa,حيدوسة,Merouana,مروانة,5,35.528608,5.7812335
163,05047,Teniet El Abed,نية العابد,Theniet El Abed,ثنية العابد,5,35.2869315,6.1926387
164,05048,Oued Taga,وادي الطاقة,Theniet El Abed,ثنية العابد,5,35.4185955,6.2379494
165,05049,Ouled Fadel,أولاد فاضل,Timgad,تيمقاد,5,35.5552777,6.540245
166,05050,Timgad,تيمقاد,Timgad,تيمقاد,5,35.5269245,6.3713303
167,05051,Ras El Aioun,رأس العيون,Ras El Aioun,رأس العيون,5,35.6547596,5.5340598
168,05052,Chir,شير,Theniet El Abed,ثنية العابد,5,35.218839,6.061661
169,05053,Ouled Si Slimane,أولاد سي سليمان,Ouled Si Slimane,أولاد سي سليمان,5,35.5671114,5.5504885
170,05054,Zanat El Beida,زانة البيضاء,,,5,35.7947074,5.9551803
171,05055,M'doukel,أمدوكال,Barika,بريكة,60,35.1132204,5.0064721
172,60056,Ouled Ammar,أولاد عمار,Djezzar,الجزار,60,35.4637775,5.1226733
173,05057,El Hassi,الحاسي,Ain Djasser,عين جاسر,5,35.7805122,5.8788416
174,05058,Lazrou,لازرو,Seriana,سريانة,5,35.8042574,6.2001918
175,05059,Boumia,بومية,El Madher,المعذر,5,35.7041224,6.3963578
176,05060,Boulhilat,بولهيلات,Chemora,الشمرة,5,35.7374798,6.5889619
177,05061,Larbaa,الاربعاء,Bouzina,بوزينة,5,36.5787079,3.103324
178,06001,Bejaia,بجاية,Bejaia,بجاية,6,36.7695763,4.938545
179,06002,Amizour,اميزور,Amizour,أميزور,6,36.6429158,4.8679708
180,06003,Ferraoun,فرعون,Amizour,أميزور,6,36.5654312,4.8417715
181,06004,Taourirt Ighil,تاوريرت اغيل,Adekar,أدكار,6,36.7329317,4.6709356
182,06005,Chelata,شلاطة,Akbou,أقبو,6,36.5079843,4.4892072
183,06006,Tamokra,تامقرة,Akbou,أقبو,6,36.3916342,4.5814411
184,06007,Timzrit,تيمزريت,Timezrit,تيمزريت,6,36.6161452,4.7342109
185,06008,Souk El Thenine,ﺳﻮق اﻻﺛﻨﻴﻦ,Souk El Tenine,سوق الإثنين,6,36.6150269,5.2777913
186,06009,M'cisna,مسيسنة,Seddouk,صدوق,6,36.5646521,4.6922142
187,06010,Thinabdher,تينبذار,Sidi Aich,سيدي عيش,6,36.6333952,4.6645332
188,06011,Tichi,تيشي,Tichy,تيشي,6,36.620329,5.0944646
189,06012,Semaoun,سمعون,Amizour,أميزور,6,36.6163121,4.8029022
190,06013,Kendira,كنديرة,Barbacha,برباشة,6,36.5568449,4.948437
191,06014,Tifra,تيفرة,Sidi Aich,سيدي عيش,6,36.6626768,4.6505501
192,06015,Ighram,إغرم,Akbou,أقبو,6,36.4765457,4.3924687
193,06016,Amalou,امالو,Seddouk,صدوق,6,36.4780606,4.5674507
194,06017,Ighil Ali,إغيل على,Ighil Ali,إغيل علي,6,36.2905404,4.4345472
195,06018,Ifelain Ilmathen,افناين الماثن,El Kseur,القصر,6,36.6673126,4.7479832
196,06019,Toudja,توجة,El Kseur,القصر,6,36.7862498,4.7209914
197,06020,Darguina,درقينة,Darguina,درقينة,6,36.5537403,5.3057073
198,06021,Sidi Ayad,سيدي عياد,Sidi Aich,سيدي عيش,6,36.6095992,4.6956681
199,06022,Aokas,أوقاس,Aokas,أوقاس,6,36.6195851,5.2038174
200,06023,Ait Djellil,آيث جليل,Amizour,أميزور,6,36.5626795,4.7643966
201,06024,Adekar,آدكار,Adekar,أدكار,6,36.7343709,4.5420287
202,06025,Akbou,أقبو,Akbou,أقبو,6,36.4583204,4.4639658
203,06026,Seddouk,صدوق,Seddouk,صدوق,6,36.5367869,4.6409049
204,06027,Tazmalt,تازمالت,Tazmalt,تازملت,6,36.3980947,4.3892305
205,06028,Ait R'zine,آيت أرزين,Ighil Ali,إغيل علي,6,36.3866561,4.4646094
206,06029,Chemini,شميني,Chemini,شميني,6,36.5928345,4.5601731
207,06030,Souk Oufella,سوق أوفلة,Chemini,شميني,6,36.5880436,4.5992053
208,06031,Taskriout,تاسقريوت,Darguina,درقينة,6,36.5565707,5.2237624
209,06032,Tibane,طيبان,Chemini,شميني,6,36.6131706,4.6360841
210,06033,Tala Hamza,ثالة حمزة,Tichy,تيشي,6,36.6904609,4.9432228
211,06034,Barbacha,برباشة,Barbacha,برباشة,6,36.5628189,4.8862205
212,06035,Beni Ksila,بنى كسيلة,Adekar,أدكار,6,36.8280602,4.6309708
213,06036,Ouzallaguen,أوزلاقن,Ifri Ouzellaguene,إفري أوزلاقن,6,36.5473904,4.5075207
214,06037,Bouhamza,بوحمزة,Seddouk,صدوق,6,36.4393229,4.5700544
215,06038,Beni Melikeche,بنى مليكش,Tazmalt,تازملت,6,36.4475154,4.3846601
216,06039,Sidi Aich,سيدي عيش,Sidi Aich,سيدي عيش,6,36.6223093,4.6792592
217,06040,El Kseur,القصر,El Kseur,القصر,6,36.7187382,4.7678254
218,06041,Melbou,ملبو,Souk El Tenine,سوق الإثنين,6,36.6217049,5.351135
219,06042,Akfadou,اكفادو,Chemini,شميني,6,36.6580416,4.5747965
220,06043,Leflaye,لفلاى,Sidi Aich,سيدي عيش,6,36.597995,4.6441959
221,06044,Kherrata,خراطة,Kherrata,خراطة,6,36.4719307,5.2047107
222,06045,Draa Kaid,ذراع القايد,Kherrata,خراطة,6,36.4405974,5.168301
223,06046,Tamridjet,تامريجت,Souk El Tenine,سوق الإثنين,6,36.5729424,5.3775099
224,06047,Ait Smail,آيت سماعيل,Darguina,درقينة,6,36.554314,5.1892262
225,06048,Boukhelifa,بوخليفة,Tichy,تيشي,6,36.6367939,5.0058926
226,06049,Tizi N'berber,تيزى نبربر,Aokas,أوقاس,6,36.5899196,5.1307333
227,06050,Beni Maouch,بني معوش,Beni Maouche,بني معوش,6,36.4881459,4.72105
228,06051,Oued Ghir,وادي غير,Bejaia,بجاية,6,36.7149207,4.9085928
229,06052,Boudjellil,بوجليل,Tazmalt,تازملت,6,36.3223972,4.3477724
230,07001,Biskra,بسكرة,Biskra,بسكرة,7,34.851484,5.6546304
231,07002,Oumache,أوماش,Ourlal,أورلال,7,34.586303,5.5181413
232,61003,Branis,البرانس,Djemorah,جمورة,61,34.9709574,5.6412543
233,07004,Chetma,شتمة,Sidi Okba,سيدي عقبة,7,34.8655388,5.7729266
234,51005,Ouled Djellal,أولاد جلال,Ouled Djellal,أولاد جلال,51,34.4174639,4.9713028
235,51006,Ras El Miaad,راس الميعاد,Sidi Khaled,سيدي  خالد,51,34.0268001,4.1596986
236,51007,Besbes,البسباس,Sidi Khaled,سيدي  خالد,51,36.7204026,7.7544139
237,51008,Sidi Khaled,سيدي خالد,Sidi Khaled,سيدي  خالد,51,34.3845588,4.8400248
238,51009,Doucen,الدوسن,Ouled Djellal,أولاد جلال,51,34.6197821,4.9863232
239,07010,Ech Chaiba,أولاد رحمة,Ouled Djellal,أولاد جلال,51,34.6257746,4.5572238
240,07011,Sidi Okba,سيدي عقبة,Sidi Okba,سيدي عقبة,7,34.776526,5.8344242
241,07012,Mchouneche,مشونش,Mechouneche,مشونش,7,34.9063847,5.8993044
242,07013,El Haouch,الحوش,Sidi Okba,سيدي عقبة,7,34.5603287,5.8852281
243,07014,Ain Naga,عين الناقة,Sidi Okba,سيدي عقبة,7,34.6508231,6.0189093
244,07015,Zeribet El Oued,زريبة الوادي,Zeribet El Oued,زريبة الوادي,7,34.683456,6.3748921
245,07016,El Feidh,الفيض,Zeribet El Oued,زريبة الوادي,7,34.4990192,6.1924699
246,61017,El Kantara,القنطرة,El Kantara,القنطرة,61,35.2052532,5.5062642
247,61018,Ain Zaatout,عين زعطوط,El Kantara,القنطرة,61,35.1705188,5.7860157
248,61019,El Outaya,لوطاية,El Outaya,الوطاية,61,34.9772883,5.4401959
249,07020,Djemorah,جمورة,Djemorah,جمورة,61,35.0989288,5.6954643
250,07021,Tolga,طولقة,Tolga,طولقة,7,34.894129,4.9483543
251,07022,Lioua,لواء,Ourlal,أورلال,7,34.5726359,5.224675
252,07023,Lichana,لشانة,Tolga,طولقة,7,34.7379403,5.3672479
253,07024,Ourlal,أورلال,Ourlal,أورلال,7,34.563429,5.3748787
254,07025,M'lili,مليلي,Ourlal,أورلال,7,34.5781616,5.4617608
255,07026,Foughala,فوغالة,Foughala,فوغالة,7,34.7598362,5.2212069
256,07027,Bordj Ben Azzouz,برج بن عزوز,Tolga,طولقة,7,34.7281944,5.281975
257,07028,M'ziraa,مزيرعة,Zeribet El Oued,زريبة الوادي,7,34.8853471,6.0060458
258,07029,Bouchagroun,بوشقرون,,,7,34.7378859,5.4169652
259,07030,Mekhadma,مخادمة,Ourlal,أورلال,7,34.5636943,5.3092183
260,07031,El Ghrous,الغروس,Foughala,فوغالة,7,34.7175474,5.0903931
261,07032,El Hadjab,الحاجب,Biskra,بسكرة,7,34.7967888,5.4551949
262,07033,Khanguet Sidinadji,خنڨة سيدي ناجي,,,7,34.784537,6.6327354
263,08001,Bechar,بشار,Bechar,بشار,8,31.5965368,-2.4145248
264,08002,Erg Ferradj,عرق فراج,Abadla,العبادلة,8,31.0835905,-2.8630916
265,52003,Ouled Khoudir,أولاد خدير,Ouled Khodeir,أولاد خضير,52,29.2558699,-1.0641503
266,08004,Meridja,مريجة,Kenadsa,القنادسة,8,31.5494045,-2.95583
267,52005,Timoudi,تيمودى,Kerzaz,كرزاز,52,29.3195526,-1.135803
268,08006,Lahmar,لحمر,Lahmar,لحمر,8,31.9312184,-2.2681563
269,52007,Beni Abbes,بني عباس,Beni Abbes,بني عباس,52,30.1302299,-2.1782542
270,08008,Beni Ikhlef,بني يخلف,Kerzaz,كرزاز,52,29.5802183,-1.6128088
271,08009,Mechraa Houari Boumedienne,مشرع ھوارى بومدين,Abadla,العبادلة,8,30.9318258,-2.741164
272,08010,Kenedsa,القنادسة,Kenadsa,القنادسة,8,31.5570599,-2.4381801
273,52011,Igli,إقلي,Igli,إقلي,52,30.452849,-2.3000801
274,08012,Tabalbala,تبلبالة,Tabelbala,تبلبالة,8,28.9735664,-5.9957642
275,08013,Taghit,تــــاغـيــث,Taghit,تاغيت,8,30.9150725,-2.0472123
276,52014,El Ouata,الوطى,El Ouata,الواتة,52,29.854111,-1.8650158
277,08015,Boukais,بوكايس,Lahmar,لحمر,8,31.9230182,-2.4714058
278,08016,Mogheul,موغل,Lahmar,لحمر,8,32.0219943,-2.2227252
279,08017,Abadla,العبادلة,Abadla,العبادلة,8,31.0174866,-2.7615494
280,52018,Kerzaz,كرزاز,Kerzaz,كرزاز,52,29.4602231,-1.4553024
281,52019,Ksabi,قصابى,Ouled Khodeir,أولاد خضير,52,29.0984238,-1.0022456
282,08020,Tamtert,تامترت,Beni Abbes,بني عباس,52,29.9166662,-1.9087548
283,08021,Beni Ounif,بني ونيف,Beni Ounif,بني ونيف,8,32.0512638,-1.2519046
284,09001,Blida,البليدة,Blida,البليدة,9,36.4802972,2.7659184
285,09002,Chebli,الشبلي,Bouinan,بوعينان,9,36.5685763,2.9433463
286,09003,Bouinan,بوعينان,Bouinan,بوعينان,9,36.5154839,2.9218243
287,09004,Oued El Alleug,واد العلايڨ,Oued El Alleug,وادي العلايق,9,36.5502875,2.7026126
288,09007,Ouled Yaich,اولاد يعيش,Ouled Yaich,أولاد يعيش,9,36.4852123,2.8325741
289,09008,Chrea,الشريعة,Ouled Yaich,أولاد يعيش,9,36.4254896,2.8286336
290,09010,El Affroun,العفرون,El Affroun,العفرون,9,36.4460675,2.5382873
291,09011,Chiffa,الشفة,Mouzaia,موزاية,9,36.444398,2.6691173
292,09012,Hammam Melouane,حمام ملوان,Bougara,بوقرة,9,36.436102,2.8604689
293,09013,Ben Khlil,بني خليل,Oued El Alleug,وادي العلايق,9,36.5959588,2.7838729
294,09014,Soumaa,صومعة,Boufarik,بوفاريك,9,36.507015,2.8509281
295,09016,Mouzaia,موزاية,Mouzaia,موزاية,9,36.50497,2.6139932
296,09017,Souhane,صوحان,Larbaa,الأربعاء,9,36.5263305,3.1705831
297,09018,Meftah,مفتاح,Meftah,مفتاح,9,36.6238272,3.1711838
298,09019,Ouled Selama,أولاد سلامة,Bougara,بوقرة,9,36.514057,3.0705904
299,09020,Boufarik,بوفاريك,Boufarik,بوفاريك,9,36.5739581,2.8478167
300,09021,Larbaa,الاربعاء,Larbaa,الأربعاء,9,36.5787079,3.103324
301,09022,Oued Djer,واد جر,El Affroun,العفرون,9,36.4223526,2.4657911
302,09023,Beni Tamou,بني تامو,Oued El Alleug,وادي العلايق,9,36.5401306,2.7729529
303,09024,Bouarfa,بوعرفة,Blida,البليدة,9,36.4151693,2.7284692
304,09025,Beni Mered,بني مراد,Ouled Yaich,أولاد يعيش,9,36.5327654,2.8198593
305,09026,Bougara,بوڨرة,Bougara,بوقرة,9,36.4936597,2.9731862
306,09027,Guerrouaou,ڨرواو,Boufarik,بوفاريك,9,36.5019935,2.8148899
307,09028,Ain Romana,عين الرمانة,Mouzaia,موزاية,9,36.3875985,2.5722144
308,09029,Djebabra,جبابرة,Meftah,مفتاح,9,36.5803885,3.2252592
309,10001,Bouira,البويرة,Bouira,البويرة,10,36.3728066,3.8350413
310,10002,El Asnam,الأصنام,Bechloul,بشلول,10,36.3709809,3.8941923
311,10003,Guerrouma,قرومة,Lakhdaria,الأخضرية,10,36.4678041,3.3603546
312,10004,Souk El Khemis,سوق الخميس,Souk El Khemis,سوق الخميس,10,36.3941664,3.5550187
313,10005,Kadiria,قادرية,Kadiria,القادرية,10,36.5253163,3.5963676
314,10006,Hanif,احنيف,M'chedallah,مشد الله,10,36.2632628,4.0687934
315,10007,Dirah,ديــرة,Sour El Ghozlane,سور الغزلان,10,36.0038981,3.5835066
316,10008,Ait Laaziz,آيت لعزيز,Bouira,البويرة,10,36.4453381,3.8484757
317,10009,Taghzout,تاغزوت,Haizer,الحيزر,10,36.4161178,3.9036414
318,10010,Raouraoua,الروراوة,Bir Ghbalou,بئر غبالو,10,36.2168126,3.5492681
319,10011,Mezdour,مسدور,Bordj Okhriss,برج أوخريص,10,36.0722819,3.923954
320,10012,Haizer,حيزر,Haizer,الحيزر,10,36.4068708,3.9487242
321,10013,Lakhdaria,الأخضرية,Lakhdaria,الأخضرية,10,36.5613265,3.5173819
322,10014,Maala,معالة,Lakhdaria,الأخضرية,10,36.4945576,3.4880279
323,10015,El Hachimia,الھاشمية,El Hachimia,الهاشمية,10,36.2227385,3.7198058
324,10016,Aomar,أعمر,Kadiria,القادرية,10,36.5022135,3.7122176
325,10017,Chorfa,الشرفاء,M'chedallah,مشد الله,10,36.3782491,4.3082238
326,10018,Bordj Oukhriss,برج أوخريص,Bordj Okhriss,برج أوخريص,10,36.09281,3.8468001
327,10019,El Adjiba,العجيبة,Bechloul,بشلول,10,36.3723036,4.0139476
328,10020,El Hakimia,الحاكمية,Sour El Ghozlane,سور الغزلان,10,36.0907204,3.72668
329,10021,El Khebouzia,الخبوزية,Bir Ghbalou,بئر غبالو,10,36.3091266,3.5599129
330,10022,Ahl El Ksar,أھل القصر,Bechloul,بشلول,10,36.2426022,3.9606117
331,10023,Bouderbala,بودربالة,Lakhdaria,الأخضرية,10,36.5662885,3.4137415
332,10024,Zbarbar,زبربر,Lakhdaria,الأخضرية,10,36.4732903,3.4459708
333,10025,Ain El Hadjar,عين الحجر,Ain Bessem,عين بسام,10,36.3598252,3.7160585
334,10026,Djebahia,الجباحية,Kadiria,القادرية,10,36.4603324,3.6520932
335,10027,Aghbalou,أغبالو,M'chedallah,مشد الله,10,36.4259787,4.2679284
336,10028,Taguedit,تاڨديت,Bordj Okhriss,برج أوخريص,10,35.9534858,3.7969676
337,10029,Ain Turk,عين الترك,Bouira,البويرة,10,36.4049144,3.7447465
338,10030,Saharidj,الصهاريج,M'chedallah,مشد الله,10,36.4310532,4.1825268
339,10031,Dechmia,الدشمية,Sour El Ghozlane,سور الغزلان,10,36.1366443,3.5034345
340,10032,Ridane,ريدان,Sour El Ghozlane,سور الغزلان,10,36.0701573,3.399751
341,10033,Bechloul,بشلول,Bechloul,بشلول,10,36.3745093,3.9607305
342,10034,Boukram,بوكرام,Lakhdaria,الأخضرية,10,36.5178782,3.2987712
343,10035,Ain Bessam,عين بسام,Ain Bessem,عين بسام,10,36.3364461,3.5562554
344,10036,Bir Ghbalou,بئر غبالو,Bir Ghbalou,بئر غبالو,10,36.268461,3.5073827
345,10037,Mchedallah,مشدا الله,M'chedallah,مشد الله,10,36.3633061,4.1871831
346,10038,Sour El Ghozlane,سور الغزلان,Sour El Ghozlane,سور الغزلان,10,36.1694764,3.55647
347,10039,Maamora,المعمورة,Sour El Ghozlane,سور الغزلان,10,35.9979399,3.525493
348,10040,Ouled Rached,أولاد راشد,Bechloul,بشلول,10,36.2020432,3.9321509
349,10041,Ain Laloui,عين العلوي,Ain Bessem,عين بسام,10,36.3067411,3.6860828
350,10042,Hadjera Zerga,الحجرة الزرقاء,Bordj Okhriss,برج أوخريص,10,35.9465348,3.6906234
351,10043,Ath Mansour,آث منصور,M'chedallah,مشد الله,10,36.2991769,4.2484448
352,10044,El Mokrani,المقراني,Souk El Khemis,سوق الخميس,10,36.4249768,3.5341619
353,10045,Oued El Berdi,وادى البردي,El Hachimia,الهاشمية,10,36.257285,3.8546965
354,11001,Tamanghasset,تمنراست,Tamanrasset,تمنراست,11,22.2707733,4.5540574
355,11002,Abalessa,أبلسة,Silet,سيلت,11,21.984742,2.2077874
356,53003,In Ghar,عـيـن غــار,In Ghar,إينغر,53,27.1037909,1.8904637
357,54004,In Guezzam,عين قزام,In Guezzam,عين قزام,54,20.3875487,4.7892187
358,11005,Idles,إدلس,Tazrouk,تاظروك,11,23.8174829,5.9250425
359,11006,Tazouk,تاظروك,Tazrouk,تاظروك,11,23.4241274,6.2425195
360,11007,Tinzaouatine,تين زاوتين,Tin Zouatine,تين زواتين,54,20.4281421,2.0907022
361,53008,In Salah,عين صالح,In Salah,عين صالح,53,27.1955358,2.4666218
362,11009,In Amguel,ان أمقل,Tamanrasset,تمنراست,11,24.9098562,1.2189579
363,53010,Foggaret Ezzaouia,فقارة الزوى,In Salah,عين صالح,53,27.3604139,2.8384638
364,12001,Tebessa,تبسة,Tebessa,تبسة,12,35.4117209,8.0755254
365,62002,Bir El Ater,بئر العاتر,Bir El Ater,بئر العاتر,62,34.7546133,8.0234307
366,12003,Cheria,الــشــريــعـة,Cheria,الشريعة,12,35.267904,7.7355765
367,12004,Stah Guentis,سطح قنطيس,El Ogla,العقلة,12,34.9951892,7.2928362
368,12005,El Aouinet,العوينات,El Aouinet,العوينات,12,35.8685842,7.8693435
369,12006,Lahouidjbet,الحويجبات,,,12,35.292789,8.274572
370,12007,Safsaf El Ouesra,صفصاف الوسرة,Oum Ali,أم علي,12,34.9570976,8.1988049
371,12008,Hammamet,الحمامات,Bir Mokadem,بئر مقدم,12,35.4519226,7.923867
372,62009,Negrine,نقرين,Negrine,نقرين,62,34.485828,7.5028466
373,12010,Bir El Mokadem,بــئــر مــقـدم,Bir Mokadem,بئر مقدم,12,35.3704867,7.8005075
374,12011,El Kouif,الكويف,El Kouif,الكويف,12,35.499565,8.3115219
375,12012,Morsott,مرسط,Morsott,مرسط,12,35.6694643,8.0015659
376,62013,El Ogla,العقلة,El Ogla,العقلة,62,35.1833322,7.4579122
377,12014,Bir Dheb,بٔير الذھب,Morsott,مرسط,12,35.4117259,8.110545
378,12015,El Ogla,العقلة,El Ogla,العقلة,12,35.1833322,7.4579122
379,12016,Gorriguer,قوريقر,,,12,35.1833322,7.4579122
380,12017,Bekkaria,بكارية,El Kouif,الكويف,12,35.3666661,8.2412452
381,12018,Boukhadra,بوخضرة,El Aouinet,العوينات,12,35.7490236,8.0267572
382,12019,Ouenza,الونزة,Ouenza,الونزة,12,35.9421139,8.1088536
383,12020,El Ma El Biodh,الماء الأبيض,El Malabiod,الماء الابيض,12,35.2066339,8.1509541
384,12021,Oum Ali,أم على,Oum Ali,أم علي,12,35.0115532,8.2926392
385,12022,Tlidjene,ثليجان,,,12,35.1184512,7.7597808
386,12023,Ain Zerga,عين الزرقاء,Ouenza,الونزة,12,35.6333322,8.2579122
387,12024,El Meridj,المريج,Ouenza,الونزة,12,35.7935581,8.2175374
388,12025,Boulhaf Dyr,بولحاف الدير,El Kouif,الكويف,12,35.4117259,8.110545
389,12026,Bedjene,بجن,El Ogla,العقلة,12,35.3487094,7.469641
390,12027,El Mazeraa,المزرعة,El Ogla,العقلة,12,35.4117259,8.110545
391,62028,Ferkane,فـــــــركـــــان,Negrine,نقرين,62,34.557943,7.3995494
392,13001,Tlemcen,تلمسان,Tlemcen,تلمسان,13,34.8959491,-1.3501175
393,13002,Beni Mester,بني مستار,Mansourah,منصورة,13,34.8639575,-1.4356042
394,13003,Ain Tallout,عين تالوت,,,13,34.9238688,-0.9667326
395,13004,Remchi,الرمشي,Remchi,الرمشي,13,35.0550485,-1.4635847
396,13005,El Fehoul,الفحول,Remchi,الرمشي,13,35.1166788,-1.2970948
397,13006,Sabra,صبرة,Sabra,صبرة,13,34.8255654,-1.5368414
398,13007,Ghazaouet,الغزوات,Ghazaouet,الغزوات,13,35.0934337,-1.8720748
399,13008,Souani,السواني,Bab El Assa,باب العسة,13,34.9184687,-1.92235
400,13009,Djebala,جبالة,Nedroma,ندرومة,13,34.9775481,-1.8940714
401,63010,El Gor,الغور,Sebdou,سبدو,63,34.6356392,-1.1625071
402,13011,Oued Chouly,وادى الشولى,Honnaine,هنين,13,34.8666661,-1.1420878
403,13012,Ain Fezza,عين فزّة,Chetouane,شتوان,13,34.8794264,-1.2421418
404,13013,Ouled Mimoun,أولاد ميمون,Ouled Mimoun,أولاد ميمون,13,34.9018053,-1.0442162
405,13014,Amieur,عمير,Chetouane,شتوان,13,34.8959541,-1.3150979
406,13015,Ain Youcef,عين يوسف,Remchi,الرمشي,13,35.048443,-1.3841379
407,13016,Zenata,زناتة,Hennaya,الحناية,13,34.9849042,-1.4760198
408,13017,Beni Snous,بنى سنوس,Beni Snous,بني سنوس,13,34.6593315,-1.5615608
409,13018,Bab El Assa,باب العسة,Bab El Assa,باب العسة,13,34.9654779,-2.0399109
410,13019,Dar Yaghmouracene,دار يغمراسن,,,13,34.8959541,-1.3150979
411,13020,Fellaoucene,فلاوسن,Fellaoucene,فلاوسن,13,35.013723,-1.6538313
412,13021,Azails,العزايل,,,13,34.8959541,-1.3150979
413,13022,Sebbaa Chioukh,سبعة شيوخ,Remchi,الرمشي,13,35.1563716,-1.3705445
414,13023,Terni Beni Hediel,تيرني بني هديل,,,13,34.7966361,-1.3623785
415,13024,Bensekrane,بن سكران,Bensekrane,بن سكران,13,35.0745555,-1.2362705
416,13025,Ain Nehala,عين نحالة,Ain Tellout,عين تالوت,13,35.0273782,-0.9359407
417,13026,Hennaya,الحناية,Hennaya,الحناية,13,34.9490231,-1.3866808
418,13027,Maghnia,مغنية,Maghnia,مغنية,13,34.8481781,-1.780215
419,13028,Hammam Boughrara,حمام بوغرارة,Maghnia,مغنية,13,34.8904539,-1.6555881
420,13029,Souahlia,تونان,Ghazaouet,الغزوات,13,35.0438386,-1.9086172
421,13030,Msirda Fouaga,مسيردة الفواقة,Marsa Ben Mehdi,مرسى بن مهيدي,13,35.0142663,-2.073219
422,13031,Ain Fetah,عين فتاح,Fellaoucene,فلاوسن,13,36.0036103,0.3170785
423,63032,El Aricha,العريشة,Sebdou,سبدو,63,34.2202108,-1.2723972
424,13033,Souk Thlata,سوق الثلاثاء,,,13,35.0194848,-2.0213987
425,13034,Sidi Abdelli,سيدي العبدلي,Bensekrane,بن سكران,13,35.0652344,-1.1432004
426,13035,Sebdou,سبدو,Sebdou,سبدو,13,34.6392357,-1.3469271
427,13036,Beni Ouarsous,برج عريمة,Remchi,الرمشي,13,35.0818832,-1.5645648
428,13037,Sidi Medjahed,سيدي مجاهد,Beni Boussaid,بني بوسعيد,13,34.77568,-1.6426706
429,13038,Beni Boussaid,بني بوسعيد,Beni Boussaid,بني بوسعيد,13,34.6490781,-1.762104
430,13039,Marsa Ben Mhidi,مرسى بن مھيدي,Marsa Ben Mehdi,مرسى بن مهيدي,13,35.0790982,-2.2135629
431,13040,Nedroma,ندرومة,Nedroma,ندرومة,13,35.0141436,-1.769829
432,13041,Sidi Djillali,سيدي الجيلالي,Sidi Djillali,سيدي الجيلالي,63,34.4459186,-1.5761732
433,13042,Beni Bahdel,بني بهدل,Beni Snous,بني سنوس,13,34.7114024,-1.5174008
434,13043,El Bouihi,البويھي,,,63,34.8959541,-1.3150979
435,13044,Honaine,هنين,,,13,35.1800515,-1.657691
436,13045,Tianet,تيانت,Ghazaouet,الغزوات,13,35.0491084,-1.8584921
437,13046,Ouled Riyah,أولاد رياح,Hennaya,الحناية,13,34.9615122,-1.5020585
438,13047,Bouhlou,بوحلو,Sabra,صبرة,13,34.7787462,-1.5850461
439,13048,Souk El Khemis,سوق الخميس,Ouled Mimoun,أولاد ميمون,13,35.1732293,-1.5607239
440,13049,Ain Ghoraba,عين غرابة,Mansourah,منصورة,13,34.7147251,-1.4039435
441,13050,Chetouane,شتوان,Chetouane,شتوان,13,34.9175348,-1.3164927
442,13051,Mansourah,المنصورة,Mansourah,منصورة,13,34.8704299,-1.389299
443,13052,Beni Semiel,بني مستار,,,13,34.8639575,-1.4356042
444,13053,Ain Kebira,عين الكبيرة,Fellaoucene,فلاوسن,13,35.0317001,-1.686101
445,14001,Tiaret,تيارت,Tiaret,تيارت,14,35.3599696,1.3215754
446,14002,Medroussa,مدروسة,Medroussa,مدروسة,14,35.1752197,1.1979175
447,14003,Ain Bouchekif,بوشقيف,Dahmouni,دحموني,14,35.3543704,1.5036248
448,14004,Sidi Ali Mellal,سيدي علي ملال,Oued Lili,وادي ليلي,14,35.5635054,1.2199974
449,14005,Ain Zarit,عين زاريت,Mahdia,مهدية,14,35.351973,1.6572618
450,14006,Ain Deheb,عين الذهب,Ain Deheb,عين الذهب,14,34.847125,1.530876
451,14007,Sidi Bakhti,سيدي بختي,Medroussa,مدروسة,14,35.2393277,0.9755382
452,14008,Medrissa,مدريسة,Ain Kermes,عين كرمس,14,34.8949768,1.2315845
453,14009,Zmalet El Emir Aek,زمالة الأمير عبد القادر,,,64,34.899755,2.279362
454,14010,Madna,مادنة,Ain Kermes,عين كرمس,14,35.3599899,1.3916159
455,14011,Sebt,السبت,Meghila,مغيلة,14,35.3599899,1.3916159
456,14012,Mellakou,ملاكو,Medroussa,مدروسة,14,35.2514714,1.2272501
457,14013,Dahmouni,دحموني,Dahmouni,دحموني,14,35.4166137,1.4674473
458,14014,Rahouia,رحوية,Rahouia,رحوية,14,35.5308956,1.0130642
459,14015,Mahdia,المھدية,Mahdia,مهدية,14,35.4312648,1.7415474
460,14016,Sougueur,سوقر,Sougueur,السوقر,14,35.1812014,1.4648287
461,64017,Sidi Abdelghani,سيدي عبد الغنى,,,14,35.2355935,1.6199474
462,14018,Ain El Hadid,عين الحديد,Frenda,فرندة,14,35.0604573,0.8713103
463,14019,Ouled Djerad,اولاد جراد,Ain Kermes,عين كرمس,14,35.3599899,1.3916159
464,14020,Naima,نعيمة,Ain Deheb,عين الذهب,14,35.092594,1.4729726
465,14021,Meghila,مغيلة,Meghila,مغيلة,14,35.3633423,1.3249683
466,14022,Guertoufa,قرطوفة,Rahouia,رحوية,14,35.3929502,1.246283
467,14023,Sidi Hosni,سيدي حسني,Meghila,مغيلة,14,35.4697136,1.5114355
468,14024,Djillali Ben Amar,جيلالي بن عمار,Mechraa Sfa,مشرع الصفا,14,35.4442917,0.8475566
469,14025,Sebaine,سبعين,Mahdia,مهدية,14,35.4574363,1.5985322
470,14026,Tousnina,توسنينة,Sougueur,السوقر,14,35.1140017,1.2658846
471,14027,Frenda,فرندة,Frenda,فرندة,14,35.0625636,1.0403751
472,14028,Ain Kermes,عين كرمس,Ain Kermes,عين كرمس,14,34.9297691,1.00103
473,64029,Ksar Chellala,قصر الشلالة,Ksar Chellala,قصر الشلالة,64,35.2197113,2.3002837
474,64030,Rechaiga,الرشايقة,Hamadia,حمادية,64,35.4099423,1.9612956
475,14031,Nadorah,ملاكو,Mahdia,مهدية,14,35.2514714,1.2272501
476,14032,Tagdemt,تاقدمت,,,14,35.3354988,1.2243641
477,14033,Oued Lilli,وادى ليلى,Oued Lili,وادي ليلي,14,35.5119281,1.2582952
478,14034,Mechraa Safa,مشرع الصفاء,Mechraa Sfa,مشرع الصفا,14,35.3599899,1.3916159
479,64035,Hamadia,الحمادية,Hamadia,حمادية,64,35.4612984,1.8652296
480,14036,Chehaima,شحيمة,Ain Deheb,عين الذهب,14,34.897482,1.2948222
481,14037,Takhemaret,تاخمرت,Frenda,فرندة,14,35.1048114,0.6649302
482,14038,Sidi Abderrahmane,سيدي عبدالرحمان,Ain Kermes,عين كرمس,14,34.7996374,1.1235237
483,64039,Serghine,سرغين,Ksar Chellala,قصر الشلالة,64,35.2557642,2.4738335
484,64040,Bougara,بوقرة,Hamadia,حمادية,64,35.5542945,1.9566606
485,14041,Faidja,الفايجة,Sougueur,السوقر,14,35.3599899,1.3916159
486,14042,Tidda,تيدة,Oued Lili,وادي ليلي,14,35.583236,1.263181
487,15001,Tizi Ouzou,تيزي وزو,Tizi Ouzou,تيزي وزو,15,36.7001863,4.0059166
488,15002,Ain El Hammam,عين الحمام,Ain El Hammam,عين الحمام,15,36.5725501,4.246757
489,15003,Akbil,أقبيل,Ain El Hammam,عين الحمام,15,36.5045347,4.2789395
490,15004,Freha,فريحة,Azazga,عزازقة,15,36.7609641,4.1820964
491,15005,Souamaa,صوامع,Mekla,مقلع,15,36.6699749,4.2847082
492,15006,Mechtrass,مشطراس,Boghni,بوغني,15,36.5543756,3.9810203
493,15007,Irdjen,إرجن,Larbaa Nath Iraten,الأربعاء ناث إيراثن,15,36.6675039,4.1060517
494,15008,Timizart,تيميزارت,Ouaguenoun,واقنون,15,36.7971206,4.1694482
495,15009,Makouda,ماكودة,Makouda,ماكودة,15,36.7937385,4.0162747
496,15010,Draa El Mizan,ذراع الميزان,Draa El Mizan,ذراع الميزان,15,36.5470073,3.7377549
497,15011,Tizi Ghenif,تيزي غنيف,Tizi-Ghenif,تيزي غنيف,15,36.5902982,3.7422175
498,15012,Bounouh,بونوح,Boghni,بوغني,15,36.4936137,3.9005751
499,15013,Ait Chaffaa,آيت شفعة,Azeffoun,أزفون,15,36.8274474,4.4618199
500,15014,Frikat,فريقات,Draa El Mizan,ذراع الميزان,15,36.4984125,3.8441856
501,15015,Beni Aissi,بني عيسي,Beni Douala,بني دوالة,15,36.6547723,4.0545452
502,15016,Beni Zmenzer,أيت زمنزر,Beni Douala,بني دوالة,15,36.6377976,4.0034
503,15017,Iferhounene,إيفرحونن,Iferhounene,إفرحونان,15,36.5212265,4.3082031
504,15018,Azazga,عزازقة,Azazga,عزازقة,15,36.7422819,4.3001578
505,15019,Iloula Oumalou,إيلولة أمالو,Bouzeguene,بوزقن,15,36.5648402,4.3743839
506,15020,Yakouren,اعكورن,Azazga,عزازقة,15,36.7370677,4.3947111
507,15021,Larba Nait Irathen,الأربعاء نايت إيراثن,Larbaa Nath Iraten,الأربعاء ناث إيراثن,15,36.6369786,4.1448706
508,15022,Tizi Rached,تيزي راشد,Tizi Rached,تيزي راشد,15,36.6869348,4.1508398
509,15023,Zekri,زكري,Azazga,عزازقة,15,36.7845712,4.5092844
510,15024,Ouaguenoun,واقنون,Ouaguenoun,واقنون,15,36.75758,4.1374033
511,15025,Ain Zaouia,عين الزاوية,Draa El Mizan,ذراع الميزان,15,36.576394,3.8364146
512,15026,Mkira,مكيرة,Tizi-Ghenif,تيزي غنيف,15,36.6308053,3.7426895
513,15027,Ait Yahia,أيت يحي,Ain El Hammam,عين الحمام,15,36.5983865,4.2844951
514,15028,Ait Mahmoud,أيت محمود,Beni Douala,بني دوالة,15,36.6099011,4.0829223
515,15029,Maatka,المعاتقة,Maatkas,معاتقة,15,36.6103742,3.9321607
516,15030,Ait Boumehdi,آيت بومھدى,Ouacif,واسيف,15,36.4881938,4.1571444
517,15031,Abi Youcef,أبي يوسف,Ain El Hammam,عين الحمام,15,36.524679,4.3011139
518,15032,Beni Douala,بني دوالة,Beni Douala,بني دوالة,15,36.6234865,4.0457361
519,15033,Illilten,إليلتن,Iferhounene,إفرحونان,15,36.5107269,4.3705193
520,15034,Bouzguen,بوزقن,Bouzeguene,بوزقن,15,36.6175618,4.4228207
521,15035,Ait Aggouacha,أيت أقواشة,Larbaa Nath Iraten,الأربعاء ناث إيراثن,15,36.6198894,4.2120707
522,15036,Ouadhia,واضية,Ouadhias,واضية,15,36.5677265,4.0785704
523,15037,Azzefoun,أزفون,Azeffoun,أزفون,15,36.8702256,4.3178818
524,15038,Tigzirt,تقزيرت,Tigzirt,تيقزيرت,15,36.8639518,4.1020626
525,15039,Ait Aissa Mimoun,آيت عيسى ميمون,Ouaguenoun,واقنون,15,36.7514348,4.0819593
526,15040,Boghni,بوغني,Boghni,بوغني,15,36.5145938,3.9000151
527,15041,Ifigha,ايفيغاء,Azazga,عزازقة,15,36.6655524,4.3826971
528,15042,Ait Oumalou,آيت أومالو,Tizi Rached,تيزي راشد,15,36.6546349,4.1929358
529,15043,Tirmitine,ترمتين,Draa Ben Khedda,ذراع بن خدة,15,36.6686122,3.9267051
530,15044,Akerrou,أقرو,Azeffoun,أزفون,15,36.8097183,4.4087242
531,15045,Yatafen,يطافن,Benni Yenni,بني يني,15,36.5076873,4.2052774
532,15046,Beni Ziki,بنى زيكى,Bouzeguene,بوزقن,15,36.5577577,4.4700776
533,15047,Draa Ben Khedda,ذراع بن خدة,Draa Ben Khedda,ذراع بن خدة,15,36.7218395,3.9216358
534,15048,Ouacif,واسيف,Ouacif,واسيف,15,36.518106,4.1780763
535,15049,Idjeur,آجر,Bouzeguene,بوزقن,15,36.6731533,4.4981712
536,15050,Mekla,مقلع,Mekla,مقلع,15,36.6754811,4.1969679
537,15051,Tizi Nthlata,تيزي نثلاثة,Ouadhias,واضية,15,36.5614012,4.0110525
538,15052,Beni Yenni,بني يني,Benni Yenni,بني يني,15,36.5780655,4.1617148
539,15053,Aghrib,أغريب,Azeffoun,أزفون,15,36.8198487,4.2726598
540,15054,Iflissen,إفليسن,Tigzirt,تيقزيرت,15,36.8728441,4.1818421
541,15055,Boudjima,بوجيمة,Makouda,ماكودة,15,36.8046355,4.1193574
542,15056,Ait Yahia Moussa,أيت يحي موسى,Draa El Mizan,ذراع الميزان,15,36.6423405,3.8041329
543,15057,Souk El Thenine,سوق الإثنين,Maatkas,معاتقة,15,36.6035414,3.9314975
544,15058,Ait Khelil,أيت خليلي,Mekla,مقلع,15,36.6760946,4.2387675
545,15059,Sidi Naamane,سيدي نعمان,Draa Ben Khedda,ذراع بن خدة,15,36.7771939,3.9208277
546,15060,Iboudraren,أبودرارن,Benni Yenni,بني يني,15,36.5115392,4.1786226
547,15061,Agouni Gueghrane,آقنى قغران,Ouadhias,واضية,15,36.5042565,4.0879622
548,15062,Mizrana,مزرانة,Tigzirt,تيقزيرت,15,36.8631777,4.0352004
549,15063,Imsouhal,إمسوحال,Iferhounene,إفرحونان,15,36.5781164,4.3630843
550,15064,Tadmait,تادمايت,Draa Ben Khedda,ذراع بن خدة,15,36.7209434,3.8253437
551,15065,Ait Bouadou,أيت بوعدو,Ouadhias,واضية,15,36.5074837,4.0215722
552,15066,Assi Youcef,أسي يوسف,Boghni,بوغني,15,36.5028276,3.9916789
553,15067,Ait Toudert,أيت تودرت,Ouacif,واسيف,15,36.5308324,4.1318418
554,16001,Alger Centre,الجزائر الوسطى,Sidi M'hamed,سيدي امحمد,16,36.7681618,3.0404258
555,16002,Sidi Mhamed,سيدي امحمد,Sidi M'hamed,سيدي امحمد,16,36.759285,3.0467857
556,16003,El Madania,المدنية,Sidi M'hamed,سيدي امحمد,16,36.7422816,3.0604942
557,16004,Belouizdad,بلوزداد,Hussein Dey,حسين داي,16,36.7504548,3.0639145
558,16005,Bab El Oued,باب الواد,Bab El Oued,باب الوادي,16,36.7917802,3.0445432
559,16006,Bologhine,بولوغين,Bab El Oued,باب الوادي,16,36.8039256,3.0296193
560,16007,Casbah,القصبة,Bab El Oued,باب الوادي,16,36.7847303,3.0504945
561,16008,Oued Koriche,وادي قريش,Bab El Oued,باب الوادي,16,36.7850295,3.0243678
562,16009,Bir Mourad Rais,بير مراد رايس,Bir Mourad Rais,بئر مراد رايس,16,36.730271,3.0257462
563,16010,El Biar,الآبيار,Bouzareah,بوزريعة,16,36.7671977,3.0119382
564,16011,Bouzareah,بوزريعة,Bouzareah,بوزريعة,16,36.7891132,2.9938601
565,16012,Birkhadem,بئر خادم,Bir Mourad Rais,بئر مراد رايس,16,36.7146375,3.0311349
566,16013,El Harrach,الحراش,El Harrach,الحراش,16,36.7120702,3.1217531
567,16014,Baraki,براقي,Baraki,براقي,16,36.6701186,3.0635219
568,16015,Oued Smar,وادي سمار,El Harrach,الحراش,16,36.7098628,3.1596368
569,16016,Bourouba,بوروبة,El Harrach,الحراش,16,36.7166963,3.0955372
570,16017,Hussein Dey,حسين داي,Hussein Dey,حسين داي,16,36.7402922,3.0914013
571,16018,Kouba,القبة,Hussein Dey,حسين داي,16,36.7241467,3.0598317
572,16019,Bachedjerah,باش جراح,El Harrach,الحراش,16,36.723121,3.0940781
573,16020,Dar El Beida,الدار البيضاء,Dar El Beida,الدار البيضاء,16,36.7024372,3.1766575
574,16021,Bab Azzouar,باب الزوار,Dar El Beida,الدار البيضاء,16,36.7228311,3.1689279
575,16022,Ben Aknoun,بن عكنون,Bouzareah,بوزريعة,16,36.7571759,2.9946244
576,16023,Dely Ibrahim,دالي ابراهيم,Cheraga,الشراقة,16,36.7567281,2.962446
577,16024,El Hammamet,الحمامات,Cheraga,الشراقة,16,36.8024015,2.9559659
578,16025,Rais Hamidou,الرايس حميدو,Bab El Oued,باب الوادي,16,36.8077359,2.9921434
579,16026,Djasr Kasentina,جسر قسنطينة,Bir Mourad Rais,بئر مراد رايس,16,36.6927735,3.0610977
580,16027,El Mouradia,المرادية,Sidi M'hamed,سيدي امحمد,16,36.7490236,3.0384439
581,16028,Hydra,حيدرة,Bir Mourad Rais,بئر مراد رايس,16,36.7407683,3.0079149
582,16029,Mohammadia,المحمدية,Dar El Beida,الدار البيضاء,16,36.7353224,3.1359743
583,16030,Bordj El Kiffan,برج الكيفان,Dar El Beida,الدار البيضاء,16,36.7533604,3.1868338
584,16031,El Magharia,المقرية,Hussein Dey,حسين داي,16,36.7305475,3.1026854
585,16032,Beni Messous,بني مسوس,Bouzareah,بوزريعة,16,36.7844574,2.9591524
586,16033,Les Eucalyptus,الكليتوس,Baraki,براقي,16,36.668168,3.1306093
587,16034,Birtouta,بئر توتة,Birtouta,بئر توتة,16,36.6424589,2.9745906
588,16035,Tassala El Merdja,تسالة المرجة,Birtouta,بئر توتة,16,36.6277781,2.8848547
589,16036,Ouled Chebel,أولاد الشبل,Birtouta,بئر توتة,16,36.6082831,2.9737753
590,16037,Sidi Moussa,سيدي موسى,Baraki,براقي,16,36.6162931,3.0682748
591,16038,Ain Taya,عين طاية,Dar El Beida,الدار البيضاء,16,36.7880614,3.2742797
592,16039,Bordj El Bahri,برج البحري,Dar El Beida,الدار البيضاء,16,36.7880016,3.2321689
593,16040,Marsa,المرسى,Dar El Beida,الدار البيضاء,16,36.8081013,3.2263432
594,16041,Haraoua,هراوة,Rouiba,الرويبة,16,36.7726194,3.3006834
595,16042,Rouiba,رويبة,Rouiba,الرويبة,16,36.7375877,3.2491683
596,16043,Reghaia,الرغاية,Rouiba,الرويبة,16,36.7538466,3.312152
597,16044,Ain Benian,عين بنيان,Cheraga,الشراقة,16,36.7941279,2.9099606
598,16045,Staoueli,سطاوالي,Zeralda,زرالدة,16,36.7426531,2.8372776
599,16046,Zeralda,زرالدة,Zeralda,زرالدة,16,36.6995503,2.8049892
600,16047,Mahelma,محالمة,Zeralda,زرالدة,16,36.6721514,2.8158789
601,16048,Rahmania,رحمانية,Zeralda,زرالدة,16,36.6805606,2.8805201
602,16049,Souidania,سويدانية,Zeralda,زرالدة,16,36.7112067,2.8684395
603,16050,Cheraga,شراقة,Cheraga,الشراقة,16,36.7596098,2.8933198
604,16051,Ouled Fayet,أولاد فايت,Cheraga,الشراقة,16,36.725135,2.9078787
605,16052,El Achour,العاشور,Draria,الدرارية,16,36.7269712,2.9530471
606,16053,Draria,درارية,Draria,الدرارية,16,36.7132847,2.9677778
607,16054,Douera,دويرة,Draria,الدرارية,16,36.6681547,2.8979868
608,16055,Baba Hassen,بابا حسن,Draria,الدرارية,16,36.6959627,2.9591094
609,16056,Khracia,خرايسية,Draria,الدرارية,16,36.6691421,2.9639691
610,16057,Saoula,السحاولة,Bir Mourad Rais,بئر مراد رايس,16,36.6866758,3.0056614
611,17001,Djelfa,الجلفة,Djelfa,الجلفة,17,34.6741226,3.2504381
612,17002,Moudjebara,مجبرة,Ain El Ibel,عين الإبل,17,34.5040006,3.4597278
613,17003,El Guedid,القديد,Charef,الشارف,17,34.646898,2.6057338
614,17004,Hassi Bahbah,حاسي بحبح,Hassi Bahbah,حاسي بحبح,17,35.0764297,2.9959141
615,17005,Ain Maabed,عين معبد,Hassi Bahbah,حاسي بحبح,17,34.8059782,3.1152247
616,66006,Sed Rahal,سد رحال,Messaad,مسعد,66,33.9518497,3.2188654
617,17007,Feidh El Botma,فيض البطمة,Faidh El Botma,فيض البطمة,66,34.5303577,3.7719368
618,65008,Birine,البيرين,Birine,بيرين,65,35.6315904,3.2060765
619,17009,Bouira Lahdeb,بويرة الأحداب,Had Sahary,حد الصحاري,65,35.2444181,3.1338179
620,17010,Zaccar,زكار,Ain El Ibel,عين الإبل,17,34.4305669,3.3213472
621,17011,El Khemis,الخميس,Sidi Laadjel,سيدي لعجال,65,35.2876616,2.5915396
622,17012,Sidi Baizid,سيدي بايزيد,Dar Chioukh,دار الشيوخ,17,35.0582537,3.425889
623,17013,M'Liliha,المليليحة,Dar Chioukh,دار الشيوخ,17,34.7546461,3.4761
624,17014,El Idrissia,الإدريسية,El Idrissia,الادريسية,17,34.4515826,2.5095583
625,17015,Douis,الدويس,El Idrissia,الادريسية,17,34.3739232,2.6978792
626,17016,Hassi El Euch,حاسي العش,Hassi Bahbah,حاسي بحبح,17,35.1540377,3.2426298
627,66017,Messaad,مسعد,Messaad,مسعد,66,34.1658932,3.4682458
628,17018,Guettara,قتارة,Messaad,مسعد,66,33.1614178,4.6788776
629,65019,Sidi Ladjel,سيدي لعجال,,,65,35.4433626,2.4941109
630,65020,Had Sahary,حد الصحاري,Had Sahary,حد الصحاري,65,35.3538344,3.3463044
631,65021,Guernini,القرنيني,Ain Oussera,عين وسارة,65,35.2001485,2.6780462
632,66022,Selmana,سلمانة,Messaad,مسعد,66,34.1762848,3.5904298
633,17023,Ain Chouhada,عين الشهداء,El Idrissia,الادريسية,17,34.2421928,2.510569
634,17024,Oum Laadham,ام العظام,Faidh El Botma,فيض البطمة,66,33.7195744,4.5251226
635,17025,Dar Chouikh,دار الشيوخ,Dar Chioukh,دار الشيوخ,17,34.8946674,3.4691904
636,17026,Charef,الشارف,Charef,الشارف,17,34.619593,2.792244
637,17027,Beni Yacoub,بن يعقوب,,,17,34.4666662,2.7745782
638,17028,Zaafrane,الزعفران,Hassi Bahbah,حاسي بحبح,17,34.8540509,2.8442416
639,66029,Deldoul,دلدول,Messaad,مسعد,66,34.6672467,3.2993118
640,17030,Ain El Ibel,عين الابل,Ain El Ibel,عين الإبل,17,34.3539985,3.2157325
641,65031,Ain Oussera,عين وسارة,Ain Oussera,عين وسارة,65,35.4466401,2.8711647
642,65032,Benhar,بنهار,Birine,بيرين,65,35.4848362,3.0055036
643,65033,Hassi Fedoul,حاسي فدول,Sidi Laadjel,سيدي لعجال,65,35.4392023,2.1992396
644,17034,Amourah,عمورة,Faidh El Botma,فيض البطمة,66,34.3553852,3.8660287
645,65035,Ain Fekka,عين افقة,Had Sahary,حد الصحاري,65,35.429667,3.4118023
646,17036,Tadmit,تعضميت,,,17,34.2833322,2.9745782
647,18001,Jijel,جيجل,Jijel,جيجل,18,36.7962663,5.715465
648,18002,Erraguene,إراڨن,Ziamah Mansouriah,زيامة منصورية,18,36.7962714,5.7504845
649,18003,El Aouana,العوانة,El Aouana,العوانة,18,36.7383739,5.5575774
650,18004,Ziamma Mansouriah,زيامة منصورية,Ziamah Mansouriah,زيامة منصورية,18,36.6501629,5.4284118
651,18005,Taher,الطاهير,Taher,الطاهير,18,36.7775912,5.8348749
652,18006,Emir Abdelkader,الامير عبد القادر,Taher,الطاهير,18,36.7557894,5.778586
653,18007,Chekfa,الشقفة,Chekfa,الشقفة,18,36.7728541,5.9468436
654,18008,Chahna,الشحنة,Taher,الطاهير,18,36.6772642,5.9446441
655,18009,El Milia,الميلية,El Milia,الميلية,18,36.7469209,6.2451046
656,18010,Sidi Maarouf,سيدي معروف,Sidi Marouf,سيدي معروف,18,36.6373452,6.2617134
657,18011,Settara,السطارة,Settara,السطارة,18,36.7183649,6.324544
658,18012,El Ancer,العنصر,El Ancer,العنصر,18,36.7982581,6.1523866
659,18013,Sidi Abdelaziz,سيدي عبد العزيز,Chekfa,الشقفة,18,36.8535179,6.0439396
660,18014,Kaous,قاوس,Texenna,تاكسنة,18,36.7590016,5.7313651
661,18015,Ghebala,غبالة,Settara,السطارة,18,36.6290636,6.3831317
662,18016,Bouraoui Belhadef,بوراوي بلهادف,El Ancer,العنصر,18,36.6979904,6.0968648
663,18017,Djmila,جيملة,Djimla,جيملة,18,36.5827122,5.8287487
664,18018,Selma Benziada,سلمى بن زيادة,El Aouana,العوانة,18,36.6505425,5.5628345
665,18019,Boussif Ouled Askeur,أولاد عسكر,Taher,الطاهير,18,36.6455063,6.0109806
666,18020,El Kennar Nouchfi,القنار,Chekfa,الشقفة,18,36.8243495,5.9558128
667,18021,Ouled Yahia Khadrouch,اولاد يحيى,El Milia,الميلية,18,36.7223204,6.1822341
668,18022,Boudria Beni Yadjis,بودريعة بن ياجيس,Djimla,جيملة,18,36.5902781,5.6954215
669,18023,Kemir Oued Adjoul,بني بلعيد,El Ancer,العنصر,18,36.8774044,6.1179255
670,18024,Texena,تاكسنة,Texenna,تاكسنة,18,36.6702895,5.6987689
671,18025,Djemaa Beni Habibi,الجمعة بني حبيبي,El Ancer,العنصر,18,36.809857,6.1050402
672,18026,Bordj T'her,برج الطهر,Chekfa,الشقفة,18,36.7484784,6.0248638
673,18027,Ouled Rabah,ولاد رابح,Sidi Marouf,سيدي معروف,18,36.5974059,6.1619139
674,18028,Ouadjana,وجانة,Taher,الطاهير,18,36.675,5.8128487
675,19001,Setif,سطيف,Setif,سطيف,19,36.1904969,5.350173
676,19002,Ain El Kebira,عين الكبيرة,Ain El Kebira,عين الكبيرة,19,36.3773932,5.4503964
677,19003,Beni Aziz,بني عزيز,Beni Aziz,بني عزيز,19,36.4732335,5.5735848
678,19004,Ouled Sidi Ahmed,أولاد سي أحمد,Ain Oulmene,عين ولمان,19,35.907478,5.1083824
679,19005,Boutaleb,بوطالب,Salah Bey,صالح باي,19,35.6858444,5.1806519
680,19006,Ain Roua,عين الروى,Bougaa,بوقاعة,19,36.3210122,5.1291535
681,19007,Draa Kebila,ذراع قبيلة,Hammam Guergour,حمام قرقور,19,36.4219572,4.9356912
682,19008,Bir El Arch,بئر العرش,Bir El Arch,بئر العرش,19,36.1012237,5.7440447
683,19009,Beni Chebana,بني شبانة,Beni Ourtilane,بني ورتيلان,19,36.4681034,4.8420284
684,19010,Ouled Tebben,أولاد تبــان,Salah Bey,صالح باي,19,35.787273,5.0449536
685,19011,Hamma,حــامة,Salah Bey,صالح باي,19,35.6877227,5.31252
686,19012,Maaouia,معـاويـة,Beni Aziz,بني عزيز,19,36.3748054,5.6401895
687,19013,Ain Legraj,عين لڨراج,Beni Ourtilane,بني ورتيلان,19,36.4102318,4.7998641
688,19014,Ain Abessa,عين عباسـة,Ain Arnat,عين أرنات,19,36.3045155,5.1522342
689,19015,Dehamcha,الدهامشة,Ain El Kebira,عين الكبيرة,19,36.3786819,5.5425141
690,19016,Babor,بابور,Babor,بابور,19,36.5019013,5.3674976
691,19017,Guidjel,قجــال,Guidjel,قجال,19,36.0807516,5.4235957
692,19018,Ain Lahdjar,عين لحجـر,Ain Azel,عين أزال,19,35.960213,5.4198543
693,19019,Bousselam,بوسلام,Bouandas,بوعنداس,19,36.4937736,4.9369786
694,19020,El Eulma,العلمة,El Eulma,العلمة,19,36.1657394,5.620148
695,19021,Djemila,جميلـة,Djemila,جميلة,19,36.3469977,5.6877397
696,19022,Beni Ouartilane,بني ورتيلان,Beni Ourtilane,بني ورتيلان,19,36.4307623,4.7427652
697,19023,Rosfa,الرصفة,Salah Bey,صالح باي,19,35.7790515,5.182669
698,19024,Ouled Addouane,أولاد عدوان,Ain El Kebira,عين الكبيرة,19,36.3363273,5.4260439
699,19025,Belaa,البلاعة,Bir El Arch,بئر العرش,19,36.2217494,5.7975172
700,19026,Ain Arnat,عين أرنـات,Ain Arnat,عين أرنات,19,36.1756548,5.173013
701,19027,Amoucha,عموشة,Amoucha,عموشة,19,36.3748316,5.3447173
702,19028,Ain Oulmane,عين ولمان,Ain Oulmene,عين ولمان,19,35.9239262,5.2415487
703,19029,Beidha Bordj,بيضاء برج,Ain Azel,عين أزال,19,35.8379281,5.5996773
704,19030,Bouandas,بوعنداس,Bouandas,بوعنداس,19,36.5042094,5.0698679
705,19031,Bazer Sakhra,بازر الصخرة,El Eulma,العلمة,19,36.0795448,5.6140969
706,19032,Hammam Essokhna,حمــام السخنة,Hammam Sokhna,حمام السخنة,19,35.9499435,5.6908217
707,19033,Mezloug,مزلوق,Ain Arnat,عين أرنات,19,36.1050372,5.2373002
708,19034,Bir Haddada,بئر حدادة,Ain Azel,عين أزال,19,35.9625421,5.3953788
709,19035,Serdj El Ghoul,سرج الغول,Babor,بابور,19,36.475214,5.5168507
710,19036,Harbil,حربيل,Guenzet,قنزات,19,36.3471017,4.8497854
711,19037,El Ouricia,الأورسية,Ain Arnat,عين أرنات,19,36.2706726,5.3148483
712,19038,Tizi Nbechar,تيزي نبشار,Amoucha,عموشة,19,36.4317298,5.2875111
713,19039,Salah Bey,صـالح باي,Salah Bey,صالح باي,19,35.8237361,5.2648518
714,19040,Ain Azal,عين أزال,Ain Azel,عين أزال,19,35.8195556,5.4648373
715,19041,Guenzet,ڨنزات,Guenzet,قنزات,19,36.3357504,4.7548888
716,19042,Talaifacene,تالة إيفاسن,Maoklane,ماوكلان,19,35.9637883,5.6440518
717,19043,Bougaa,بوقاعـة,Bougaa,بوقاعة,19,36.3394384,5.0449321
718,19044,Beni Fouda,بني فودة,Djemila,جميلة,19,36.2770368,5.4987834
719,19045,Tachouda,تاشودة,Bir El Arch,بئر العرش,19,36.2670155,5.6616471
720,19046,Beni Mouhli,إيث موحلي,Beni Ourtilane,بني ورتيلان,19,36.5137668,4.858188
721,19047,Ouled Sabor,أولاد صـابر,Guidjel,قجال,19,36.180991,5.4739354
722,19048,Guellal,قلال,Ain Oulmene,عين ولمان,19,36.036461,5.2209924
723,19049,Ain Sebt,عين السبت,Beni Aziz,بني عزيز,19,36.4924439,5.649352
724,19050,Hammam Guergour,حمام قرقور,Hammam Guergour,حمام قرقور,19,36.3463283,4.932553
725,19051,Ait Naoual Mezada,آيت نوال مزادة,Bouandas,بوعنداس,19,36.5453859,5.0547929
726,19052,Ksar El Abtal,قصرالأبطال,Ain Oulmene,عين ولمان,19,35.9761631,5.1490233
727,19053,Beni Hocine,بني حسين,Bougaa,بوقاعة,19,36.2590992,5.0521419
728,19054,Ait Tizi,آيت تيزي,Bouandas,بوعنداس,19,36.5360367,5.1052087
729,19055,Maouklane,موكلان,Maoklane,ماوكلان,19,36.4012018,5.0266852
730,19056,Guelta Zerka,القلتة الزرقاء,El Eulma,العلمة,19,36.2047344,5.6012867
731,19057,Oued El Barad,واد البارد,Amoucha,عموشة,19,36.4982198,5.3679794
732,19058,Taya,طاية,Hammam Sokhna,حمام السخنة,19,35.9253339,5.8147183
733,19059,El Ouldja,الولجـة,Bir El Arch,بئر العرش,19,36.0876231,5.8494875
734,19060,Tella,التلة,Hammam Sokhna,حمام السخنة,19,35.9637883,5.6440518
735,20001,Saida,سعيدة,Saida,سعيدة,20,34.84194,0.1133388
736,20002,Doui Thabet,دوى ثابت,Youb,يوب,20,34.8926538,-0.0842
737,20003,Ain El Hadjar,عين الحجر,Ain El Hadjar,عين الحجر,20,34.7609324,0.1333378
738,20004,Ouled Khaled,أولاد خالد,Sidi Boubekeur,سيدي بوبكر,20,34.841945,0.1483583
739,20005,Moulay Larbi,موالي العربي,Ain El Hadjar,عين الحجر,20,34.6487428,0.0046133
740,20006,Youb,يوب,Youb,يوب,20,34.9207469,-0.2177601
741,20007,Hounet,هونت,Sidi Boubekeur,سيدي بوبكر,20,35.1193494,-0.1492344
742,20008,Sidi Amar,يدي عمر,Sidi Boubekeur,سيدي بوبكر,20,35.0264293,0.1049602
743,20009,Sidi Boubekeur,سيدي بوبكر,Sidi Boubekeur,سيدي بوبكر,20,35.0307334,0.0453185
744,20010,El Hassasna,حساسنة,El Hassasna,الحساسنة,20,34.8248463,0.3121231
745,20011,Maamora,معمورة,El Hassasna,الحساسنة,20,34.68074,0.4905867
746,20012,Sidi Ahmed,سيدي أحمد,Ain El Hadjar,عين الحجر,20,34.5499905,0.2527392
747,20013,Ain Sekhouna,العين السخونة,El Hassasna,الحساسنة,20,34.5044436,0.8354119
748,20014,Ouled Brahim,أولاد ابراھيم,Ouled Brahim,أولاد ابراهيم,20,34.986248,0.4696722
749,20015,Tircine,تيرسين,Ouled Brahim,أولاد ابراهيم,20,34.9016504,0.549488
750,20016,Ain Soltane,عين السلطان,Ouled Brahim,أولاد ابراهيم,20,34.9675528,0.3012402
751,21001,Skikda,سكيكدة,Skikda,سكيكدة,21,36.8777706,6.86568
752,21002,Ain Zouit,عين زويت,El Hadaiek,الحدائق,21,36.8887165,6.7802703
753,21003,El Hadaik,الحدايق,El Hadaiek,الحدائق,21,36.8244178,6.878085
754,21004,Azzaba,عزابة,Azzaba,عزابة,21,36.7430777,7.0997212
755,21005,Djendel,جندل,Azzaba,عزابة,21,36.7814565,7.1617769
756,21006,Ain Cherchar,عين شرشار,Azzaba,عزابة,21,36.7329798,7.2109578
757,21007,Bekkouche Lakhdar,بكوش لخضر,Ben Azzouz,بن عزوز,21,36.7011643,7.2953939
758,21008,Ben Azzouz,بن عزوز,Ben Azzouz,بن عزوز,21,36.8648574,7.2885273
759,21009,Es Sebt,السبت,Azzaba,عزابة,21,36.659999,7.0612452
760,21010,Collo,القل,Collo,القل,21,37.0006567,6.537659
761,21011,Beni Zid,بنى زيد,Collo,القل,21,36.8166662,6.4912452
762,21012,Kerkera,كركرة,Tamalous,تمالوس,21,36.9297905,6.5761113
763,21013,Ouled Attia,أولاد عطية,Ouled Attia,أولاد عطية,21,35.5368952,2.1427722
764,21014,Oued Zehour,وادي الزهور,Ouled Attia,أولاد عطية,21,36.922037,6.3040281
765,21015,Zitouna,الزيتونة,Zitouna,الزيتونة,21,36.9888779,6.4497961
766,21016,El Harrouch,الحروش,El Harrouch,الحروش,21,36.6547652,6.8234108
767,21017,Zerdazas,زردازة,El Harrouch,الحروش,21,36.8777912,6.9357204
768,21018,Ouled Hebaba,أولاد حبابة,El Harrouch,الحروش,21,36.8777912,6.9357204
769,21019,Sidi Mezghiche,سيدي مزغيش,Sidi Mezghiche,سيدي مزغيش,21,36.6779093,6.7110264
770,21020,Emdjez Edchich,مجاز الدشيش,El Harrouch,الحروش,21,36.7047297,6.7961489
771,21021,Beni Oulbane,بني والبان,Sidi Mezghiche,سيدي مزغيش,21,36.6282861,6.6174172
772,21022,Ain Bouziane,عين بوزيان,Sidi Mezghiche,سيدي مزغيش,21,36.6036397,6.6793845
773,21023,Ramdane Djamel,رمضان جمال,Ramdane Djamel,رمضان جمال,21,36.7585337,6.8745445
774,21024,Beni Bachir,بني بشير,Ramdane Djamel,رمضان جمال,21,36.7833322,6.9245782
775,21025,Salah Bouchaour,صالح بوالشعور,El Harrouch,الحروش,21,36.6997005,6.8379484
776,21026,Tamalous,تمالوس,Tamalous,تمالوس,21,36.8366625,6.6275453
777,21027,Ain Kechra,عين قشرة,Ain Kechra,عين قشرة,21,36.745039,6.423676
778,21028,Oum Toub,أم الطوب,Oum Toub,أم الطوب,21,36.6889452,6.5584944
779,21029,Bein El Ouiden,بين الويدان,Tamalous,تمالوس,21,36.8057424,6.5480875
780,21030,Filfila,فلفلة,Skikda,سكيكدة,21,36.8880361,7.0082877
781,21031,Cheraia,الشرايع,Collo,القل,21,37.0030051,6.4972247
782,21032,Kanoua,قنواع,Zitouna,الزيتونة,21,37.0381362,6.4001584
783,21033,El Ghedir,الغدير,Azzaba,عزابة,21,36.6870219,6.9730998
784,21034,Bouchtata,بوشطاطة,El Hadaiek,الحدائق,21,36.7833322,6.7912452
785,21035,Ouldja Boulbalout,الولجة بو البلوط,Ain Kechra,عين قشرة,21,36.73896,6.344292
786,21036,Kheneg Mayoum,خنق مايوم,Ouled Attia,أولاد عطية,21,36.8777912,6.9357204
787,21037,Hamadi Krouma,حمادي كرومة,Skikda,سكيكدة,21,36.8471689,6.9208716
788,21038,El Marsa,المرسى,Ben Azzouz,بن عزوز,21,37.0091437,7.116813
789,22001,Sidi Bel Abbes,سيدي بلعباس,Sidi Bel Abbes,سيدي بلعباس,22,35.2063139,-0.7001772
790,22002,Tessala,تسالة,Tessala,تسالة,22,35.2714294,-0.8558205
791,22003,Sidi Brahim,سيدي ابراهيم,Ain El Berd,عين البرد,22,35.2591019,-0.5991847
792,22004,Mostefa Ben Brahim,مصطفى بن ابراهيم,Mostefa  Ben Brahim,مصطفى بن ابراهيم,22,35.1721396,-0.4142215
793,22005,Telagh,تلاغ,Telagh,تلاغ,22,34.8036693,-0.6044224
794,22006,Mezaourou,مزاورو,Telagh,تلاغ,22,34.834391,-0.795146
795,22007,Boukhanafis,بوخنفيس,Sidi Ali Ben Youb,سيدي علي بن يوب,22,35.046047,-0.7594111
796,22008,Sidi Ali Boussidi,سيدي علي بوسيدي,Sidi Ali Boussidi,سيدي علي بوسيدي,22,35.1040625,-0.8716112
797,22009,Badredine El Mokrani,بدر الدين المقراني,Ben Badis,بن باديس,22,35.0098106,-0.8547677
798,22010,Marhoum,مرحوم,Marhoum,مرحوم,22,34.4457418,-0.2038049
799,22011,Tafissour,تفسور,Merine,مرين,22,34.6926458,-0.2074045
800,22012,Amarnas,العمارنة,Sidi Lahcene,سيدي لحسن,22,35.0999604,-0.6567147
801,22013,Tilmouni,تلموني,Mostefa  Ben Brahim,مصطفى بن ابراهيم,22,35.1832214,-0.5905178
802,22014,Sidi Lahcene,سيدي لحسن,Sidi Lahcene,سيدي لحسن,22,35.1925854,-0.8112957
803,22015,Ain Thrid,عين التريد,Tessala,تسالة,22,35.284671,-0.6782448
804,22016,Makedra,مكدرة,Ain El Berd,عين البرد,22,35.4412149,-0.4348398
805,22017,Tenira,تنيرة,Tenira,تنيرة,22,35.0063927,-0.5771282
806,22018,Moulay Slissen,مولاي سليسن,Moulay Slissen,مولاي سليسن,22,34.821448,-0.769794
807,22019,El Hacaiba,الحصيبة,Moulay Slissen,مولاي سليسن,22,34.699542,-0.7694292
808,22020,Hassi Zehana,حاسي زهانة,Ben Badis,بن باديس,22,35.0251892,-0.8964662
809,22021,Tabia,طابية,Sidi Ali Ben Youb,سيدي علي بن يوب,22,35.0181729,-0.7786567
810,22022,Merine,مرين,Merine,مرين,22,34.7805884,-0.4548597
811,22023,Ras El Ma,رأس الماء,Ras El Ma,راس الماء,22,34.5039368,-0.8212282
812,22024,Ain Tindamine,عين تندامين,Moulay Slissen,مولاي سليسن,22,34.6890805,-0.7245612
813,22025,Ain Kada,عين قادة,Sidi Ali Boussidi,سيدي علي بوسيدي,22,35.1368876,-0.8607745
814,22026,Mcid,مسيد,Sfisef,سفيزف,22,35.139035,-0.2525651
815,22027,Sidi Khaled,سيدي خالد,Sidi Lahcene,سيدي لحسن,22,35.1200723,-0.7417066
816,22028,Ain El Berd,عين البرد,Ain El Berd,عين البرد,22,35.3828523,-0.5661419
817,22029,Sfissef,سفيزف,Sfisef,سفيزف,22,35.2442317,-0.3162029
818,22030,Ain Adden,عين عدان,Sfisef,سفيزف,22,35.330304,-0.2660537
819,22031,Oued Taourira,واد تاوريرة,Merine,مرين,22,34.8024792,-0.3307029
820,22032,Dhaya,الظاية,Telagh,تلاغ,22,34.6752163,-0.6322849
821,22033,Zerouala,زروالة,Mostefa  Ben Brahim,مصطفى بن ابراهيم,22,35.2429835,-0.5271103
822,22034,Lamtar,لمطار,Sidi Ali Boussidi,سيدي علي بوسيدي,22,35.0592826,-0.8357771
823,22035,Sidi Chaib,سيدي شعيب,Marhoum,مرحوم,22,34.5927664,-0.555625
824,22036,Sidi Dahou,سيدي دحو,Sidi Ali Boussidi,سيدي علي بوسيدي,22,35.1171744,-0.9150603
825,22037,Oued Sbaa,واد السبع,Ras El Ma,راس الماء,22,34.5903826,-0.717178
826,22038,Boudjebaa El Bordj,بوجبهة البرج,Sfisef,سفيزف,22,35.3519121,-0.3280353
827,22039,Sehala Thaoura,سهالة الثورة,Tessala,تسالة,22,35.2240535,-0.929592
828,22040,Sidi Yacoub,سيدي يعقوب,Sidi Lahcene,سيدي لحسن,22,35.1557033,-0.8069145
829,22041,Sidi Hamadouche,سيدي حمادوش,Ain El Berd,عين البرد,22,35.3114849,-0.5885866
830,22042,Belarbi,بلعربي,Mostefa  Ben Brahim,مصطفى بن ابراهيم,22,35.1309933,-0.5169609
831,22043,Oued Sefioun,واد سفيون,Tenira,تنيرة,22,35.0664471,-0.3616477
832,22044,Teghalimet,تغاليمت,Telagh,تلاغ,22,34.8852137,-0.563019
833,22045,Ben Badis,ابن باديس,Ben Badis,بن باديس,22,34.92614,-0.9757259
834,22046,Sidi Ali Benyoub,سيدي علي بن يوب,Sidi Ali Ben Youb,سيدي علي بن يوب,22,34.9488777,-0.794194
835,22047,Chetouane Belaila,شطوان بلايلة,Ben Badis,بن باديس,22,34.950063,-0.8453465
836,22048,Bir El Hammam,بئر الحمام,Marhoum,مرحوم,22,34.4187435,-0.5031502
837,22049,Taoudmout,تاودموت,Merine,مرين,22,34.5881382,-0.1211071
838,22050,Redjem Demouche,رجم دموش,Ras El Ma,راس الماء,22,34.4269826,-0.8185673
839,22051,Benachiba Chelia,بن عشيبة شلية,Tenira,تنيرة,22,34.9637049,-0.6169817
840,22052,Hassi Dahou,حاسي دحو,Tenira,تنيرة,22,35.108878,-0.5963542
841,23001,Annaba,عنابة,Annaba,عنابة,23,36.9184139,7.6752351
842,23002,Berrahel,برحال,Berrahal,برحال,23,36.8106093,7.4170564
843,23003,El Hadjar,الحجار,El Hadjar,الحجار,23,36.7742133,7.6264832
844,23004,Eulma,العلمة,Ain El Berda,عين الباردة,23,36.7095806,7.3636267
845,23005,El Bouni,البوني,El Bouni,البوني,23,36.8404084,7.6381562
846,23006,Oued El Aneb,وادي العنب,Berrahal,برحال,23,36.936216,7.4220268
847,23007,Cheurfa,الشرفة,Ain El Berda,عين الباردة,23,36.721776,7.5026509
848,23008,Seraidi,سرايدي,Annaba,عنابة,23,36.9465799,7.5518106
849,23009,Ain Berda,عين الباردة,Ain El Berda,عين الباردة,23,36.6718947,7.5182507
850,23010,Chetaibi,شطايبي,Chetaibi,شطايبي,23,37.0130857,7.3259042
851,23011,Sidi Amer,سيدي عمار,El Hadjar,الحجار,23,36.8079881,7.5912068
852,23012,Treat,التريعات,Berrahal,برحال,23,36.933511,7.3342297
853,24001,Guelma,قالمة,Guelma,قالمة,24,36.4569037,7.3984116
854,24002,Nechmaya,نشماية,Guelaat Bousbaa,قلعة بوصبع,24,36.611178,7.5036084
855,24003,Bouati Mahmoud,بوعاتي محمود,Heliopolis,هيليوبوليس,24,36.5895674,7.3207353
856,24004,Oued Zenati,وادي الزناتي,Oued Zenati,وادي الزناتي,24,36.3153995,7.1469496
857,24005,Tamlouka,تاملوكة,Ain Makhlouf,عين مخلوف,24,36.1569512,7.1315431
858,24006,Oued Fragha,وادي فراغة,Bouchegouf,بوشقوف,24,36.5567569,7.7080895
859,24007,Ain Sandel,عين صندل,Khezaras,خزارة,24,36.2432261,7.5088549
860,24008,Ras El Agba,راس العقبة,Ain Hessainia,عين حساينية,24,36.3734915,7.2205067
861,24009,Dahouara,الدهوارة,Hammam N'bails,حمام النبايل,24,36.3509675,7.728399
862,24010,Belkhir,بلخير,Guelaat Bousbaa,قلعة بوصبع,24,36.4607299,7.4686431
863,24011,Ben Djarah,بن جراح,Guelma,قالمة,24,36.4323579,7.3656034
864,24012,Bou Hamdane,بوحمدان,Hammam Debagh,حمام دباغ,24,36.4607875,7.0672535
865,24013,Ain Makhlouf,عين مخلوف,Ain Makhlouf,عين مخلوف,24,36.2433466,7.2423719
866,24014,Ain Ben Beida,عين بن بيضاء,Bouchegouf,بوشقوف,24,36.6166662,7.6912452
867,24015,Khezara,خزارة,Khezaras,خزارة,24,36.3706489,7.5256133
868,24016,Beni Mezline,بني مزلين,Guelaat Bousbaa,قلعة بوصبع,24,36.4813374,7.5999319
869,24017,Bou Hachana,بوحشانة,Khezaras,خزارة,24,36.3062461,7.5039195
870,24018,Guelaat Bou Sbaa,قلعة بوصبع,Guelaat Bousbaa,قلعة بوصبع,24,36.5487411,7.4658322
871,24019,Hammam Maskhoutine,حمام مسخوطين,Hammam Debagh,حمام دباغ,24,36.4599991,7.2612452
872,24020,El Fedjoudj,الفجوج,Heliopolis,هيليوبوليس,24,36.5092883,7.3712466
873,24021,Bordj Sabat,برج صباط,Oued Zenati,وادي الزناتي,24,36.4020468,7.038288
874,24022,Hamman Nbail,حمام النبايل,Hammam N'bails,حمام النبايل,24,36.3240283,7.6336956
875,24023,Ain Larbi,عين العربى,Ain Makhlouf,عين مخلوف,24,36.4569088,7.4334312
876,24024,Medjez Amar,مجاز عمار,Ain Hessainia,عين حساينية,24,36.4453028,7.3073994
877,24025,Bouchegouf,بوشقوف,Bouchegouf,بوشقوف,24,36.4698174,7.7139471
878,24026,Heliopolis,ھيليوبوليس,Heliopolis,هيليوبوليس,24,36.5051137,7.4183462
879,24027,Houari Boumediene,هواري بومدين,Ain Hessainia,عين حساينية,24,36.4170552,7.2737237
880,24028,Roknia,الركنية,Hammam Debagh,حمام دباغ,24,36.5448453,7.2242832
881,24029,Salaoua Announa,سلاوة عنونة,Ain Hessainia,عين حساينية,24,36.3864653,7.2468782
882,24030,Medjez Sfa,مجاز الصفاء,Bouchegouf,بوشقوف,24,36.4343861,7.7743936
883,24031,Boumahra Ahmed,بومهرة أحمد,Guelaat Bousbaa,قلعة بوصبع,24,36.4588487,7.5044774
884,24032,Ain Reggada,عين رقادة,Oued Zenati,وادي الزناتي,24,36.2606161,7.0637584
885,24033,Oued Cheham,وادي الشحم,Hammam N'bails,حمام النبايل,24,36.3814206,7.75918
886,24034,Djeballah Khemissi,جبالة لخميسي,Guelaat Bousbaa,قلعة بوصبع,24,36.4642865,7.5646019
887,25001,Constantine,قسنطينة,Constantine,قسنطينة,25,36.3539041,6.5073908
888,25002,Hamma Bouziane,حامة بوزيان,Hamma Bouziane,حامة بوزيان,25,36.4279139,6.4871452
889,25003,Ibn Badis,إبن باديس,Ain Abid,عين عبيد,25,36.3480237,6.7097178
890,25004,Zighoud Youcef,زيغود يوسف,Zighoud Youcef,زيغود يوسف,25,36.5297763,6.5941469
891,25005,Didouche Mourad,ديدوش مراد,Hamma Bouziane,حامة بوزيان,25,36.4639526,6.5927385
892,25006,El Khroub,الخروب,El Khroub,الخروب,25,36.2838625,6.5156439
893,25007,Ain Abid,عين عبيد,Ain Abid,عين عبيد,25,36.2465349,6.7979518
894,25008,Beni Hamiden,بني حميدان,Zighoud Youcef,زيغود يوسف,25,36.5203461,6.4731762
895,25009,Ouled Rahmoune,أولاد رحمون,El Khroub,الخروب,25,36.1816075,6.5482917
896,25010,Ain Smara,عين سمارة,El Khroub,الخروب,25,36.2946549,6.4221713
897,25011,Mesaoud Boudjeriou,مسعود بوجريو,Ibn Ziad,ابن زياد,25,36.4463789,6.3586781
898,25012,Ibn Ziad,ابن زياد,Ibn Ziad,ابن زياد,25,36.3691447,6.3523267
899,26001,Medea,المدية,Medea,المدية,26,36.2838204,2.7028058
900,26002,Ouzera,وزرة,Ouzera,وزرة,26,36.2615351,2.8073906
901,26003,Ouled Maaref,أولاد معرف,,,67,35.7948583,2.9102508
902,26004,Ain Boucif,عين بوسيف,Ain Boucif,عين بوسيف,67,35.8347645,3.0031194
903,26005,Aissaouia,العيساوية,Tablat,تابلاط,26,36.4109256,3.1566785
904,26006,Ouled Deide,أولاد دايد,,,26,36.1013316,2.9097357
905,67007,El Omaria,العمارية,El Omaria,العمارية,26,36.3025098,2.9355786
906,26008,Derrag,دراڨ,Aziz,عزيز,67,35.8431534,2.2165241
907,26009,El Guelbelkebir,القلب الكبير,Guelb El Kebir,القلب الكبير,26,36.2477512,3.3416865
908,26010,Bouaiche,بوعيش,Chahbounia,الشهبونية,67,35.6097793,2.1731367
909,26011,Mezerena,مزغنة,,,26,36.3467956,3.2758115
910,26012,Ouled Brahim,أولاد إبراهيم,El Omaria,العمارية,26,36.2195223,2.8815053
911,26013,Tizi Mahdi,تيزي المهدي,Ouzera,وزرة,26,36.2131052,2.7286213
912,26014,Sidi Ziane,سيدي زيان,Souaghi,السواقي,26,36.0275429,3.1710122
913,26015,Tamesguida,تمزڨيدة,Medea,المدية,26,36.3206865,2.6122974
914,26016,El Hamdania,الحمدانية,Ouzera,وزرة,26,36.3465239,2.7878641
915,26017,Kef Lakhdar,الكاف الأخضر,Ain Boucif,عين بوسيف,67,35.9218925,3.1958172
916,26018,Chelalet El Adhaoura,شلالة العذاورة,Chellalat El Adhaoura,شلالة العذاورة,67,35.9605086,3.3358071
917,26019,Bouskene,بوسكن,Beni Slimane,بني سليمان,26,36.1950571,3.1348775
918,26020,Rebaia,الربعية,Berrouaghia,البرواقية,26,36.0223957,3.0759976
919,26021,Bouchrahil,بوشراحيل,Sidi Naamane,سيدي نعمان,26,36.2735556,3.1350492
920,26022,Ouled Hellal,أولاد هلال,Ouled Antar,أولاد عنتر,67,36.0034964,2.3924341
921,26023,Tafraout,تافراوت,Chellalat El Adhaoura,شلالة العذاورة,67,35.9953336,3.2743524
922,26024,Baata,بعطة,El Omaria,العمارية,26,36.3720772,3.059561
923,26025,Boghar,بوغار,Ouled Antar,أولاد عنتر,67,35.9371699,2.6326821
924,26026,Sidi Naamane,سيدي نعمان,Sidi Naamane,سيدي نعمان,26,36.2654589,3.0135987
925,26027,Ouled Bouachra,أولاد بوعشرة,Si Mahdjoub,سي المحجوب,26,36.0987018,2.6346133
926,26028,Sidi Zahar,سيدي زهار,Souaghi,السواقي,26,36.0709876,3.2656834
927,26029,Oued Harbil,وادي حربيل,Ouamri,عوامري,26,36.2397747,2.5734161
928,26030,Benchicao,بن شكاو,Ouzera,وزرة,26,36.1913329,2.7682088
929,26031,Sidi Damed,سيدي دامد,,,67,35.8219378,3.2306644
930,67032,Aziz,عزيز,Aziz,عزيز,67,35.7544258,2.2227155
931,26033,Souagui,السواڨي,Souaghi,السواقي,26,36.1114893,3.1635449
932,26034,Zoubiria,الزبيرية,Seghouane,سغوان,26,36.065692,2.7869199
933,67035,Ksar El Boukhari,قصر البخاري,Ksar El Boukhari,قصر البخاري,67,35.8750361,2.6861545
934,26036,El Azizia,العزيزية,El Azizia,العزيزية,26,36.3151797,3.4549421
935,26037,Djouab,جواب,Souaghi,السواقي,26,36.1117003,3.3535741
936,67038,Chahbounia,الشهبونية,,,67,35.5846723,2.4968901
937,26039,Meghraoua,مغراوة,,,26,36.3822217,3.4680723
938,26040,Cheniguel,شنيڨل,Chellalat El Adhaoura,شلالة العذاورة,67,35.9572465,3.4658406
939,26041,Ain Ouksir,عين القصير,Chellalat El Adhaoura,شلالة العذاورة,67,35.7760055,3.3282462
940,26042,Oum El Djalil,أم الجليل,,,67,35.8304434,2.6069329
941,26043,Ouamri,عوامري,Ouamri,عوامري,26,36.2537814,2.4798606
942,26044,Si Mahdjoub,سى المحجوب,Si Mahdjoub,سي المحجوب,26,36.1691158,2.7172917
943,26045,Tlatet Eddouair,ثلاثة الدوائر,,,26,35.9963494,2.8731719
944,26046,Beni Slimane,بني سليمان,Beni Slimane,بني سليمان,26,36.2181313,3.2412217
945,26047,Berrouaghia,البرواڨية,Berrouaghia,البرواقية,26,36.1528037,2.8436539
946,26048,Seghouane,سغوان,Seghouane,سغوان,26,35.9968593,2.8356717
947,26049,Meftaha,المفاتحة,Ksar El Boukhari,قصر البخاري,67,35.8821773,2.8140852
948,26050,Mihoub,ميهوب,El Azizia,العزيزية,26,36.3861353,3.3691094
949,26051,Boughezoul,بوغزول,,,67,35.6795297,2.6264943
950,26052,Tablat,تابلاط,Tablat,تابلاط,26,36.4231476,3.2734726
951,26053,Deux Bassins,فج الحوضين,,,26,36.4676678,3.2670586
952,26054,Draa Essamar,ذراع السمار,,,26,36.2689828,2.6257727
953,26055,Sidi Errabia,سيدي الربيع,,,26,36.282548,3.2951253
954,26056,Bir Ben Laabed,بئر بن العابد,Guelb El Kebir,القلب الكبير,26,36.1905774,3.3408711
955,26057,El Ouinet,العوينات,Ain Boucif,عين بوسيف,67,35.8638348,2.9963896
956,67058,Ouled Antar,أولاد عنتر,Ouled Antar,أولاد عنتر,67,35.9546472,2.5264159
957,26059,Bouaichoune,بوعيشون,Si Mahdjoub,سي المحجوب,26,36.1351828,2.5703691
958,26060,Hannacha,حناشة,Ouamri,عوامري,26,36.1693058,2.5216172
959,26061,Sedraia,سدراية,,,26,36.2330914,3.4389756
960,26062,Medjebar,مجبر,Seghouane,سغوان,26,35.9562974,2.7541324
961,26063,Khams Djouamaa,خمس جوامع,Sidi Naamane,سيدي نعمان,26,36.1478178,3.0538534
962,67064,Saneg,سانڨ,Ksar El Boukhari,قصر البخاري,67,35.8406053,2.760999
963,27001,Mostaganem,مستغانم,Mostaganem,مستغانم,27,35.9751637,0.0448868
964,27002,Sayada,صيادة,Kheir Eddine,خير الدين,27,35.9321147,0.0894758
965,27003,Fornaka,فرناكة,Ain Nouicy,عين نويسي,27,35.7604979,-0.0327569
966,27004,Stidia,ستيدية,Hassi Mameche,حاسي ماماش,27,35.8286516,-0.0143553
967,27005,Ain Nouissy,عين نويسي,Ain Nouicy,عين نويسي,27,35.8032737,0.0398253
968,27006,Hassi Maameche,حاسي مماش,Hassi Mameche,حاسي ماماش,27,35.8606343,0.0229141
969,27007,Ain Tadles,عين تادلس,Ain Tedeles,عين تادلس,27,35.9940136,0.2932405
970,27008,Sour,صور,Ain Tedeles,عين تادلس,27,36.0006026,0.3356516
971,27009,Oued El Kheir,واد الخير,Ain Tedeles,عين تادلس,27,35.9498792,0.3768825
972,27010,Sidi Bellater,سيدي بلعاتر,Ain Tedeles,عين تادلس,27,36.0267851,0.2672123
973,27011,Kheiredine,خير الدين,Kheir Eddine,خير الدين,27,35.9549081,0.1016209
974,27012,Sidi Ali,سيدي علي,Sidi Ali,سيدي علي,27,36.0968612,0.3972458
975,27013,Abdelmalek Ramdane,عبد المالك رمضان,Sidi Lakhdar,سيدي لخضر,27,36.1034611,0.2672312
976,27014,Hadjadj,حجاج,Sidi Lakhdar,سيدي لخضر,27,36.0963942,0.3163505
977,27015,Nekmaria,نقمارية,Achaacha,عشعاشة,27,36.1880382,0.6165754
978,27016,Sidi Lakhdar,سيدي لخضر,Sidi Lakhdar,سيدي لخضر,27,36.1633785,0.4315995
979,27017,Achaacha,عشعاشة,Achaacha,عشعاشة,27,36.2449302,0.6235599
980,27018,Khadra,خضراء,Achaacha,عشعاشة,27,36.2538598,0.5688214
981,27019,Bouguirat,بوقيراط,Bouguirat,بوقيراط,27,35.751283,0.2465079
982,27020,Sirat,سيرات,Bouguirat,بوقيراط,27,35.780582,0.183571
983,27021,Ain Sidi Cherif,عين سيدي شريف,Mesra,ماسرة,27,35.8358105,0.1163113
984,27022,Mesra,ماسرة,Mesra,ماسرة,27,35.8389326,0.1574992
985,27023,Mansourah,منصورة,Mesra,ماسرة,27,35.8432384,0.2285671
986,27024,Souaflia,سوافلية,Bouguirat,بوقيراط,27,35.8616131,0.3271866
987,27025,Ouled Boughalem,أوالد بوغالم,Achaacha,عشعاشة,27,36.3160232,0.661025
988,27026,Ouled Maallah,أولاد مع اللّه,Sidi Ali,سيدي علي,27,36.0072076,0.5870175
989,27027,Mezghrane,مزغران,Hassi Mameche,حاسي ماماش,27,35.8844492,0.0250619
990,27028,Ain Boudinar,عين بودينار,Kheir Eddine,خير الدين,27,36.0091691,0.1825405
991,27029,Tazgait,تزقايت,Sidi Ali,سيدي علي,27,36.0944945,0.5438018
992,27030,Safsaf,صفصاف,Bouguirat,بوقيراط,27,35.8436642,0.3698229
993,27031,Touahria,طواھيرية,Mesra,ماسرة,27,35.8109224,0.2054358
994,27032,El Hassiane,الحسيان,Ain Nouicy,عين نويسي,27,35.7530845,0.1155925
995,28001,Msila,المسيلة,M'sila,المسيلة,28,35.7210664,4.3786421
996,28002,Maadid,المعاضيد,Ouled Derradj,أولاد دراج,28,35.7973219,4.6873829
997,68003,Hammam Dhalaa,حمـام الضلعة,,,28,35.9303231,4.2004576
998,28004,Ouled Derradj,أولاد دراج,Ouled Derradj,أولاد دراج,28,35.6715243,4.6290103
999,28005,Tarmount,تارمونت,Hammam Dalaa,حمام الضلعة,28,35.8174498,4.1865609
1000,28006,Mtarfa,مطارفة,Ouled Derradj,أولاد دراج,28,35.6887798,4.5064011
1001,28007,Khoubana,خبانة,Khoubana,خبانة,68,35.3114022,4.3378725
1002,28008,M'cif,مسيف,Khoubana,خبانة,68,35.315,4.5858374
1003,28009,Chellal,شلال,Chellal,شلال,28,35.5134267,4.2335024
1004,68010,Ouled Madhi,أولاد مـاضي,Chellal,شلال,28,35.524776,4.4095411
1005,68011,Magra,مقرة,Magra,مقرة,28,35.6076161,4.9762812
1006,28012,Berhoum,برهوم,Magra,مقرة,28,35.6351693,4.9263356
1007,28013,Ain Khadra,عين الخضراء,Magra,مقرة,28,35.5456141,4.8777554
1008,28014,Ouled Addi Guebala,اولاد عدي لقبالة,Ouled Derradj,أولاد دراج,28,35.676541,4.7484866
1009,68015,Belaiba,بلعايبة,Magra,مقرة,28,35.5682674,5.1394531
1010,28016,Sidi Aissa,سيدي عيسى,Sidi Aissa,سيدي عيسى,28,35.8255783,3.6556044
1011,68017,Ain El Hadjel,عين الحجل,Ain El Hadjel,عين الحجل,28,35.6184864,3.6830434
1012,28018,Sidi Hadjeres,سيدي ھجرس,Ain El Hadjel,عين الحجل,28,35.7020457,3.7978373
1013,28019,Ouanougha,ونوغة,Hammam Dalaa,حمام الضلعة,28,35.9310253,4.041585
1014,68020,Bou Saada,بوسعادة,Bousaada,بوسعادة,68,35.2131065,4.0429152
1015,68021,Ouled Sidi Brahim,أولاد سيدي ابراهيم,,,68,35.3495826,3.9983262
1016,68022,Sidi Ameur,سيدي عامر,Sidi Ameur,سيدي عامر,68,35.3659746,3.6834134
1017,68023,Tamsa,تامسة,Sidi Ameur,سيدي عامر,68,35.2027774,3.7451258
1018,68024,Ben Srour,بن سرور,Ben Srour,بن سرور,68,34.9930313,4.4258488
1019,28025,Ouled Slimane,أولاد سليمان,Ben Srour,بن سرور,68,34.9246808,4.7197332
1020,28026,El Houamed,الحوامد,Khoubana,خبانة,68,35.1664895,4.3637934
1021,28027,El Hamel,الهامل,Bousaada,بوسعادة,68,35.1212832,3.9996217
1022,28028,Ouled Mansour,أولاد منصور,Hammam Dalaa,حمام الضلعة,28,35.7319531,4.2625131
1023,68029,Maarif,المعاريف,Chellal,شلال,28,35.360452,4.1652669
1024,68030,Dehahna,الدهاهنة,Magra,مقرة,28,35.7328552,4.9668048
1025,68031,Bouti Sayah,بوطي السايح,,,28,35.6757367,3.4628716
1026,68032,Khettouti Sed Djir,خطوطي سد الجير,,,28,35.679121,4.0557899
1027,28033,Zarzour,الزرزور,Ben Srour,بن سرور,68,35.0536128,4.7163
1028,28034,Oued Chair,محمد بوضياف,,,68,34.8994154,4.3559827
1029,28035,Benzouh,بن الزوه,Ouled Sidi Brahim,أولاد سيدي ابراهيم,68,35.4561038,3.9870825
1030,28036,Bir Foda,بير الفضة,Ain El Melh,عين الملح,68,34.8183094,3.7172307
1031,28037,Ain Fares,عين فارس,Ain El Melh,عين الملح,68,34.742717,4.3576134
1032,28038,Sidi Mhamed,سيدي محمد,Ain El Melh,عين الملح,68,34.7726262,4.1440667
1033,28039,Ouled Atia,منعة,Medjedel,امجدل,68,35.1324378,3.455394
1034,28040,Souamaa,الصوامع,Ouled Derradj,أولاد دراج,28,35.5173258,4.5889058
1035,68041,Ain El Melh,عين الملح,Ain El Melh,عين الملح,68,34.7887663,4.0208139
1036,28042,Medjedel,مجدل,Medjedel,امجدل,68,35.0618873,3.3440071
1037,68043,Slim,سليم,Djebel Messaad,جبل مساعد,68,34.9545036,3.7464989
1038,68044,Ain Errich,عين الريش,,,68,34.4919894,3.8159469
1039,28045,Beni Ilmane,بنى يلمان,Sidi Aissa,سيدي عيسى,28,35.9460168,3.934125
1040,28046,Oultene,ولتام,,,68,35.1127067,4.1979763
1041,68047,Djebel Messaad,جبل مساعد,Djebel Messaad,جبل مساعد,68,34.9863778,4.0131749
1042,29001,Mascara,مـعـسـكـر,Mascara,معسكر,29,35.3185,0.1511
1043,29002,Bou Hanifia,بوحنيفية,Bouhanifia,بوحنيفية,29,35.2512,-0.0494
1044,29003,Tizi,تيزي,Tizi,تيزي,29,35.2512,0.0714
1045,29004,Hacine,حسين,Bouhanifia,بوحنيفية,29,35.3969,-0.0055
1046,29005,Maoussa,ماوسة,Ghriss,غريس,29,35.314,0.2472
1047,29006,Teghennif,تيغنيف,Tighennif,تيغنيف,29,35.3521,0.3323
1048,29007,El Hachem,الهاشم,Hachem,الحشم,29,35.3028,0.4834
1049,29008,Sidi Kada,سيدي قادة,Tighennif,تيغنيف,29,35.2692,0.3488
1050,29009,Zelmata,زلماطة,Hachem,الحشم,29,35.2266,0.4752
1051,29010,Oued El Abtal,واد الأبطال,Oued El Abtal,وادي الأبطال,29,35.3924,0.6894
1052,29011,Ain Ferah,عين فراح,Oued El Abtal,وادي الأبطال,29,35.3162,0.7828
1053,29012,Ghriss,غريس,Ghriss,غريس,29,35.1839,0.162
1054,29013,Froha,فروحة,Tizi,تيزي,29,35.24,0.1263
1055,29014,Matemore,مطمور,Ghriss,غريس,29,35.2624,0.2142
1056,29015,Makdha,ماقضة,Ghriss,غريس,29,35.1076,0.2966
1057,29016,Sidi Boussaid,سيدي بوسعيد,Ghriss,غريس,29,35.2266,0.2966
1058,29017,El Bordj,البرج,El Bordj,البرج,29,35.4528,0.3021
1059,29018,Ain Fekan,عين فكان,Ain Fekan,عين فكان,29,35.1615,-0.0027
1060,29019,Benian,بنيان,Aouf,عوف,29,35.0356,0.2307
1061,29020,Khalouia,خلوية,El Bordj,البرج,29,35.3991,0.2966
1062,29021,El Menaouer,المناور,El Bordj,البرج,29,35.4797,0.4037
1063,29022,Oued Taria,واد التاغية,Oued Taria,وادي التاغية,29,35.0514,0.0879
1064,29023,Aouf,عوف,Aouf,عوف,29,35.0334,0.3571
1065,29024,Ain Fares,عين فارس,Ain Fares,عين فارس,29,35.417,0.2444
1066,29025,Ain Frass,عين فراس,Ain Fekan,عين فكان,29,35.1255,-0.1511
1067,29026,Sig,سيڨ,Sig,سيق,29,35.4685,-0.184
1068,29027,Oggaz,عقاز,Oggaz,عقاز,29,35.502,-0.2664
1069,29028,Alaimia,العلايمية,Oggaz,عقاز,29,35.6115,-0.2197
1070,29029,El Gaada,القعدة,Zahana,زهانة,29,35.4685,-0.184
1071,29030,Zahana,زھانة,Zahana,زهانة,29,35.4551,-0.412
1072,29031,Mohammadia,المحمدية,Mohammadia,المحمدية,29,35.5266,0.0687
1073,29032,Sidi Abdelmoumene,سيدي عبد المومن,Mohammadia,المحمدية,29,35.5713,0.0522
1074,29033,Ferraguig,فرقيق,Mohammadia,المحمدية,29,35.4685,0.1538
1075,29034,El Ghomri,الغمري,Mohammadia,المحمدية,29,35.6205,0.2005
1076,29035,Sedjerara,سجرارة,Mohammadia,المحمدية,29,35.6138,0.3433
1077,29036,Moctadouz,مقطع الدوز,Mohammadia,المحمدية,29,35.5356,-0.0494
1078,29037,Bou Henni,بوهني,Sig,سيق,29,35.4976,-0.0851
1079,29038,Guettena,القيطنة,Bouhanifia,بوحنيفية,29,35.3207,-0.2032
1080,29039,El Mamounia,المامونية,Ain Fares,عين فارس,29,35.3611,0.1401
1081,29040,El Keurt,الكرط,Tizi,تيزي,29,35.3162,0.0906
1082,29041,Gharrous,غروس,Aouf,عوف,29,35.1323,0.401
1083,29042,Gherdjoum,ڤرجوم,Oued Taria,وادي التاغية,29,35.1143,0.0714
1084,29043,Chorfa,الشرفة,Sig,سيق,29,35.3678,-0.2444
1085,29044,Ras Ain Amirouche,رأس العين عميروش,Oggaz,عقاز,29,35.5289,-0.2115
1086,29045,Nesmot,نسموط,Hachem,الحشم,29,35.1862,0.3845
1087,29046,Sidi Abdeldjebar,سيدي عبد الجبار,Oued El Abtal,وادي الأبطال,29,35.379,0.5246
1088,29047,Sehailia,سحايلية,Tighennif,تيغنيف,29,35.4484,0.3818
1089,30001,Ouargla,ورڨلة,Ouargla,ورقلة,30,31.8974,5.3421
1090,30002,Ain Beida,عين البيضاء,Sidi Khouiled,سيدي خويلد,30,31.8717,5.3888
1091,30003,Ngoussa,نقوسة,N'goussa,انقوسة,30,32.0744,5.3091
1092,30004,Hassi Messaoud,حاسي مسعود,Hassi Messaoud,حاسي مسعود,30,31.6148,6.0727
1093,30005,Rouissat,الرويسات,Ouargla,ورقلة,30,31.8694,5.3366
1094,30006,Balidat Ameur,بليدة عامر,Temacine,تماسين,55,32.8854,5.9793
1095,55007,Tebesbest,تبسبست,Touggourt,تقرت,55,33.0536,6.0809
1096,55008,Nezla,نزلة,Touggourt,تقرت,55,33.0167,6.0507
1097,55009,Zaouia El Abidia,الزاوية العابدية,Touggourt,تقرت,55,33.072,6.0809
1098,55010,Sidi Slimane,سيدي سليمان,Megarine,المقارين,55,33.2238,6.0919
1099,30011,Sidi Khouiled,سيدي خويلد,Sidi Khouiled,سيدي خويلد,30,31.9137,5.419
1100,30012,Hassi Ben Abdellah,حاسي بن عبد ﷲ,Sidi Khouiled,سيدي خويلد,30,31.9603,5.4684
1101,55013,Touggourt,توقرت,Touggourt,تقرت,55,33.0351,6.0672
1102,55014,El Hadjira,الحجيرة,El-Hadjira,الحجيرة,55,32.548,5.5124
1103,55015,Taibet,الطيبات,Taibet,الطيبات,55,33.019,6.3995
1104,55016,Tamacine,تماسين,Temacine,تماسين,55,32.9568,6.0233
1105,55017,Benaceur,بن ناصر,Taibet,الطيبات,55,33.0444,6.4407
1106,55018,Mnaguer,المنقر,Taibet,الطيبات,55,33.0467,6.405
1107,55019,Megarine,المقارين,Megarine,المقارين,55,33.1272,6.0947
1108,55020,El Allia,العالية,El-Hadjira,الحجيرة,55,32.6313,5.4245
1109,30021,El Borma,البرمة,El Borma,البرمة,30,31.5891,9.1791
1110,31001,Oran,وهران,Oran,وهران,31,35.6372,-0.6482
1111,31002,Gdyel,ڨديل,Gdyel,قديل,31,35.7175,-0.423
1112,31003,Bir El Djir,بئر الجير,Bir El Djir,بئر الجير,31,35.6729,-0.5548
1113,31004,Hassi Bounif,حاسيْ بُونِيف,Bir El Djir,بئر الجير,31,35.635,-0.4999
1114,31005,Es Senia,السانية,Es Senia,السانية,31,35.5859,-0.618
1115,31006,Arzew,أرزيو,Arzew,أرزيو,31,35.8044,-0.3214
1116,31007,Bethioua,ﺑﻃﻴﻭة,Bethioua,بطيوة,31,35.7398,-0.2609
1117,31008,Marsat El Hadjadj,مَرس ألحَجَاج,Bethioua,بطيوة,31,35.7198,-0.1675
1118,31009,Ain Turk,عيْن التُرْكْ,Ain Turk,عين الترك,31,35.6662,-0.7498
1119,31010,El Ancar,العنصر,Ain Turk,عين الترك,31,35.6216,-0.8679
1120,31011,Oued Tlelat,وادى تليلات,Oued Tlelat,وادي تليلات,31,35.4853,-0.4504
1121,31012,Tafraoui,طفراوي,Oued Tlelat,وادي تليلات,31,35.4182,-0.5273
1122,31013,Sidi Chami,سيدي الشحمي,Es Senia,السانية,31,35.5859,-0.5191
1123,31014,Boufatis,بوفاطيس,Oued Tlelat,وادي تليلات,31,35.6149,-0.412
1124,31015,Mers El Kebir,المرسى الكبير,Ain Turk,عين الترك,31,35.6751,-0.7196
1125,31016,Bousfer,بوسفر,Ain Turk,عين الترك,31,35.6461,-0.8102
1126,31017,El Karma,الكرمة,Es Senia,السانية,31,35.5479,-0.5795
1127,31018,El Braya,ألبْرَيَ,Oued Tlelat,وادي تليلات,31,35.5657,-0.5191
1128,31019,Hassi Ben Okba,حاسي بن عقبة,Bir El Djir,بئر الجير,31,35.664,-0.4669
1129,31020,Ben Freha,بن فريحة,Gdyel,قديل,31,35.6283,-0.4202
1130,31021,Hassi Mefsoukh,حاسي مفسوخ,Gdyel,قديل,31,35.7376,-0.3735
1131,31022,Sidi Ben Yabka,سيدي بن يبقى,Arzew,أرزيو,31,35.7643,-0.3955
1132,31023,Messerghin,مسرغين,Boutlelis,بوتليليس,31,35.5546,-0.7306
1133,31024,Boutlelis,بوتليليس,Boutlelis,بوتليليس,31,35.5076,-0.9009
1134,31025,Ain Kerma,عين الكرمة,Boutlelis,بوتليليس,31,35.5836,-0.975
1135,31026,Ain Biya,عين البية,Bethioua,بطيوة,31,35.751,-0.2829
1136,32001,El Bayadh,الـبـيـض,El Bayadh,البيض,32,33.6146,1.019
1137,32002,Rogassa,روقاصة,Rogassa,رقاصة,32,33.9525,0.9256
1138,32003,Stitten,ستيتين,Boualem,بوعلام,32,33.6924,1.2222
1139,32004,Brezina,بريزينة,Brezina,بريزينة,32,33.0317,1.2607
1140,32005,Ghassoul,غسول,Brezina,بريزينة,32,33.3099,1.203
1141,32006,Boualem,بوعلام,Boualem,بوعلام,32,33.6626,1.5353
1142,69007,El Abiodh Sidi Cheikh,الابيض سيدي الشيخ,,,69,32.8311,0.5383
1143,69008,Ain El Orak,عين العراك,Labiodh Sidi Cheikh,الأبيض سيدي الشيخ,69,33.3443,0.7388
1144,69009,Arbaouat,أربوات,Labiodh Sidi Cheikh,الأبيض سيدي الشيخ,69,33.0225,0.5823
1145,32010,Bougtoub,بوقطب,Bougtoub,بوقطب,32,33.9775,0.0879
1146,32011,El Kheither,الخيثر,,,32,34.0777,0.0742
1147,32012,Kef El Ahmar,الكاف الاحمر,Rogassa,رقاصة,32,33.7837,0.6317
1148,69013,Boussemghoun,بوسمغون,Boussemghoun,بوسمغون,69,32.7965,0.0192
1149,69014,Chellala,شلالة,,,69,32.9672,0.0549
1150,32015,Krakda,كراكدة,Brezina,بريزينة,32,33.2525,0.9586
1151,32016,El Bnoud,البنود,Labiodh Sidi Cheikh,الأبيض سيدي الشيخ,69,32.2453,0.2444
1152,32017,Cheguig,الشقيق,Rogassa,رقاصة,32,34.1027,1.2277
1153,32018,Sidi Ameur,سيدي عامر,Boualem,بوعلام,32,33.7015,1.4337
1154,69019,El Mehara,المھارة,Chellala,شلالة,69,33.2456,0.3653
1155,32020,Tousmouline,توسمولين,Bougtoub,بوقطب,32,33.5849,0.3076
1156,32021,Sidi Slimane,سيدي سليمان,Boualem,بوعلام,32,33.7814,1.7303
1157,32022,Sidi Tifour,سيدي طيفور,,,32,33.6512,1.6837
1158,33001,Illizi,إلـيـزي,Illizi,إيليزي,33,26.4361,8.4842
1159,56002,Djanet,جانت,Djanet,جانت,56,24.4821,9.4839
1160,33003,Debdeb,دبداب,In Amenas,إن أمناس,33,29.8978,9.4208
1161,33004,Bordj Omar Driss,برج عمر ادريس,In Amenas,إن أمناس,33,28.0793,6.817
1162,56005,Bordj El Haouasse,برج الحواس,Djanet,جانت,56,24.5146,9.451
1163,33006,In Amenas,إن أميناس,In Amenas,إن أمناس,33,27.9677,9.5663
1164,34001,Bordj Bou Arreridj,برج بوعريريج,Bordj Bou Arreridj,برج بوعريريج,34,36.0025,4.7653
1165,34002,Ras El Oued,رأس الوادي,Ras El Oued,رأس الوادي,34,35.8846,5.0372
1166,34003,Bordj Zemoura,برج زمورة,Bordj Zemmoura,برج زمورة,34,36.2288,4.856
1167,34004,Mansoura,منصورة,Mansourah,المنصورة,34,36.018,4.4604
1168,34005,El Mhir,المھير,Mansourah,المنصورة,34,36.0535,4.3835
1169,34006,Ben Daoud,بن داود,Mansourah,المنصورة,34,36.0757,4.1721
1170,34007,El Achir,العشير,Medjana,مجانة,34,36.0025,4.6335
1171,34008,Ain Taghrout,عين تاغروت,Ain Taghrout,عين تاغروت,34,36.0646,5.0757
1172,34009,Bordj Ghdir,برج غدير,Bordj Ghedir,برج الغدير,34,35.8356,4.8889
1173,34010,Sidi Embarek,سيدي مبارك,Bir Kasdali,بئر قاصد علي,34,36.0402,4.9109
1174,34011,El Hamadia,الحمادية,El Hamadia,الحمادية,34,35.9157,4.7461
1175,34012,Belimour,بليمور,Bordj Ghedir,برج الغدير,34,35.9157,4.8807
1176,34013,Medjana,مجانة,Medjana,مجانة,34,36.0669,4.6692
1177,34014,Teniet En Nasr,ثنية النصر,Medjana,مجانة,34,36.1667,4.6005
1178,34015,Djaafra,جعافرة,Djaafra,جعافرة,34,36.2288,4.6637
1179,34016,El Main,إلماين,Djaafra,جعافرة,34,36.3018,4.7488
1180,34017,Ouled Brahem,أولاد ابراھم,Ras El Oued,رأس الوادي,34,35.8067,5.0757
1181,34018,Ouled Dahmane,أولاد دحمان,Bordj Zemmoura,برج زمورة,34,36.3018,3.4662
1182,34019,Hasnaoua,حسناوة,Medjana,مجانة,34,36.0891,4.7955
1183,34020,Khelil,خليل,Bir Kasdali,بئر قاصد علي,34,36.1113,5.029
1184,34021,Taglait,تاقلعيت,Bordj Ghedir,برج الغدير,34,35.7064,4.9988
1185,34022,Ksour,القصور,El Hamadia,الحمادية,34,35.9269,4.5978
1186,34023,Ouled Sidi Brahim,آث سيذى پراهم.,Mansourah,المنصورة,34,36.1645,4.3341
1187,34024,Tafreg,تفرڨ,Djaafra,جعافرة,34,36.2531,4.7324
1188,34025,Colla,القلة,Djaafra,جعافرة,34,36.1977,4.6609
1189,34026,Tixter,تقصطر,Ain Taghrout,عين تاغروت,34,35.9825,5.0812
1190,34027,El Ach,العش,El Hamadia,الحمادية,34,35.8846,4.6829
1191,34028,El Anseur,العناصر,Bordj Ghedir,برج الغدير,34,36.1357,4.4907
1192,34029,Tesmart,تسمارت,Bordj Zemmoura,برج زمورة,34,36.2044,4.823
1193,34030,Ain Tesra,عين تسرة,Ras El Oued,رأس الوادي,34,35.9713,5.0015
1194,34031,Bir Kasdali,بئر قصد علي,Bir Kasdali,بئر قاصد علي,34,36.0846,5.0345
1195,34032,Ghilassa,غيلاسة,Bordj Ghedir,برج الغدير,34,35.8067,4.9054
1196,34033,Rabta,الرابطة,El Hamadia,الحمادية,34,35.8579,4.7488
1197,34034,Haraza,الحرازة,Mansourah,المنصورة,34,36.0913,4.2242
1198,35001,Boumerdes,بومرداس,Boumerdes,بومرداس,35,36.7048,3.4662
1199,35002,Boudouaou,بودواو,Boudouaou,بودواو,35,36.6695,3.4058
1200,35004,Afir,أفير,Dellys,دلس,35,36.7048,3.7024
1201,35005,Bordj Menaiel,برج منايل,Bordj Menaiel,برج منايل,35,36.6783,3.7244
1202,35006,Baghlia,بغلية,Baghlia,بغلية,35,36.7532,3.8617
1203,35007,Sidi Daoud,سيدي داود,Baghlia,بغلية,35,36.7884,3.8507
1204,35008,Naciria,الناصرية,Naciria,الناصرية,35,36.6849,3.8287
1205,35009,Djinet,جنات,Bordj Menaiel,برج منايل,35,36.8148,3.7244
1206,35010,Isser,يسر,Isser,يسر,35,36.6607,3.6667
1207,35011,Zemmouri,زموري,Bordj Menaiel,برج منايل,35,36.7202,3.6008
1208,35012,Si Mustapha,سي مصطفى,Isser,يسر,35,36.6629,3.6145
1209,35013,Tidjelabine,تيجلابين,Boumerdes,بومرداس,35,36.6651,3.4964
1210,35014,Chabet El Ameur,شعبة العامر,Isser,يسر,35,36.5703,3.6996
1211,35015,Thenia,الثنية,Thenia,الثنية,35,36.6651,3.5541
1212,35018,Timezrit,تمزريت,Isser,يسر,35,36.61,3.8068
1213,35019,Corso,قورصو,Boumerdes,بومرداس,35,36.6937,3.4332
1214,35020,Ouled Moussa,أولاد موسى,Khemis El Khechna,خميس الخشنة,35,36.621,3.3673
1215,35021,Larbatache,الأربعطاش,Khemis El Khechna,خميس الخشنة,35,36.5725,3.3728
1216,35022,Bouzegza Keddara,بوزقزة قدارة,Boudouaou,بودواو,35,36.5615,3.4799
1217,35025,Taourga,تورقة,Baghlia,بغلية,35,36.7312,3.9468
1218,35026,Ouled Aissa,أولاد عيسى,Naciria,الناصرية,35,36.7444,3.815
1219,35027,Ben Choud,بن شود,Dellys,دلس,35,36.7994,3.8809
1220,35028,Dellys,دلس,Dellys,دلس,35,36.85,3.9139
1221,35029,Ammal,عمال,Thenia,الثنية,35,36.5725,3.5898
1222,35030,Beni Amrane,بنى عمران,Thenia,الثنية,35,36.6056,3.5925
1223,35031,Souk El Had,سوق الحد,Thenia,الثنية,35,36.6277,3.5898
1224,35032,Boudouaou El Bahri,بودواو البحرى,Boudouaou,بودواو,35,36.7114,3.3865
1225,35033,Ouled Hedadj,أولاد ھداج,Boudouaou,بودواو,35,36.6563,3.3508
1226,35035,Laghata,لقاطة,Bordj Menaiel,برج منايل,35,36.6871,3.6832
1227,35036,Hammedi,حمادى,Khemis El Khechna,خميس الخشنة,35,36.6144,3.2684
1228,35037,Khemis El Khechna,خميس الخشنة,Khemis El Khechna,خميس الخشنة,35,36.5858,3.3289
1229,35038,El Kharrouba,الخروبة,Boudouaou,بودواو,35,36.5946,3.4058
1230,36001,El Tarf,الطارف,El Tarf,الطارف,36,36.7048,8.3139
1231,36002,Bouhadjar,بوحجار,Bouhadjar,بوحجار,36,36.4401,8.1052
1232,36003,Ben Mhidi,بن مهيدى,Ben M'hidi,بن مهيدي,36,36.7092,7.9047
1233,36004,Bougous,بوقوس,El Tarf,الطارف,36,36.5968,8.3688
1234,36005,El Kala,القالة,El Kala,القالة,36,36.8324,8.443
1235,36006,Ain El Assel,عين العسل,El Tarf,الطارف,36,36.7246,8.3826
1236,36007,El Aioun,العيون,El Kala,القالة,36,36.8082,8.5968
1237,36008,Bouteldja,بوثلجة,Bouteldja,بوثلجة,36,36.4401,8.1052
1238,36009,Souarekh,السوارخ,El Kala,القالة,36,36.8192,8.5638
1239,36010,Berrihane,برحان,Ben M'hidi,بن مهيدي,36,36.7752,8.1244
1240,36011,Lac Des Oiseaux,بحيرة الطيور,Bouteldja,بوثلجة,36,36.7136,8.1189
1241,36012,Chefia,الشافية,Bouteldja,بوثلجة,36,36.5483,8.0392
1242,36013,Drean,الذرعان,Drean,الذرعان,36,36.621,7.7509
1243,36014,Chihani,شهانى,Drean,الذرعان,36,36.5836,7.7756
1244,36015,Chebaita Mokhtar,شبيطة مختار,Drean,الذرعان,36,36.6937,7.7426
1245,36016,Besbes,البسباس,Besbes,البسباس,36,36.6387,7.847
1246,36017,Asfour,عصفور,Besbes,البسباس,36,36.6122,7.9761
1247,36018,Echatt,الشط,Ben M'hidi,بن مهيدي,36,36.7664,7.8745
1248,36019,Zerizer,زريزر,Besbes,البسباس,36,36.6651,7.8937
1249,36020,Zitouna,الزيتونة,El Tarf,الطارف,36,36.6056,8.2343
1250,36021,Ain Kerma,عين الكرمة,Bouhadjar,بوحجار,36,36.5306,8.2013
1251,36022,Oued Zitoun,وادى الزيتون,Bouhadjar,بوحجار,36,36.4025,8.0585
1252,36023,Hammam Beni Salah,حمام بنى صالح,Bouhadjar,بوحجار,36,36.4577,8.0338
1253,36024,Raml Souk,رمل سوق,El Kala,القالة,36,36.7224,8.5364
1254,37001,Tindouf,تندوف,Tindouf,تندوف,37,27.5972,-8.1491
1255,37002,Oum El Assel,أم العسل,Tindouf,تندوف,37,28.2983,-6.5341
1256,38001,Tissemsilt,تـيـسـمـسـيـلـت,Tissemsilt,تيسمسيلت,38,35.5445,1.8127
1257,38002,Bordj Bou Naama,برج بونعامة,Bordj Bounaama,برج بونعامة,38,35.7855,1.6177
1258,38003,Theniet El Had,ثنية الاحد,Theniet El Had,ثنية الاحد,38,35.8078,2.0297
1259,38004,Lazharia,الازھرية,Lazharia,الأزهرية,38,35.8746,1.5601
1260,38005,Beni Chaib,بنى شعيب,Bordj Bounaama,برج بونعامة,38,35.7565,1.799
1261,38006,Lardjem,لارجم,Lardjem,لرجام,38,35.6852,1.5491
1262,38007,Melaab,ملعب,Lardjem,لرجام,38,35.6517,1.3321
1263,38008,Sidi Lantri,سيدي العنترى,Lardjem,لرجام,38,35.6383,1.4035
1264,38009,Bordj El Emir Abdelkader,برج الامير عبد القادر,Bordj Emir Abdelkader,برج الأمير عبد القادر,38,35.8523,2.2714
1265,38010,Layoune,العيون,Khemisti,خميستي,38,35.6316,1.9995
1266,38011,Khemisti,خميستى,Khemisti,خميستي,38,35.6026,1.9501
1267,38012,Ouled Bessem,أولاد بسام,Tissemsilt,تيسمسيلت,38,35.6227,1.8649
1268,38013,Ammari,عمارى,Ammari,عماري,38,35.5132,1.6617
1269,38014,Youssoufia,اليوسفية,Bordj Emir Abdelkader,برج الأمير عبد القادر,38,35.8857,2.1121
1270,38015,Sidi Boutouchent,سيدي بوتوشنت,Theniet El Had,ثنية الاحد,38,35.761,1.9501
1271,38016,Larbaa,الاربعاء,Lazharia,الأزهرية,38,35.8501,1.4749
1272,38017,Maasem,المعاصم,Ammari,عماري,38,35.5959,1.5546
1273,38018,Sidi Abed,سيدي عابد,Ammari,عماري,38,35.6807,1.7056
1274,38019,Tamalaht,تاملاحت,Lardjem,لرجام,38,35.7499,1.6232
1275,38020,Sidi Slimane,سيدي سليمان,Bordj Bounaama,برج بونعامة,38,35.7967,1.6809
1276,38021,Boucaid,بوقايد,Lazharia,الأزهرية,38,35.8278,1.6205
1277,38022,Beni Lahcene,بنى لحسن,Bordj Bounaama,برج بونعامة,38,35.7499,1.6891
1278,39001,El Oued,الوادي,El Oued,الوادي,39,33.3018,6.8665
1279,39002,Robbah,رباح,Robbah,الرباح,39,33.2146,6.9104
1280,39003,Oued El Alenda,وادى العلندة,Mih Ouensa,اميه وانسة,39,33.164,6.7566
1281,39004,Bayadha,البياضة,Bayadha,البياضة,39,33.2697,6.9159
1282,39005,Nakhla,النخلة,Robbah,الرباح,39,33.2123,6.9516
1283,39006,Guemar,ڨمار,Guemar,قمار,39,33.428,6.7978
1284,39007,Kouinine,كوينين,El Oued,الوادي,39,33.3386,6.8253
1285,39008,Reguiba,الرڨيبة,Reguiba,الرقيبة,39,33.499,6.7126
1286,39009,Hamraia,الحمراية,Reguiba,الرقيبة,39,34.047,6.2292
1287,39010,Taghzout,تغزوت,Guemar,قمار,39,33.4097,6.795
1288,39011,Debila,الدبيلة,Debila,الدبيلة,39,33.4418,6.9379
1289,39012,Hassani Abdelkrim,بلدية حساني عبد الكريم,Debila,الدبيلة,39,33.412,6.8939
1290,39013,Hassi Khelifa,حاسى خليفة,Hassi Khalifa,حاسي خليفة,39,33.5357,7.0285
1291,39014,Taleb Larbi,طالب العربي,Taleb Larbi,الطالب العربي,39,33.6615,7.5174
1292,39015,Douar El Ma,دوار الماء,Taleb Larbi,الطالب العربي,39,33.1962,7.3746
1293,39016,Sidi Aoun,سيدي عون,Magrane,المقرن,39,33.4761,6.9022
1294,39017,Trifaoui,تريفاوى,Hassi Khalifa,حاسي خليفة,39,33.3569,6.9351
1295,39018,Magrane,المڨرن,Magrane,المقرن,39,33.5174,6.9489
1296,39019,Beni Guecha,بن ڨشة,Taleb Larbi,الطالب العربي,39,33.9331,7.3361
1297,39020,Ourmas,أورماس,Guemar,قمار,39,33.3477,6.7813
1298,57021,Still,سطيل,El Meghaier,المغير,57,34.1948,5.9134
1299,39022,Mrara,مرارة,Djamaa,جامعة,57,33.5883,5.2872
1300,39023,Sidi Khellil,سيدي خليل,El Meghaier,المغير,57,33.7734,5.9601
1301,57024,Tendla,تندلة,Djamaa,جامعة,57,33.6112,6.0342
1302,39025,El Ogla,العقلة,Robbah,الرباح,39,33.1801,6.9461
1303,39026,Mih Ouansa,مية ونسة,Mih Ouensa,اميه وانسة,39,33.1318,6.7044
1304,39027,El Mghair,المغير,El Meghaier,المغير,57,33.8852,5.9244
1305,57028,Djamaa,جامعة,Djamaa,جامعة,57,33.467,5.9903
1306,57029,Oum Touyour,أم الطيور,El Meghaier,المغير,57,34.0879,5.8337
1307,57030,Sidi Amrane,سيدي عمران,Djamaa,جامعة,57,33.4303,6.0123
1308,40001,Khenchela,خنشلة,Khenchela,خنشلة,40,35.3678,7.1439
1309,40002,Mtoussa,متوسة,Ain Touila,عين الطويلة,40,35.5356,7.2455
1310,40003,Kais,قايس,Kais,قايس,40,35.4305,6.9241
1311,40004,Baghai,بغاي,El Hamma,الحامة,40,35.4573,7.1136
1312,40005,El Hamma,الحامة,El Hamma,الحامة,40,35.3991,7.0834
1313,40006,Ain Touila,عين الطويلة,Ain Touila,عين الطويلة,40,35.3723,7.3526
1314,40007,Taouzianat,تاوزيانت,Kais,قايس,40,35.4506,6.7538
1315,40008,Bouhmama,بوحمامة,Bouhmama,بوحمامة,40,35.2557,6.7456
1316,40009,El Oueldja,الولجة,Chechar,ششار,40,34.851,6.6797
1317,40010,Remila,الرميلة,Kais,قايس,40,35.5065,6.9351
1318,40011,Cherchar,ششار,Chechar,ششار,40,34.9749,7.0038
1319,40012,Djellal,جلال,Chechar,ششار,40,34.8533,6.8994
1320,40013,Babar,بابار,Babar,بابار,40,35.1053,7.0999
1321,40014,Tamza,تامزة,El Hamma,الحامة,40,35.2535,6.8335
1322,40015,Ensigha,انسيغة,El Hamma,الحامة,40,35.3342,7.1439
1323,40016,Ouled Rechache,أولاد رشاش,Ouled Rechache,أولاد رشاش,40,35.2333,7.3526
1324,40017,El Mahmal,المحمل,Ouled Rechache,أولاد رشاش,40,35.3095,7.2125
1325,40018,Msara,أمصارة,Bouhmama,بوحمامة,40,35.1749,6.5726
1326,40019,Yabous,يابوس,Bouhmama,بوحمامة,40,35.3454,6.6412
1327,40020,Khirane,خيران,Chechar,ششار,40,34.9344,6.7593
1328,40021,Chelia,شلية,Bouhmama,بوحمامة,40,35.3006,6.7786
1329,41001,Souk Ahras,سوق أهراس,Souk Ahras,سوق أهراس,41,36.2232,7.9541
1330,41002,Sedrata,سدراتة,Sedrata,سدراتة,41,36.0658,7.5311
1331,41003,Hanancha,الحنانشة,Mechroha,المشروحة,41,36.1545,7.8333
1332,41004,Mechroha,المشروحة,Mechroha,المشروحة,41,36.2941,7.836
1333,41005,Ouled Driss,أولاد ادريس,Ouled Driss,أولاد إدريس,41,36.2875,8.0173
1334,41006,Tiffech,تيفاش,M'daourouche,مداوروش,41,36.0924,7.6987
1335,41007,Zaarouria,الزعرورية,Taoura,تاورة,41,36.1634,7.9568
1336,41008,Taoura,تاورة,Taoura,تاورة,41,36.1057,8.042
1337,41009,Drea,الدريعة,Taoura,تاورة,41,36.0524,7.8827
1338,41010,Haddada,الحدادة,Haddada,الحدادة,41,36.1678,8.3386
1339,41011,Khedara,لخضارة,Haddada,الحدادة,41,36.221,8.3167
1340,41012,Merahna,المراهنة,Merahna,المراهنة,41,36.1345,8.1738
1341,41013,Ouled Moumen,أولاد مؤمن,Haddada,الحدادة,41,36.3472,8.399
1342,41014,Bir Bouhouche,بئر بوحوش,Bir Bouhouche,بئر بوحوش,41,35.9858,7.468
1343,41015,Mdaourouche,مداوروش,M'daourouche,مداوروش,41,36.0124,7.8195
1344,41016,Oum El Adhaim,أم العظائم,Oum El Adhaim,أم العظايم,41,35.9702,7.6025
1345,41017,Ain Zana,عين الزانة,Ouled Driss,أولاد إدريس,41,36.3384,8.1903
1346,41018,Ain Soltane,عين السلطان,Sedrata,سدراتة,41,36.1146,7.3691
1347,41019,Quillen,ويلان,Merahna,المراهنة,41,36.2653,8.1216
1348,41020,Sidi Fredj,سيدي فرج,Merahna,المراهنة,41,36.0902,8.1958
1349,41021,Safel El Ouiden,سافل الويدان,Bir Bouhouche,بئر بوحوش,41,35.9213,7.4625
1350,41022,Ragouba,الرقوبة,M'daourouche,مداوروش,41,36.0191,7.7179
1351,41023,Khemissa,خميسة,Sedrata,سدراتة,41,36.1257,7.6602
1352,41024,Oued Keberit,وادى الكبريت,Oum El Adhaim,أم العظايم,41,35.8701,7.9156
1353,41025,Terraguelt,ترقالت,Oum El Adhaim,أم العظايم,41,35.839,7.5613
1354,41026,Zouabi,الزوابى,Bir Bouhouche,بئر بوحوش,41,36.0524,7.4432
1355,42001,Tipaza,تيبازة,Tipaza,تيبازة,42,36.5284,2.45
1356,42002,Menaceur,مناصر,Sidi Amar,سيدي أعمر,42,36.4312,2.2412
1357,42003,Larhat,الأرهاط,Damous,الداموس,42,36.4953,1.8018
1358,42004,Douaouda,دواودة,Fouka,فوكة,42,36.6034,2.7823
1359,42005,Bourkika,بورقيقة,Ahmar El Ain,أحمر العين,42,36.4312,2.4747
1360,42006,Khemisti,خميستي,Bou Ismail,بواسماعيل,42,36.5637,2.6807
1361,42010,Aghbal,أغبال,Gouraya,قوراية,42,36.429,1.8402
1362,42012,Hadjout,حجوط,Hadjout,حجوط,42,36.4489,2.4142
1363,42013,Sidi Amar,سيدي عمر,Sidi Amar,سيدي أعمر,42,36.4798,2.3071
1364,42014,Gouraya,ڨوراية,Gouraya,قوراية,42,36.5041,1.9061
1365,42015,Nodor,الناظور,Sidi Amar,سيدي أعمر,42,36.5063,2.3923
1366,42016,Chaiba,الشعيبة,Kolea,القليعة,42,36.5615,2.7301
1367,42017,Ain Tagourait,عين تڨورايت,Bou Ismail,بواسماعيل,42,36.5416,2.6093
1368,42022,Cherchel,شرشال,Cherchell,شرشال,42,36.5461,2.1973
1369,42023,Damous,الداموس,Damous,الداموس,42,36.4865,1.7056
1370,42024,Meurad,مراد,Hadjout,حجوط,42,36.4135,2.428
1371,42025,Fouka,فوكة,Fouka,فوكة,42,36.6034,2.7493
1372,42026,Bou Ismail,بو اسماعيل,Bou Ismail,بواسماعيل,42,36.5791,2.6889
1373,42027,Ahmer El Ain,أحمر العين,Ahmar El Ain,أحمر العين,42,36.4158,2.5626
1374,42030,Bou Haroun,بوهارون,Bou Ismail,بواسماعيل,42,36.5615,2.6559
1375,42032,Sidi Ghiles,سيدي غيلاس,Cherchell,شرشال,42,36.5196,2.1231
1376,42033,Messelmoun,مسلمون,Gouraya,قوراية,42,36.4997,2.0023
1377,42034,Sidi Rached,سيدي راشد,Ahmar El Ain,أحمر العين,42,36.4997,2.5323
1378,42035,Kolea,القليعة,Kolea,القليعة,42,36.5769,2.7658
1379,42036,Attatba,الحطاطبة,Kolea,القليعة,42,36.5107,2.6752
1380,42040,Sidi Semiane,سيدي سميان,Cherchell,شرشال,42,36.4401,2.0984
1381,42041,Beni Milleuk,بني ميلك,Damous,الداموس,42,36.3538,1.7496
1382,42042,Hadjerat Ennous,حجرة النص,Cherchell,شرشال,42,36.5107,2.0517
1383,43001,Mila,ميلة,Mila,ميلة,43,36.387,6.2677
1384,43002,Ferdjioua,فرجيوة,Ferdjioua,فرجيوة,43,36.345,5.9464
1385,43003,Chelghoum Laid,شلغوم العيد,Chelghoum Laid,شلغوم العيد,43,36.1035,6.1661
1386,43004,Oued Athmenia,وادي العثمانية,Chelghoum Laid,شلغوم العيد,43,36.1856,6.2869
1387,43005,Ain Mellouk,عين ملوك,Chelghoum Laid,شلغوم العيد,43,36.2121,6.1771
1388,43006,Telerghma,تلاغمة,Teleghma,التلاغمة,43,36.0524,6.3638
1389,43007,Oued Seguen,وادى سقان,Teleghma,التلاغمة,43,36.1079,6.4188
1390,43008,Tadjenanet,تاجنانت,Tadjenanet,تاجنانت,43,36.0524,6.0013
1391,43009,Benyahia Abderrahmane,بن يحيى عبد الرحمان,Tadjenanet,تاجنانت,43,36.17,6.0123
1392,43010,Oued Endja,وادى النجاء,Oued Endja,وادي النجاء,43,36.3671,6.1221
1393,43011,Ahmed Rachedi,أحمد راشدي,Oued Endja,وادي النجاء,43,36.3273,6.1249
1394,43012,Ouled Khalouf,أولاد خلوف,Tadjenanet,تاجنانت,43,35.9947,6.1386
1395,43013,Tiberguent,تيبرقنت,Rouached,الرواشد,43,36.3472,6.0397
1396,43014,Bouhatem,بوحاتم,Bouhatem,بوحاتم,43,36.241,6.015
1397,43015,Rouached,رواشد,Rouached,الرواشد,43,36.2121,6.2677
1398,43016,Tessala Lamatai,تسالة لمطاي,Terrai Bainen,ترعي باينان,43,36.2786,5.5893
1399,43017,Grarem Gouga,القرارم قوقة,Grarem Gouga,القرارم قوقة,43,36.4533,6.3336
1400,43018,Sidi Merouane,سيدي مروان,Sidi Merouane,سيدي مروان,43,36.4577,6.2622
1401,43019,Tassadane Haddada,تسدان حدادة,Tassadane Haddada,تسدان حدادة,43,36.345,5.9464
1402,43020,Derradji Bousselah,دراحي بوصلاح,Bouhatem,بوحاتم,43,36.2764,5.9573
1403,43021,Minar Zarza,مينار زرزة,Tassadane Haddada,تسدان حدادة,43,36.2542,5.5399
1404,43022,Amira Arras,عميرة أراس,Terrai Bainen,ترعي باينان,43,36.2587,6.3968
1405,43023,Terrai Bainen,ترعى بينان,Terrai Bainen,ترعي باينان,43,36.4688,6.1221
1406,43024,Hamala,حمالة,Grarem Gouga,القرارم قوقة,43,36.5085,6.3391
1407,43025,Ain Tine,عين التين,Mila,ميلة,43,36.3339,6.3254
1408,43026,El Mechira,المشيرة,Teleghma,التلاغمة,43,35.948,6.232
1409,43027,Sidi Khelifa,سيدي خليفة,Mila,ميلة,43,36.2875,6.3007
1410,43028,Zeghaia,زغاية,Oued Endja,وادي النجاء,43,36.4047,6.1716
1411,43029,Elayadi Barbes,العياضى برباس,Ain Beida Harriche,عين البيضاء أحريش,43,36.3782,5.8804
1412,43030,Ain Beida Harriche,عين البيضاء حريش,Ain Beida Harriche,عين البيضاء أحريش,43,36.3361,5.8997
1413,43031,Yahia Beniguecha,يحيى بنى قشة,Ferdjioua,فرجيوة,43,36.1722,5.592
1414,43032,Chigara,الشيقارة,Sidi Merouane,سيدي مروان,43,36.4975,6.221
1415,44001,Ain Defla,عين دفلة - عين الدفلى,Ain Defla,عين الدفلى,44,36.2,1.9693
1416,44002,Miliana,مليانة,Miliana,مليانة,44,36.2266,2.211
1417,44003,Boumedfaa,بومدفع,Boumedfaa,بومدفع,44,36.3063,2.4774
1418,44004,Khemis Miliana,خميس مليانة,Khemis,خميس,44,36.1955,2.2
1419,44005,Hammam Righa,حمام ريغة,Hammam Righa,حمام ريغة,44,36.3196,2.4005
1420,44006,Arib,عريب,El Amra,العامرة,44,36.2199,2.0654
1421,44007,Djelida,جليدة,Djelida,جليدة,44,36.1357,2.0847
1422,44008,El Amra,العامرة,El Amra,العامرة,44,36.2398,1.8457
1423,44009,Bourached,بوراشد,Djelida,جليدة,44,36.1046,1.9281
1424,44010,El Attaf,العطاف,El Attaf,العطاف,44,36.1578,1.6699
1425,44011,El Abadia,العبادية,El Abadia,العبادية,44,36.2044,1.6837
1426,44012,Djendel,جندل,Djendel,جندل,44,36.1534,2.4088
1427,44013,Oued Chorfa,وادى الشرفاء,Djendel,جندل,44,36.1357,2.5159
1428,44014,Ain Lechiakh,عين االشياخ,Ain Lechiakh,عين الاشياخ,44,36.0935,2.4033
1429,44015,Oued Djemaa,وادى جمعة,Ain Lechiakh,عين الاشياخ,44,35.7354,0.6839
1430,44016,Rouina,روينة,Rouina,الروينة,44,36.1867,1.8155
1431,44017,Zeddine,زدين,Rouina,الروينة,44,36.1024,1.8512
1432,44018,El Hassania,الحسنية,Bathia,بطحية,44,35.8824,1.9171
1433,44019,Bir Ouled Khelifa,بئر ولد خليفة,Bordj El Emir Khaled,برج الأمير خالد,44,36.1179,2.233
1434,44020,Ain Soltane,عين السلطان,Ain Lechiakh,عين الاشياخ,44,36.1822,2.2961
1435,44021,Tarik Ibn Ziad,طارق بن زياد,Bordj El Emir Khaled,برج الأمير خالد,44,35.9358,2.1506
1436,44022,Bordj Emir Khaled,برج الأمير خالد,Bordj El Emir Khaled,برج الأمير خالد,44,36.058,2.2055
1437,44023,Ain Torki,عين التركى,Hammam Righa,حمام ريغة,44,36.2686,2.3016
1438,44024,Sidi Lakhdar,سيدي لخضر,Khemis,خميس,44,36.2022,2.1616
1439,44025,Ben Allal,بن علال,Miliana,مليانة,44,36.2465,2.1588
1440,44026,Ain Benian,عين البنيان,Hammam Righa,حمام ريغة,44,36.291,2.472
1441,44027,Hoceinia,حسينية,Boumedfaa,بومدفع,44,36.2531,2.4005
1442,44028,Barbouche,بربوش,Djendel,جندل,44,36.0358,2.4829
1443,44029,Djemaa Ouled Chikh,جمعة أولاد الشيخ,Djelida,جليدة,44,36.0136,2.005
1444,44030,Mekhatria,المخاطرية,El Amra,العامرة,44,36.2376,1.9611
1445,44031,Bathia,بطحية,Bathia,بطحية,44,35.8512,1.8402
1446,44032,Tachta Zegagha,تاشتة زقاغة,El Abadia,العبادية,44,36.2863,1.6507
1447,44033,Ain Bouyahia,عين بويحى,El Abadia,العبادية,44,36.2199,1.7661
1448,44034,El Maine,الماين,Rouina,الروينة,44,35.9869,1.7578
1449,44035,Tiberkanine,تبركانين,El Attaf,العطاف,44,36.1024,1.6342
1450,44036,Belaas,بالعاص,Bathia,بطحية,44,35.918,1.8512
1451,45001,Naama,النــعـامـة,Naama,النعامة,45,33.195,-0.3131
1452,45002,Mechria,مشرية,Mecheria,المشرية,45,33.4841,-0.2829
1453,45003,Ain Sefra,عين الصفراء,Ain Sefra,عين الصفراء,45,32.6879,-0.585
1454,45004,Tiout,تيوت,Ain Sefra,عين الصفراء,45,32.7041,-0.4202
1455,45005,Sfissifa,صفيصيفة,Sfissifa,سفيسيفة,45,32.6648,-0.8679
1456,45006,Moghrar,مغرار,Moghrar,مغرار,45,32.4495,-0.5795
1457,45007,Assela,عسلة,Asla,عسلة,45,32.9372,-0.0769
1458,45008,Djeniane Bourzeg,جنين بورزق,Moghrar,مغرار,45,32.3057,-0.8047
1459,45009,Ain Ben Khelil,عين بن خليل,Mecheria,المشرية,45,33.2226,-0.7635
1460,45010,Makman Ben Amer,مكمن بن عمر,Mekmen Ben Amar,مكمن بن عمار,45,33.6512,-0.7278
1461,45011,Kasdir,قصدير,Mekmen Ben Amar,مكمن بن عمار,45,33.6443,-1.3596
1462,45012,El Biod,البيوض,Mecheria,المشرية,45,33.6969,-0.1346
1463,46001,Ain Temouchent,عـيـن تـمـوشـنـت,Ain Temouchent,عين تموشنت,46,35.2254,-1.1398
1464,46002,Chaabet El Ham,شعبة اللحم,El Maleh,المالح,46,35.2703,-1.1014
1465,46003,Ain Kihal,عين الكيحل,Ain Kihel,عين الكيحل,46,35.1401,-1.1948
1466,46004,Hammam Bouhadjar,حمام بو حجر,Hammam Bou Hadjar,حمام بوحجر,46,35.3151,-0.9695
1467,46005,Bou Zedjar,بوزجار,El Amria,العامرية,46,35.5099,-1.1673
1468,46006,Oued Berkeche,وادى برقش,Hammam Bou Hadjar,حمام بوحجر,46,35.1581,-0.9833
1469,46007,Aghlal,أغلال,Ain Kihel,عين الكيحل,46,35.1356,-1.0684
1470,46008,Terga,تارقة,El Maleh,المالح,46,35.3532,-1.1783
1471,46009,Ain El Arbaa,عين الاربعاء,Ain Larbaa,عين الأربعاء,46,35.342,-0.8817
1472,46010,Tamzoura,تامزوغة,Ain Larbaa,عين الأربعاء,46,35.3443,-0.6564
1473,46011,Chentouf,شنتوف,Hammam Bou Hadjar,حمام بوحجر,46,35.2389,-1.03
1474,46012,Sidi Ben Adda,سيدي بن عدة,Ain Temouchent,عين تموشنت,46,35.2411,-1.181
1475,46013,Aoubellil,عقب الليل,Ain Kihel,عين الكيحل,46,35.0705,-0.9915
1476,46014,El Malah,المالح,El Maleh,المالح,46,35.3286,-1.0931
1477,46015,Sidi Boumediene,سيدي بومدين,Ain Larbaa,عين الأربعاء,46,35.2882,-0.8926
1478,46016,Oued Sabah,وادى الصباح,Ain Larbaa,عين الأربعاء,46,35.3084,-0.8102
1479,46017,Ouled Boudjemaa,أولاد بوجمعة,El Amria,العامرية,46,35.4092,-1.192
1480,46018,Ain Tolba,عين الطلبة,Ain Kihel,عين الكيحل,46,35.1828,-1.2497
1481,46019,El Amria,العامرية,El Amria,العامرية,46,35.4607,-1.0162
1482,46020,Hassi El Ghella,حاسى الغلة,El Amria,العامرية,46,35.389,-1.0519
1483,46021,Hassasna,الحساسنة,Hammam Bou Hadjar,حمام بوحجر,46,35.2075,-0.986
1484,46022,Ouled Kihal,أولاد الكيحل,El Maleh,المالح,46,35.3039,-1.236
1485,46023,Beni Saf,بني صاف,Beni Saf,بني صاف,46,35.2366,-1.3843
1486,46024,Sidi Safi,سيدي الصافي,Beni Saf,بني صاف,46,35.2165,-1.3129
1487,46025,Oulhaca El Gheraba,ولهاصة الغرابة,Oulhassa Gheraba,ولهاصة الغرابة,46,35.1671,-1.5051
1488,46026,Sidi Ouriache,سيدي وريلش,Oulhassa Gheraba,ولهاصة الغرابة,46,35.1244,-1.5051
1489,46027,El Emir Abdelkader,الأمير عبد القادر,Beni Saf,بني صاف,46,35.1603,-1.4035
1490,46028,El Messaid,المساعيد,El Amria,العامرية,46,35.4763,-1.1234
1491,47001,Ghardaia,غرداية,Ghardaia,غرداية,47,32.4171,3.6832
1492,47002,El Meniaa,المنيعة,El Menia,المنيعة,58,30.5197,2.8812
1493,47003,Dhayet Bendhahoua,ضاية بن ضحوة,Dhayet Ben Dhahoua,ضاية بن ضحوة,47,32.4704,3.6063
1494,47004,Berriane,بريان,Berriane,بريان,47,32.7919,3.7628
1495,47005,Metlili,متليلي الشعانبة,Metlili,متليلي,47,32.2058,3.6282
1496,47006,El Guerrara,الڨرارة,El Guerrara,القرارة,47,32.7226,4.4934
1497,47007,El Atteuf,العطف,Bounoura,بونورة,47,32.4101,3.7491
1498,47008,Zelfana,زلفانة,Zelfana,زلفانة,47,32.612,3.312
1499,47009,Sebseb,سبسب,Metlili,متليلي,47,32.0965,3.5898
1500,47010,Bounoura,بونورة,Bounoura,بونورة,47,32.4194,3.7079
1501,58011,Hassi Fehal,حاسي الفحل,Mansourah,المنصورة,58,31.5364,3.6749
1502,58012,Hassi Gara,حاسي قارة,El Menia,المنيعة,58,30.4842,2.9141
1503,47013,Mansoura,منصورة,Mansourah,المنصورة,47,31.9125,3.7463
1504,48001,Relizane,غيليزان,Relizane,غليزان,48,35.6696,0.5493
1505,48002,Oued Rhiou,وادي رهيو,Oued Rhiou,وادي رهيو,48,35.9035,0.9174
1506,48003,Belaassel Bouzegza,بلعسل بوزقزة,El Matmar,المطمر,48,35.7766,0.4999
1507,48004,Sidi Saada,سيدي سعادة,Yellel,يلل,48,35.6227,0.206
1508,48005,Ouled Aiche,أولاد يعيش,Ammi Moussa,عمي موسى,48,35.7788,0.9998
1509,48006,Sidi Lazreg,سيدي لزرق,Mendes,منداس,48,35.5803,0.7745
1510,48007,El Hamadna,الحمادنة,El H'madna,الحمادنة,48,35.8367,0.7498
1511,48008,Sidi Mhamed Ben Ali,سيدي امحمد بن علي,Sidi M'hamed Ben Ali,سيدي أمحمد بن علي,48,36.0791,0.8432
1512,48009,Mediouna,مديونة,Sidi M'hamed Ben Ali,سيدي أمحمد بن علي,48,36.0524,0.7498
1513,48010,Sidi Khettab,سيدي خطاب,El Matmar,المطمر,48,35.8479,0.5109
1514,48011,Ammi Moussa,عمي موسى,Ammi Moussa,عمي موسى,48,35.8033,1.1179
1515,48012,Zemmoura,زمورة,Zemmoura,زمورة,48,35.6539,0.7498
1516,48013,Beni Dergoun,بني درقن,Zemmoura,زمورة,48,35.7164,0.7993
1517,48014,Djidiouia,جيديوة,Djidiouia,جديوية,48,35.8657,0.8295
1518,48015,El Guettar,القطارة,Mazouna,مازونة,48,36.0236,0.8157
1519,48016,Hamri,الحمري,Djidiouia,جديوية,48,36.042,-0.379
1520,48017,El Matmar,المطمار,El Matmar,المطمر,48,35.6673,0.4614
1521,48018,Sidi Mhamed Ben Aouda,سيدي بن عودة,El Matmar,المطمر,48,35.54,0.5878
1522,48019,Ain Tarek,عين طارق,Ain Tarek,عين طارق,48,35.7164,1.1316
1523,48020,Oued Essalem,وادي السلام,Mendes,منداس,48,35.5155,0.9256
1524,48021,Ouarizane,ﻭﺍﺭﻳﺯﺍﻥ,Oued Rhiou,وادي رهيو,48,35.9813,0.8981
1525,48022,Mazouna,مازونة,Mazouna,مازونة,48,36.0635,0.8762
1526,48023,Kalaa,قلعة,Yellel,يلل,48,35.5177,0.3296
1527,48024,Ain Rahma,عين الرحمة,Yellel,يلل,48,35.5602,0.3928
1528,48025,Yellel,يلل,Yellel,يلل,48,35.6584,0.3543
1529,48026,Oued El Djemaa,وادى الجمعة,El H'madna,الحمادنة,48,35.7343,0.6812
1530,48027,Ramka,رمكة,Ramka,الرمكة,48,35.7922,1.3321
1531,48028,Mendes,مندس,Mendes,منداس,48,35.587,0.8624
1532,48029,Lahlef,لحلاف,Oued Rhiou,وادي رهيو,48,35.8301,0.9805
1533,48030,Beni Zentis,بني زنتيس,Sidi M'hamed Ben Ali,سيدي أمحمد بن علي,48,36.048,0.6647
1534,48031,Souk El Haad,سوق الحد,Ramka,الرمكة,48,35.8924,1.2469
1535,48032,Dar Ben Abdellah,دار بن عبد الله,Zemmoura,زمورة,48,35.6383,0.6866
1536,48033,El Hassi,الحاسى,Ammi Moussa,عمي موسى,48,35.7075,1.0547
1537,48034,Had Echkalla,حد الشقالة,Ain Tarek,عين طارق,48,35.616,1.1481
1538,48035,Bendaoud,بن داود,Relizane,غليزان,48,35.6562,0.5191
1539,48036,El Ouldja,العلجة,Ammi Moussa,عمي موسى,48,35.8479,1.1206
1540,48037,Merdja Sidi Abed,مرجة سيدي عابد,Oued Rhiou,وادي رهيو,48,36.013883,0.989746
1541,48038,Ouled Sidi Mihoub,أولاد سيدي ميهوب,Djidiouia,جديوية,48,35.9752,0.6916
